month,country,net_flow_musd,table
2023-02,All Countries,133791,slt1_for_lt_total_net
2023-02,All Countries,1307,slt2_us_lt_total_net
2023-02,Anguilla,2364,slt1_for_lt_total_net
2023-02,Argentina,202,slt1_for_lt_total_net
2023-02,Argentina,-55,slt2_us_lt_total_net
2023-02,Aruba,1,slt1_for_lt_total_net
2023-02,Aruba,3,slt2_us_lt_total_net
2023-02,Australia,-1542,slt1_for_lt_total_net
2023-02,Australia,-1665,slt2_us_lt_total_net
2023-02,Austria,-148,slt1_for_lt_total_net
2023-02,Austria,320,slt2_us_lt_total_net
2023-02,Bahamas,203,slt1_for_lt_total_net
2023-02,Bahamas,-44,slt2_us_lt_total_net
2023-02,Barbados,110,slt1_for_lt_total_net
2023-02,Barbados,-31,slt2_us_lt_total_net
2023-02,Belgium,2582,slt1_for_lt_total_net
2023-02,Belgium,-78,slt2_us_lt_total_net
2023-02,Bermuda,-1718,slt1_for_lt_total_net
2023-02,Bermuda,80,slt2_us_lt_total_net
2023-02,Brazil,3395,slt1_for_lt_total_net
2023-02,Brazil,1343,slt2_us_lt_total_net
2023-02,British Virgin Islands,5834,slt1_for_lt_total_net
2023-02,British Virgin Islands,187,slt2_us_lt_total_net
2023-02,Bulgaria,26,slt1_for_lt_total_net
2023-02,Bulgaria,-15,slt2_us_lt_total_net
2023-02,Canada,4893,slt1_for_lt_total_net
2023-02,Canada,3055,slt2_us_lt_total_net
2023-02,Cayman Islands,8775,slt1_for_lt_total_net
2023-02,Cayman Islands,6353,slt2_us_lt_total_net
2023-02,Chile,1145,slt1_for_lt_total_net
2023-02,Chile,-471,slt2_us_lt_total_net
2023-02,"China, Mainland",4021,slt1_for_lt_total_net
2023-02,"China, Mainland",1624,slt2_us_lt_total_net
2023-02,Colombia,-537,slt1_for_lt_total_net
2023-02,Colombia,152,slt2_us_lt_total_net
2023-02,Costa Rica,74,slt1_for_lt_total_net
2023-02,Costa Rica,-33,slt2_us_lt_total_net
2023-02,Cuba,1,slt1_for_lt_total_net
2023-02,Cuba,0,slt2_us_lt_total_net
2023-02,Curacao,63,slt1_for_lt_total_net
2023-02,Curacao,26,slt2_us_lt_total_net
2023-02,Cyprus,54,slt1_for_lt_total_net
2023-02,Cyprus,33,slt2_us_lt_total_net
2023-02,Czech Republic,-204,slt1_for_lt_total_net
2023-02,Czech Republic,-50,slt2_us_lt_total_net
2023-02,Denmark,-172,slt1_for_lt_total_net
2023-02,Denmark,273,slt2_us_lt_total_net
2023-02,Ecuador,6,slt1_for_lt_total_net
2023-02,Ecuador,-39,slt2_us_lt_total_net
2023-02,Egypt,-1321,slt1_for_lt_total_net
2023-02,Egypt,44,slt2_us_lt_total_net
2023-02,Finland,478,slt1_for_lt_total_net
2023-02,Finland,-173,slt2_us_lt_total_net
2023-02,France,-14360,slt1_for_lt_total_net
2023-02,France,1332,slt2_us_lt_total_net
2023-02,Germany,3100,slt1_for_lt_total_net
2023-02,Germany,-2635,slt2_us_lt_total_net
2023-02,Grand Total,135320,slt1_for_lt_total_net
2023-02,Grand Total,5889,slt2_us_lt_total_net
2023-02,Greece,304,slt1_for_lt_total_net
2023-02,Greece,83,slt2_us_lt_total_net
2023-02,Guatemala,88,slt1_for_lt_total_net
2023-02,Guatemala,-12,slt2_us_lt_total_net
2023-02,Guernsey,56,slt1_for_lt_total_net
2023-02,Guernsey,21,slt2_us_lt_total_net
2023-02,Hong Kong,-5330,slt1_for_lt_total_net
2023-02,Hong Kong,-965,slt2_us_lt_total_net
2023-02,Hungary,-62,slt1_for_lt_total_net
2023-02,Hungary,-86,slt2_us_lt_total_net
2023-02,India,1854,slt1_for_lt_total_net
2023-02,India,-1156,slt2_us_lt_total_net
2023-02,Indonesia,-622,slt1_for_lt_total_net
2023-02,Indonesia,250,slt2_us_lt_total_net
2023-02,International,-433,slt1_for_lt_total_net
2023-02,International,4054,slt2_us_lt_total_net
2023-02,Ireland,2565,slt1_for_lt_total_net
2023-02,Ireland,131,slt2_us_lt_total_net
2023-02,Israel,-2990,slt1_for_lt_total_net
2023-02,Israel,329,slt2_us_lt_total_net
2023-02,Italy,-745,slt1_for_lt_total_net
2023-02,Italy,324,slt2_us_lt_total_net
2023-02,Jamaica,10,slt1_for_lt_total_net
2023-02,Jamaica,6,slt2_us_lt_total_net
2023-02,Japan,4234,slt1_for_lt_total_net
2023-02,Japan,-5855,slt2_us_lt_total_net
2023-02,Jersey,131,slt1_for_lt_total_net
2023-02,Jersey,975,slt2_us_lt_total_net
2023-02,Kazakhstan,257,slt1_for_lt_total_net
2023-02,Kazakhstan,-22,slt2_us_lt_total_net
2023-02,"Korea, South",10617,slt1_for_lt_total_net
2023-02,"Korea, South",-232,slt2_us_lt_total_net
2023-02,Kuwait,1768,slt1_for_lt_total_net
2023-02,Kuwait,-25,slt2_us_lt_total_net
2023-02,Lebanon,11,slt1_for_lt_total_net
2023-02,Lebanon,1,slt2_us_lt_total_net
2023-02,Liberia,4,slt1_for_lt_total_net
2023-02,Liberia,605,slt2_us_lt_total_net
2023-02,Luxembourg,16352,slt1_for_lt_total_net
2023-02,Luxembourg,650,slt2_us_lt_total_net
2023-02,Malaysia,6467,slt1_for_lt_total_net
2023-02,Malaysia,269,slt2_us_lt_total_net
2023-02,Mauritius,-39,slt1_for_lt_total_net
2023-02,Mauritius,-128,slt2_us_lt_total_net
2023-02,Memo: Euro Area,19574,slt1_for_lt_total_net
2023-02,Memo: Euro Area,4176,slt2_us_lt_total_net
2023-02,Memo: European Union,20108,slt1_for_lt_total_net
2023-02,Memo: European Union,3505,slt2_us_lt_total_net
2023-02,Mexico,5031,slt1_for_lt_total_net
2023-02,Mexico,634,slt2_us_lt_total_net
2023-02,Monaco,-16,slt1_for_lt_total_net
2023-02,Monaco,-1,slt2_us_lt_total_net
2023-02,Morocco,113,slt1_for_lt_total_net
2023-02,Morocco,-66,slt2_us_lt_total_net
2023-02,Netherlands,3623,slt1_for_lt_total_net
2023-02,Netherlands,2575,slt2_us_lt_total_net
2023-02,New Zealand,295,slt1_for_lt_total_net
2023-02,New Zealand,517,slt2_us_lt_total_net
2023-02,Norway,21467,slt1_for_lt_total_net
2023-02,Norway,-828,slt2_us_lt_total_net
2023-02,Of Which: Asset-Backed Securities,17633,slt1_for_lt_total_net
2023-02,Of Which: Asset-Backed Securities,10388,slt2_us_lt_total_net
2023-02,Of Which: Depository Institutions,-798,slt1_for_lt_total_net
2023-02,Of Which: Depository Institutions,-1043,slt2_us_lt_total_net
2023-02,Of Which: Foreign Non-Official,73637,slt1_for_lt_total_net
2023-02,Of Which: Foreign Non-Official Asset-Backed Securities,15275,slt1_for_lt_total_net
2023-02,Of Which: Foreign Non-Official Depository Institutions,-888,slt1_for_lt_total_net
2023-02,Of Which: Foreign Non-Official Fund Shares,3310,slt1_for_lt_total_net
2023-02,Of Which: Foreign Non-Official Non-Financial Organizations,35401,slt1_for_lt_total_net
2023-02,Of Which: Foreign Non-Official Other Financial Organizations,23315,slt1_for_lt_total_net
2023-02,Of Which: Foreign Non-Official State & Local General Government,427,slt1_for_lt_total_net
2023-02,Of Which: Foreign Official,61683,slt1_for_lt_total_net
2023-02,Of Which: Foreign Official Asset-Backed Securities,2358,slt1_for_lt_total_net
2023-02,Of Which: Foreign Official Depository Institutions,90,slt1_for_lt_total_net
2023-02,Of Which: Foreign Official Fund Shares,-2659,slt1_for_lt_total_net
2023-02,Of Which: Foreign Official Non-Financial Organizations,13212,slt1_for_lt_total_net
2023-02,Of Which: Foreign Official Other Financial Organizations,-1152,slt1_for_lt_total_net
2023-02,Of Which: Foreign Official State & Local General Government,-122,slt1_for_lt_total_net
2023-02,Of Which: Fund Shares,651,slt1_for_lt_total_net
2023-02,Of Which: Fund Shares,41707,slt2_us_lt_total_net
2023-02,Of Which: Non-Financial Organizations,48613,slt1_for_lt_total_net
2023-02,Of Which: Non-Financial Organizations,20218,slt2_us_lt_total_net
2023-02,Of Which: Other Financial Organizations,22163,slt1_for_lt_total_net
2023-02,Of Which: Other Financial Organizations,-13723,slt2_us_lt_total_net
2023-02,Of Which: State & Local General Government,305,slt1_for_lt_total_net
2023-02,Pakistan,-4,slt1_for_lt_total_net
2023-02,Pakistan,-35,slt2_us_lt_total_net
2023-02,Panama,-45,slt1_for_lt_total_net
2023-02,Panama,359,slt2_us_lt_total_net
2023-02,Peru,755,slt1_for_lt_total_net
2023-02,Peru,39,slt2_us_lt_total_net
2023-02,Philippines,964,slt1_for_lt_total_net
2023-02,Philippines,83,slt2_us_lt_total_net
2023-02,Poland,1188,slt1_for_lt_total_net
2023-02,Poland,30,slt2_us_lt_total_net
2023-02,Portugal,28,slt1_for_lt_total_net
2023-02,Portugal,-169,slt2_us_lt_total_net
2023-02,Romania,807,slt1_for_lt_total_net
2023-02,Romania,434,slt2_us_lt_total_net
2023-02,Russia,-4,slt1_for_lt_total_net
2023-02,Russia,-34,slt2_us_lt_total_net
2023-02,Saint Kitts and Nevis,21,slt1_for_lt_total_net
2023-02,Saudi Arabia,366,slt1_for_lt_total_net
2023-02,Serbia,50,slt1_for_lt_total_net
2023-02,Serbia,-7,slt2_us_lt_total_net
2023-02,Singapore,14008,slt1_for_lt_total_net
2023-02,Singapore,-49,slt2_us_lt_total_net
2023-02,South Africa,-515,slt1_for_lt_total_net
2023-02,South Africa,-390,slt2_us_lt_total_net
2023-02,Spain,5316,slt1_for_lt_total_net
2023-02,Spain,1719,slt2_us_lt_total_net
2023-02,Sweden,-1049,slt1_for_lt_total_net
2023-02,Sweden,-1257,slt2_us_lt_total_net
2023-02,Switzerland,19267,slt1_for_lt_total_net
2023-02,Switzerland,-5482,slt2_us_lt_total_net
2023-02,Syria,0,slt1_for_lt_total_net
2023-02,Taiwan,5131,slt1_for_lt_total_net
2023-02,Taiwan,2284,slt2_us_lt_total_net
2023-02,Thailand,5460,slt1_for_lt_total_net
2023-02,Thailand,-729,slt2_us_lt_total_net
2023-02,Total Africa,-1767,slt1_for_lt_total_net
2023-02,Total Africa,-57,slt2_us_lt_total_net
2023-02,Total Asia,47392,slt1_for_lt_total_net
2023-02,Total Asia,-6100,slt2_us_lt_total_net
2023-02,Total Caribbean,15907,slt1_for_lt_total_net
2023-02,Total Caribbean,8313,slt2_us_lt_total_net
2023-02,Total Europe,57904,slt1_for_lt_total_net
2023-02,Total Europe,-5673,slt2_us_lt_total_net
2023-02,Total IROs,1529,slt1_for_lt_total_net
2023-02,Total IROs,4582,slt2_us_lt_total_net
2023-02,Total Latin America,10539,slt1_for_lt_total_net
2023-02,Total Latin America,2009,slt2_us_lt_total_net
2023-02,Total Other,-1073,slt1_for_lt_total_net
2023-02,Total Other,-240,slt2_us_lt_total_net
2023-02,Total Regional Orgs.,1962,slt1_for_lt_total_net
2023-02,Total Regional Orgs.,528,slt2_us_lt_total_net
2023-02,Trinidad and Tobago,195,slt1_for_lt_total_net
2023-02,Trinidad and Tobago,15,slt2_us_lt_total_net
2023-02,Turkey,-141,slt1_for_lt_total_net
2023-02,Turkey,-63,slt2_us_lt_total_net
2023-02,Ukraine,877,slt1_for_lt_total_net
2023-02,Ukraine,-41,slt2_us_lt_total_net
2023-02,United Arab Emirates,-501,slt1_for_lt_total_net
2023-02,United Arab Emirates,-603,slt2_us_lt_total_net
2023-02,United Kingdom,-6046,slt1_for_lt_total_net
2023-02,United Kingdom,-3428,slt2_us_lt_total_net
2023-02,Uruguay,460,slt1_for_lt_total_net
2023-02,Uruguay,69,slt2_us_lt_total_net
2023-02,Venezuela,83,slt1_for_lt_total_net
2023-02,Venezuela,10,slt2_us_lt_total_net
2023-03,All Countries,186876,slt1_for_lt_total_net
2023-03,All Countries,-27410,slt2_us_lt_total_net
2023-03,Anguilla,1428,slt1_for_lt_total_net
2023-03,Argentina,242,slt1_for_lt_total_net
2023-03,Argentina,-472,slt2_us_lt_total_net
2023-03,Aruba,-1,slt1_for_lt_total_net
2023-03,Aruba,-1,slt2_us_lt_total_net
2023-03,Australia,-5863,slt1_for_lt_total_net
2023-03,Australia,1100,slt2_us_lt_total_net
2023-03,Austria,163,slt1_for_lt_total_net
2023-03,Austria,21,slt2_us_lt_total_net
2023-03,Bahamas,-96,slt1_for_lt_total_net
2023-03,Bahamas,35,slt2_us_lt_total_net
2023-03,Barbados,-23,slt1_for_lt_total_net
2023-03,Barbados,-22,slt2_us_lt_total_net
2023-03,Belgium,-6718,slt1_for_lt_total_net
2023-03,Belgium,-1291,slt2_us_lt_total_net
2023-03,Bermuda,3232,slt1_for_lt_total_net
2023-03,Bermuda,1264,slt2_us_lt_total_net
2023-03,Brazil,3605,slt1_for_lt_total_net
2023-03,Brazil,-1084,slt2_us_lt_total_net
2023-03,British Virgin Islands,-3386,slt1_for_lt_total_net
2023-03,British Virgin Islands,119,slt2_us_lt_total_net
2023-03,Bulgaria,4,slt1_for_lt_total_net
2023-03,Bulgaria,-18,slt2_us_lt_total_net
2023-03,Canada,4812,slt1_for_lt_total_net
2023-03,Canada,3833,slt2_us_lt_total_net
2023-03,Cayman Islands,33846,slt1_for_lt_total_net
2023-03,Cayman Islands,-5595,slt2_us_lt_total_net
2023-03,Chile,-1123,slt1_for_lt_total_net
2023-03,Chile,-94,slt2_us_lt_total_net
2023-03,"China, Mainland",-2171,slt1_for_lt_total_net
2023-03,"China, Mainland",-4930,slt2_us_lt_total_net
2023-03,Colombia,1527,slt1_for_lt_total_net
2023-03,Colombia,-273,slt2_us_lt_total_net
2023-03,Costa Rica,512,slt1_for_lt_total_net
2023-03,Costa Rica,-21,slt2_us_lt_total_net
2023-03,Cuba,0,slt1_for_lt_total_net
2023-03,Cuba,17,slt2_us_lt_total_net
2023-03,Curacao,-58,slt1_for_lt_total_net
2023-03,Curacao,-849,slt2_us_lt_total_net
2023-03,Cyprus,19,slt1_for_lt_total_net
2023-03,Cyprus,-31,slt2_us_lt_total_net
2023-03,Czech Republic,548,slt1_for_lt_total_net
2023-03,Czech Republic,224,slt2_us_lt_total_net
2023-03,Denmark,681,slt1_for_lt_total_net
2023-03,Denmark,21,slt2_us_lt_total_net
2023-03,Ecuador,23,slt1_for_lt_total_net
2023-03,Ecuador,5,slt2_us_lt_total_net
2023-03,Egypt,27,slt1_for_lt_total_net
2023-03,Egypt,-249,slt2_us_lt_total_net
2023-03,Finland,45,slt1_for_lt_total_net
2023-03,Finland,-106,slt2_us_lt_total_net
2023-03,France,13453,slt1_for_lt_total_net
2023-03,France,859,slt2_us_lt_total_net
2023-03,Germany,3260,slt1_for_lt_total_net
2023-03,Germany,-2596,slt2_us_lt_total_net
2023-03,Grand Total,187269,slt1_for_lt_total_net
2023-03,Grand Total,-31996,slt2_us_lt_total_net
2023-03,Greece,-106,slt1_for_lt_total_net
2023-03,Greece,-59,slt2_us_lt_total_net
2023-03,Guatemala,69,slt1_for_lt_total_net
2023-03,Guatemala,-38,slt2_us_lt_total_net
2023-03,Guernsey,760,slt1_for_lt_total_net
2023-03,Guernsey,-1344,slt2_us_lt_total_net
2023-03,Hong Kong,911,slt1_for_lt_total_net
2023-03,Hong Kong,-1000,slt2_us_lt_total_net
2023-03,Hungary,-80,slt1_for_lt_total_net
2023-03,Hungary,-139,slt2_us_lt_total_net
2023-03,India,1338,slt1_for_lt_total_net
2023-03,India,1661,slt2_us_lt_total_net
2023-03,Indonesia,-133,slt1_for_lt_total_net
2023-03,Indonesia,1386,slt2_us_lt_total_net
2023-03,International,1325,slt1_for_lt_total_net
2023-03,International,-2597,slt2_us_lt_total_net
2023-03,Ireland,17927,slt1_for_lt_total_net
2023-03,Ireland,-11389,slt2_us_lt_total_net
2023-03,Israel,4334,slt1_for_lt_total_net
2023-03,Israel,713,slt2_us_lt_total_net
2023-03,Italy,-574,slt1_for_lt_total_net
2023-03,Italy,77,slt2_us_lt_total_net
2023-03,Jamaica,10,slt1_for_lt_total_net
2023-03,Jamaica,-12,slt2_us_lt_total_net
2023-03,Japan,-10332,slt1_for_lt_total_net
2023-03,Japan,-18,slt2_us_lt_total_net
2023-03,Jersey,81,slt1_for_lt_total_net
2023-03,Jersey,-156,slt2_us_lt_total_net
2023-03,Kazakhstan,-309,slt1_for_lt_total_net
2023-03,Kazakhstan,-164,slt2_us_lt_total_net
2023-03,"Korea, South",2503,slt1_for_lt_total_net
2023-03,"Korea, South",245,slt2_us_lt_total_net
2023-03,Kuwait,-555,slt1_for_lt_total_net
2023-03,Kuwait,23,slt2_us_lt_total_net
2023-03,Lebanon,12,slt1_for_lt_total_net
2023-03,Lebanon,-1,slt2_us_lt_total_net
2023-03,Liberia,55,slt1_for_lt_total_net
2023-03,Liberia,-46,slt2_us_lt_total_net
2023-03,Luxembourg,174,slt1_for_lt_total_net
2023-03,Luxembourg,-837,slt2_us_lt_total_net
2023-03,Malaysia,1961,slt1_for_lt_total_net
2023-03,Malaysia,317,slt2_us_lt_total_net
2023-03,Mauritius,388,slt1_for_lt_total_net
2023-03,Mauritius,-8,slt2_us_lt_total_net
2023-03,Memo: Euro Area,29830,slt1_for_lt_total_net
2023-03,Memo: Euro Area,-19028,slt2_us_lt_total_net
2023-03,Memo: European Union,32388,slt1_for_lt_total_net
2023-03,Memo: European Union,-19198,slt2_us_lt_total_net
2023-03,Mexico,589,slt1_for_lt_total_net
2023-03,Mexico,1064,slt2_us_lt_total_net
2023-03,Monaco,-55,slt1_for_lt_total_net
2023-03,Monaco,-10,slt2_us_lt_total_net
2023-03,Morocco,-47,slt1_for_lt_total_net
2023-03,Morocco,581,slt2_us_lt_total_net
2023-03,Netherlands,-3110,slt1_for_lt_total_net
2023-03,Netherlands,-2465,slt2_us_lt_total_net
2023-03,New Zealand,-730,slt1_for_lt_total_net
2023-03,New Zealand,89,slt2_us_lt_total_net
2023-03,Norway,1561,slt1_for_lt_total_net
2023-03,Norway,72,slt2_us_lt_total_net
2023-03,Of Which: Asset-Backed Securities,32388,slt1_for_lt_total_net
2023-03,Of Which: Asset-Backed Securities,-7589,slt2_us_lt_total_net
2023-03,Of Which: Depository Institutions,-5018,slt1_for_lt_total_net
2023-03,Of Which: Depository Institutions,13167,slt2_us_lt_total_net
2023-03,Of Which: Foreign Non-Official,155224,slt1_for_lt_total_net
2023-03,Of Which: Foreign Non-Official Asset-Backed Securities,18683,slt1_for_lt_total_net
2023-03,Of Which: Foreign Non-Official Depository Institutions,-4321,slt1_for_lt_total_net
2023-03,Of Which: Foreign Non-Official Fund Shares,2041,slt1_for_lt_total_net
2023-03,Of Which: Foreign Non-Official Non-Financial Organizations,82517,slt1_for_lt_total_net
2023-03,Of Which: Foreign Non-Official Other Financial Organizations,-26454,slt1_for_lt_total_net
2023-03,Of Which: Foreign Non-Official State & Local General Government,853,slt1_for_lt_total_net
2023-03,Of Which: Foreign Official,32045,slt1_for_lt_total_net
2023-03,Of Which: Foreign Official Asset-Backed Securities,13705,slt1_for_lt_total_net
2023-03,Of Which: Foreign Official Depository Institutions,-697,slt1_for_lt_total_net
2023-03,Of Which: Foreign Official Fund Shares,-1882,slt1_for_lt_total_net
2023-03,Of Which: Foreign Official Non-Financial Organizations,19480,slt1_for_lt_total_net
2023-03,Of Which: Foreign Official Other Financial Organizations,-6538,slt1_for_lt_total_net
2023-03,Of Which: Foreign Official State & Local General Government,67,slt1_for_lt_total_net
2023-03,Of Which: Fund Shares,159,slt1_for_lt_total_net
2023-03,Of Which: Fund Shares,-5826,slt2_us_lt_total_net
2023-03,Of Which: Non-Financial Organizations,101997,slt1_for_lt_total_net
2023-03,Of Which: Non-Financial Organizations,-6240,slt2_us_lt_total_net
2023-03,Of Which: Other Financial Organizations,-32992,slt1_for_lt_total_net
2023-03,Of Which: Other Financial Organizations,-38661,slt2_us_lt_total_net
2023-03,Of Which: State & Local General Government,920,slt1_for_lt_total_net
2023-03,Pakistan,0,slt1_for_lt_total_net
2023-03,Pakistan,-6,slt2_us_lt_total_net
2023-03,Panama,511,slt1_for_lt_total_net
2023-03,Panama,787,slt2_us_lt_total_net
2023-03,Peru,170,slt1_for_lt_total_net
2023-03,Peru,-530,slt2_us_lt_total_net
2023-03,Philippines,-168,slt1_for_lt_total_net
2023-03,Philippines,-531,slt2_us_lt_total_net
2023-03,Poland,-150,slt1_for_lt_total_net
2023-03,Poland,36,slt2_us_lt_total_net
2023-03,Portugal,-409,slt1_for_lt_total_net
2023-03,Portugal,-83,slt2_us_lt_total_net
2023-03,Romania,-173,slt1_for_lt_total_net
2023-03,Romania,-313,slt2_us_lt_total_net
2023-03,Russia,33,slt1_for_lt_total_net
2023-03,Russia,-226,slt2_us_lt_total_net
2023-03,Saint Kitts and Nevis,-26,slt1_for_lt_total_net
2023-03,Saudi Arabia,2037,slt1_for_lt_total_net
2023-03,Serbia,-134,slt1_for_lt_total_net
2023-03,Serbia,-67,slt2_us_lt_total_net
2023-03,Singapore,14101,slt1_for_lt_total_net
2023-03,Singapore,154,slt2_us_lt_total_net
2023-03,South Africa,485,slt1_for_lt_total_net
2023-03,South Africa,-555,slt2_us_lt_total_net
2023-03,Spain,5554,slt1_for_lt_total_net
2023-03,Spain,-1185,slt2_us_lt_total_net
2023-03,Sweden,1728,slt1_for_lt_total_net
2023-03,Sweden,19,slt2_us_lt_total_net
2023-03,Switzerland,-268,slt1_for_lt_total_net
2023-03,Switzerland,-7436,slt2_us_lt_total_net
2023-03,Syria,0,slt1_for_lt_total_net
2023-03,Taiwan,5381,slt1_for_lt_total_net
2023-03,Taiwan,2377,slt2_us_lt_total_net
2023-03,Thailand,9102,slt1_for_lt_total_net
2023-03,Thailand,-375,slt2_us_lt_total_net
2023-03,Total Africa,682,slt1_for_lt_total_net
2023-03,Total Africa,-54,slt2_us_lt_total_net
2023-03,Total Asia,29327,slt1_for_lt_total_net
2023-03,Total Asia,55,slt2_us_lt_total_net
2023-03,Total Caribbean,35267,slt1_for_lt_total_net
2023-03,Total Caribbean,-5678,slt2_us_lt_total_net
2023-03,Total Europe,116321,slt1_for_lt_total_net
2023-03,Total Europe,-25003,slt2_us_lt_total_net
2023-03,Total IROs,393,slt1_for_lt_total_net
2023-03,Total IROs,-4586,slt2_us_lt_total_net
2023-03,Total Latin America,7555,slt1_for_lt_total_net
2023-03,Total Latin America,-648,slt2_us_lt_total_net
2023-03,Total Other,-7086,slt1_for_lt_total_net
2023-03,Total Other,85,slt2_us_lt_total_net
2023-03,Total Regional Orgs.,-932,slt1_for_lt_total_net
2023-03,Total Regional Orgs.,-1989,slt2_us_lt_total_net
2023-03,Trinidad and Tobago,-19,slt1_for_lt_total_net
2023-03,Trinidad and Tobago,-36,slt2_us_lt_total_net
2023-03,Turkey,165,slt1_for_lt_total_net
2023-03,Turkey,168,slt2_us_lt_total_net
2023-03,Ukraine,-1508,slt1_for_lt_total_net
2023-03,Ukraine,-55,slt2_us_lt_total_net
2023-03,United Arab Emirates,965,slt1_for_lt_total_net
2023-03,United Arab Emirates,402,slt2_us_lt_total_net
2023-03,United Kingdom,83240,slt1_for_lt_total_net
2023-03,United Kingdom,3327,slt2_us_lt_total_net
2023-03,Uruguay,1072,slt1_for_lt_total_net
2023-03,Uruguay,44,slt2_us_lt_total_net
2023-03,Venezuela,-6,slt1_for_lt_total_net
2023-03,Venezuela,28,slt2_us_lt_total_net
2023-04,All Countries,101706,slt1_for_lt_total_net
2023-04,All Countries,-3234,slt2_us_lt_total_net
2023-04,Anguilla,696,slt1_for_lt_total_net
2023-04,Argentina,167,slt1_for_lt_total_net
2023-04,Argentina,160,slt2_us_lt_total_net
2023-04,Aruba,3,slt1_for_lt_total_net
2023-04,Aruba,-32,slt2_us_lt_total_net
2023-04,Australia,-2262,slt1_for_lt_total_net
2023-04,Australia,851,slt2_us_lt_total_net
2023-04,Austria,-1020,slt1_for_lt_total_net
2023-04,Austria,-805,slt2_us_lt_total_net
2023-04,Bahamas,978,slt1_for_lt_total_net
2023-04,Bahamas,284,slt2_us_lt_total_net
2023-04,Barbados,-28,slt1_for_lt_total_net
2023-04,Barbados,-110,slt2_us_lt_total_net
2023-04,Belgium,-6755,slt1_for_lt_total_net
2023-04,Belgium,-194,slt2_us_lt_total_net
2023-04,Bermuda,2180,slt1_for_lt_total_net
2023-04,Bermuda,-271,slt2_us_lt_total_net
2023-04,Brazil,4385,slt1_for_lt_total_net
2023-04,Brazil,78,slt2_us_lt_total_net
2023-04,British Virgin Islands,111,slt1_for_lt_total_net
2023-04,British Virgin Islands,-4067,slt2_us_lt_total_net
2023-04,Bulgaria,-18,slt1_for_lt_total_net
2023-04,Bulgaria,37,slt2_us_lt_total_net
2023-04,Canada,1182,slt1_for_lt_total_net
2023-04,Canada,5257,slt2_us_lt_total_net
2023-04,Cayman Islands,5593,slt1_for_lt_total_net
2023-04,Cayman Islands,-3324,slt2_us_lt_total_net
2023-04,Chile,1173,slt1_for_lt_total_net
2023-04,Chile,-664,slt2_us_lt_total_net
2023-04,"China, Mainland",-4673,slt1_for_lt_total_net
2023-04,"China, Mainland",5265,slt2_us_lt_total_net
2023-04,Colombia,-340,slt1_for_lt_total_net
2023-04,Colombia,-958,slt2_us_lt_total_net
2023-04,Costa Rica,864,slt1_for_lt_total_net
2023-04,Costa Rica,259,slt2_us_lt_total_net
2023-04,Cuba,-1,slt1_for_lt_total_net
2023-04,Cuba,-26,slt2_us_lt_total_net
2023-04,Curacao,-43,slt1_for_lt_total_net
2023-04,Curacao,746,slt2_us_lt_total_net
2023-04,Cyprus,5,slt1_for_lt_total_net
2023-04,Cyprus,32,slt2_us_lt_total_net
2023-04,Czech Republic,381,slt1_for_lt_total_net
2023-04,Czech Republic,-22,slt2_us_lt_total_net
2023-04,Denmark,997,slt1_for_lt_total_net
2023-04,Denmark,-160,slt2_us_lt_total_net
2023-04,Ecuador,9,slt1_for_lt_total_net
2023-04,Ecuador,12,slt2_us_lt_total_net
2023-04,Egypt,-708,slt1_for_lt_total_net
2023-04,Egypt,-207,slt2_us_lt_total_net
2023-04,Finland,-615,slt1_for_lt_total_net
2023-04,Finland,-446,slt2_us_lt_total_net
2023-04,France,28975,slt1_for_lt_total_net
2023-04,France,2404,slt2_us_lt_total_net
2023-04,Germany,954,slt1_for_lt_total_net
2023-04,Germany,-2290,slt2_us_lt_total_net
2023-04,Grand Total,103878,slt1_for_lt_total_net
2023-04,Grand Total,-10374,slt2_us_lt_total_net
2023-04,Greece,-411,slt1_for_lt_total_net
2023-04,Greece,304,slt2_us_lt_total_net
2023-04,Guatemala,324,slt1_for_lt_total_net
2023-04,Guatemala,-63,slt2_us_lt_total_net
2023-04,Guernsey,159,slt1_for_lt_total_net
2023-04,Guernsey,-134,slt2_us_lt_total_net
2023-04,Hong Kong,5107,slt1_for_lt_total_net
2023-04,Hong Kong,-576,slt2_us_lt_total_net
2023-04,Hungary,304,slt1_for_lt_total_net
2023-04,Hungary,-118,slt2_us_lt_total_net
2023-04,India,919,slt1_for_lt_total_net
2023-04,India,404,slt2_us_lt_total_net
2023-04,Indonesia,11,slt1_for_lt_total_net
2023-04,Indonesia,-10,slt2_us_lt_total_net
2023-04,International,2017,slt1_for_lt_total_net
2023-04,International,-2185,slt2_us_lt_total_net
2023-04,Ireland,13133,slt1_for_lt_total_net
2023-04,Ireland,-863,slt2_us_lt_total_net
2023-04,Israel,-15042,slt1_for_lt_total_net
2023-04,Israel,-494,slt2_us_lt_total_net
2023-04,Italy,439,slt1_for_lt_total_net
2023-04,Italy,-1099,slt2_us_lt_total_net
2023-04,Jamaica,59,slt1_for_lt_total_net
2023-04,Jamaica,-74,slt2_us_lt_total_net
2023-04,Japan,33605,slt1_for_lt_total_net
2023-04,Japan,5146,slt2_us_lt_total_net
2023-04,Jersey,236,slt1_for_lt_total_net
2023-04,Jersey,2089,slt2_us_lt_total_net
2023-04,Kazakhstan,140,slt1_for_lt_total_net
2023-04,Kazakhstan,-84,slt2_us_lt_total_net
2023-04,"Korea, South",-415,slt1_for_lt_total_net
2023-04,"Korea, South",290,slt2_us_lt_total_net
2023-04,Kuwait,1713,slt1_for_lt_total_net
2023-04,Kuwait,-104,slt2_us_lt_total_net
2023-04,Lebanon,8,slt1_for_lt_total_net
2023-04,Lebanon,1,slt2_us_lt_total_net
2023-04,Liberia,11,slt1_for_lt_total_net
2023-04,Liberia,-189,slt2_us_lt_total_net
2023-04,Luxembourg,1006,slt1_for_lt_total_net
2023-04,Luxembourg,-105,slt2_us_lt_total_net
2023-04,Malaysia,214,slt1_for_lt_total_net
2023-04,Malaysia,-26,slt2_us_lt_total_net
2023-04,Mauritius,-330,slt1_for_lt_total_net
2023-04,Mauritius,-217,slt2_us_lt_total_net
2023-04,Memo: Euro Area,32481,slt1_for_lt_total_net
2023-04,Memo: Euro Area,-6805,slt2_us_lt_total_net
2023-04,Memo: European Union,36194,slt1_for_lt_total_net
2023-04,Memo: European Union,-7223,slt2_us_lt_total_net
2023-04,Mexico,4486,slt1_for_lt_total_net
2023-04,Mexico,-1420,slt2_us_lt_total_net
2023-04,Monaco,-16,slt1_for_lt_total_net
2023-04,Monaco,0,slt2_us_lt_total_net
2023-04,Morocco,-562,slt1_for_lt_total_net
2023-04,Morocco,-243,slt2_us_lt_total_net
2023-04,Netherlands,-2347,slt1_for_lt_total_net
2023-04,Netherlands,-3606,slt2_us_lt_total_net
2023-04,New Zealand,-111,slt1_for_lt_total_net
2023-04,New Zealand,-592,slt2_us_lt_total_net
2023-04,Norway,6081,slt1_for_lt_total_net
2023-04,Norway,-387,slt2_us_lt_total_net
2023-04,Of Which: Asset-Backed Securities,6935,slt1_for_lt_total_net
2023-04,Of Which: Asset-Backed Securities,1653,slt2_us_lt_total_net
2023-04,Of Which: Depository Institutions,-494,slt1_for_lt_total_net
2023-04,Of Which: Depository Institutions,-40882,slt2_us_lt_total_net
2023-04,Of Which: Foreign Non-Official,68331,slt1_for_lt_total_net
2023-04,Of Which: Foreign Non-Official Asset-Backed Securities,5841,slt1_for_lt_total_net
2023-04,Of Which: Foreign Non-Official Depository Institutions,-425,slt1_for_lt_total_net
2023-04,Of Which: Foreign Non-Official Fund Shares,-1642,slt1_for_lt_total_net
2023-04,Of Which: Foreign Non-Official Non-Financial Organizations,-17186,slt1_for_lt_total_net
2023-04,Of Which: Foreign Non-Official Other Financial Organizations,-10383,slt1_for_lt_total_net
2023-04,Of Which: Foreign Non-Official State & Local General Government,-63,slt1_for_lt_total_net
2023-04,Of Which: Foreign Official,35547,slt1_for_lt_total_net
2023-04,Of Which: Foreign Official Asset-Backed Securities,1094,slt1_for_lt_total_net
2023-04,Of Which: Foreign Official Depository Institutions,-69,slt1_for_lt_total_net
2023-04,Of Which: Foreign Official Fund Shares,-509,slt1_for_lt_total_net
2023-04,Of Which: Foreign Official Non-Financial Organizations,2075,slt1_for_lt_total_net
2023-04,Of Which: Foreign Official Other Financial Organizations,-2192,slt1_for_lt_total_net
2023-04,Of Which: Foreign Official State & Local General Government,-95,slt1_for_lt_total_net
2023-04,Of Which: Fund Shares,-2151,slt1_for_lt_total_net
2023-04,Of Which: Fund Shares,-4716,slt2_us_lt_total_net
2023-04,Of Which: Non-Financial Organizations,-15111,slt1_for_lt_total_net
2023-04,Of Which: Non-Financial Organizations,-7163,slt2_us_lt_total_net
2023-04,Of Which: Other Financial Organizations,-12575,slt1_for_lt_total_net
2023-04,Of Which: Other Financial Organizations,37067,slt2_us_lt_total_net
2023-04,Of Which: State & Local General Government,-158,slt1_for_lt_total_net
2023-04,Pakistan,0,slt1_for_lt_total_net
2023-04,Pakistan,-12,slt2_us_lt_total_net
2023-04,Panama,369,slt1_for_lt_total_net
2023-04,Panama,-510,slt2_us_lt_total_net
2023-04,Peru,-634,slt1_for_lt_total_net
2023-04,Peru,-793,slt2_us_lt_total_net
2023-04,Philippines,169,slt1_for_lt_total_net
2023-04,Philippines,-230,slt2_us_lt_total_net
2023-04,Poland,2246,slt1_for_lt_total_net
2023-04,Poland,1630,slt2_us_lt_total_net
2023-04,Portugal,256,slt1_for_lt_total_net
2023-04,Portugal,148,slt2_us_lt_total_net
2023-04,Romania,-105,slt1_for_lt_total_net
2023-04,Romania,-372,slt2_us_lt_total_net
2023-04,Russia,9,slt1_for_lt_total_net
2023-04,Russia,82,slt2_us_lt_total_net
2023-04,Saint Kitts and Nevis,-14,slt1_for_lt_total_net
2023-04,Saudi Arabia,-2842,slt1_for_lt_total_net
2023-04,Serbia,39,slt1_for_lt_total_net
2023-04,Serbia,-64,slt2_us_lt_total_net
2023-04,Singapore,9630,slt1_for_lt_total_net
2023-04,Singapore,-648,slt2_us_lt_total_net
2023-04,South Africa,102,slt1_for_lt_total_net
2023-04,South Africa,-697,slt2_us_lt_total_net
2023-04,Spain,-870,slt1_for_lt_total_net
2023-04,Spain,-162,slt2_us_lt_total_net
2023-04,Sweden,-92,slt1_for_lt_total_net
2023-04,Sweden,-1413,slt2_us_lt_total_net
2023-04,Switzerland,-16776,slt1_for_lt_total_net
2023-04,Switzerland,112,slt2_us_lt_total_net
2023-04,Syria,0,slt1_for_lt_total_net
2023-04,Taiwan,4965,slt1_for_lt_total_net
2023-04,Taiwan,574,slt2_us_lt_total_net
2023-04,Thailand,3218,slt1_for_lt_total_net
2023-04,Thailand,-361,slt2_us_lt_total_net
2023-04,Total Africa,-1388,slt1_for_lt_total_net
2023-04,Total Africa,-1925,slt2_us_lt_total_net
2023-04,Total Asia,41055,slt1_for_lt_total_net
2023-04,Total Asia,8796,slt2_us_lt_total_net
2023-04,Total Caribbean,9918,slt1_for_lt_total_net
2023-04,Total Caribbean,-7105,slt2_us_lt_total_net
2023-04,Total Europe,41936,slt1_for_lt_total_net
2023-04,Total Europe,-4027,slt2_us_lt_total_net
2023-04,Total IROs,2172,slt1_for_lt_total_net
2023-04,Total IROs,-7140,slt2_us_lt_total_net
2023-04,Total Latin America,11278,slt1_for_lt_total_net
2023-04,Total Latin America,-4489,slt2_us_lt_total_net
2023-04,Total Other,-2271,slt1_for_lt_total_net
2023-04,Total Other,259,slt2_us_lt_total_net
2023-04,Total Regional Orgs.,155,slt1_for_lt_total_net
2023-04,Total Regional Orgs.,-4955,slt2_us_lt_total_net
2023-04,Trinidad and Tobago,228,slt1_for_lt_total_net
2023-04,Trinidad and Tobago,-66,slt2_us_lt_total_net
2023-04,Turkey,146,slt1_for_lt_total_net
2023-04,Turkey,-198,slt2_us_lt_total_net
2023-04,Ukraine,3274,slt1_for_lt_total_net
2023-04,Ukraine,-14,slt2_us_lt_total_net
2023-04,United Arab Emirates,3775,slt1_for_lt_total_net
2023-04,United Arab Emirates,185,slt2_us_lt_total_net
2023-04,United Kingdom,11511,slt1_for_lt_total_net
2023-04,United Kingdom,1801,slt2_us_lt_total_net
2023-04,Uruguay,795,slt1_for_lt_total_net
2023-04,Uruguay,-538,slt2_us_lt_total_net
2023-04,Venezuela,-234,slt1_for_lt_total_net
2023-04,Venezuela,-35,slt2_us_lt_total_net
2023-05,All Countries,76147,slt1_for_lt_total_net
2023-05,All Countries,36328,slt2_us_lt_total_net
2023-05,Anguilla,402,slt1_for_lt_total_net
2023-05,Argentina,144,slt1_for_lt_total_net
2023-05,Argentina,406,slt2_us_lt_total_net
2023-05,Aruba,-24,slt1_for_lt_total_net
2023-05,Aruba,3,slt2_us_lt_total_net
2023-05,Australia,-6794,slt1_for_lt_total_net
2023-05,Australia,519,slt2_us_lt_total_net
2023-05,Austria,-9602,slt1_for_lt_total_net
2023-05,Austria,444,slt2_us_lt_total_net
2023-05,Bahamas,-502,slt1_for_lt_total_net
2023-05,Bahamas,64,slt2_us_lt_total_net
2023-05,Barbados,-1641,slt1_for_lt_total_net
2023-05,Barbados,142,slt2_us_lt_total_net
2023-05,Belgium,-4265,slt1_for_lt_total_net
2023-05,Belgium,178,slt2_us_lt_total_net
2023-05,Bermuda,5651,slt1_for_lt_total_net
2023-05,Bermuda,-406,slt2_us_lt_total_net
2023-05,Brazil,2330,slt1_for_lt_total_net
2023-05,Brazil,-713,slt2_us_lt_total_net
2023-05,British Virgin Islands,-149,slt1_for_lt_total_net
2023-05,British Virgin Islands,-282,slt2_us_lt_total_net
2023-05,Bulgaria,-20,slt1_for_lt_total_net
2023-05,Bulgaria,1,slt2_us_lt_total_net
2023-05,Canada,36001,slt1_for_lt_total_net
2023-05,Canada,-4931,slt2_us_lt_total_net
2023-05,Cayman Islands,31452,slt1_for_lt_total_net
2023-05,Cayman Islands,6616,slt2_us_lt_total_net
2023-05,Chile,2264,slt1_for_lt_total_net
2023-05,Chile,265,slt2_us_lt_total_net
2023-05,"China, Mainland",-11989,slt1_for_lt_total_net
2023-05,"China, Mainland",2251,slt2_us_lt_total_net
2023-05,Colombia,-2901,slt1_for_lt_total_net
2023-05,Colombia,471,slt2_us_lt_total_net
2023-05,Costa Rica,232,slt1_for_lt_total_net
2023-05,Costa Rica,98,slt2_us_lt_total_net
2023-05,Cuba,2,slt1_for_lt_total_net
2023-05,Cuba,0,slt2_us_lt_total_net
2023-05,Curacao,-187,slt1_for_lt_total_net
2023-05,Curacao,12,slt2_us_lt_total_net
2023-05,Cyprus,39,slt1_for_lt_total_net
2023-05,Cyprus,55,slt2_us_lt_total_net
2023-05,Czech Republic,-198,slt1_for_lt_total_net
2023-05,Czech Republic,166,slt2_us_lt_total_net
2023-05,Denmark,-6704,slt1_for_lt_total_net
2023-05,Denmark,395,slt2_us_lt_total_net
2023-05,Ecuador,15,slt1_for_lt_total_net
2023-05,Ecuador,-191,slt2_us_lt_total_net
2023-05,Egypt,1,slt1_for_lt_total_net
2023-05,Egypt,-86,slt2_us_lt_total_net
2023-05,Finland,682,slt1_for_lt_total_net
2023-05,Finland,201,slt2_us_lt_total_net
2023-05,France,-9985,slt1_for_lt_total_net
2023-05,France,-1539,slt2_us_lt_total_net
2023-05,Germany,-6736,slt1_for_lt_total_net
2023-05,Germany,-1935,slt2_us_lt_total_net
2023-05,Grand Total,83569,slt1_for_lt_total_net
2023-05,Grand Total,36369,slt2_us_lt_total_net
2023-05,Greece,728,slt1_for_lt_total_net
2023-05,Greece,229,slt2_us_lt_total_net
2023-05,Guatemala,622,slt1_for_lt_total_net
2023-05,Guatemala,166,slt2_us_lt_total_net
2023-05,Guernsey,-713,slt1_for_lt_total_net
2023-05,Guernsey,-48,slt2_us_lt_total_net
2023-05,Hong Kong,5307,slt1_for_lt_total_net
2023-05,Hong Kong,-503,slt2_us_lt_total_net
2023-05,Hungary,57,slt1_for_lt_total_net
2023-05,Hungary,430,slt2_us_lt_total_net
2023-05,India,2325,slt1_for_lt_total_net
2023-05,India,2387,slt2_us_lt_total_net
2023-05,Indonesia,-69,slt1_for_lt_total_net
2023-05,Indonesia,188,slt2_us_lt_total_net
2023-05,International,8558,slt1_for_lt_total_net
2023-05,International,-99,slt2_us_lt_total_net
2023-05,Ireland,3184,slt1_for_lt_total_net
2023-05,Ireland,3619,slt2_us_lt_total_net
2023-05,Israel,5192,slt1_for_lt_total_net
2023-05,Israel,-494,slt2_us_lt_total_net
2023-05,Italy,855,slt1_for_lt_total_net
2023-05,Italy,-239,slt2_us_lt_total_net
2023-05,Jamaica,103,slt1_for_lt_total_net
2023-05,Jamaica,73,slt2_us_lt_total_net
2023-05,Japan,-9246,slt1_for_lt_total_net
2023-05,Japan,19,slt2_us_lt_total_net
2023-05,Jersey,572,slt1_for_lt_total_net
2023-05,Jersey,566,slt2_us_lt_total_net
2023-05,Kazakhstan,76,slt1_for_lt_total_net
2023-05,Kazakhstan,59,slt2_us_lt_total_net
2023-05,"Korea, South",9254,slt1_for_lt_total_net
2023-05,"Korea, South",2721,slt2_us_lt_total_net
2023-05,Kuwait,1575,slt1_for_lt_total_net
2023-05,Kuwait,170,slt2_us_lt_total_net
2023-05,Lebanon,8,slt1_for_lt_total_net
2023-05,Lebanon,16,slt2_us_lt_total_net
2023-05,Liberia,-9,slt1_for_lt_total_net
2023-05,Liberia,315,slt2_us_lt_total_net
2023-05,Luxembourg,-5720,slt1_for_lt_total_net
2023-05,Luxembourg,5210,slt2_us_lt_total_net
2023-05,Malaysia,883,slt1_for_lt_total_net
2023-05,Malaysia,203,slt2_us_lt_total_net
2023-05,Mauritius,-26,slt1_for_lt_total_net
2023-05,Mauritius,15,slt2_us_lt_total_net
2023-05,Memo: Euro Area,-25805,slt1_for_lt_total_net
2023-05,Memo: Euro Area,5046,slt2_us_lt_total_net
2023-05,Memo: European Union,-30221,slt1_for_lt_total_net
2023-05,Memo: European Union,6941,slt2_us_lt_total_net
2023-05,Mexico,2515,slt1_for_lt_total_net
2023-05,Mexico,-299,slt2_us_lt_total_net
2023-05,Monaco,-39,slt1_for_lt_total_net
2023-05,Monaco,19,slt2_us_lt_total_net
2023-05,Morocco,181,slt1_for_lt_total_net
2023-05,Morocco,222,slt2_us_lt_total_net
2023-05,Netherlands,3128,slt1_for_lt_total_net
2023-05,Netherlands,-163,slt2_us_lt_total_net
2023-05,New Zealand,-53,slt1_for_lt_total_net
2023-05,New Zealand,429,slt2_us_lt_total_net
2023-05,Norway,6990,slt1_for_lt_total_net
2023-05,Norway,-496,slt2_us_lt_total_net
2023-05,Of Which: Asset-Backed Securities,22032,slt1_for_lt_total_net
2023-05,Of Which: Asset-Backed Securities,12048,slt2_us_lt_total_net
2023-05,Of Which: Depository Institutions,-1227,slt1_for_lt_total_net
2023-05,Of Which: Depository Institutions,3595,slt2_us_lt_total_net
2023-05,Of Which: Foreign Non-Official,46026,slt1_for_lt_total_net
2023-05,Of Which: Foreign Non-Official Asset-Backed Securities,16603,slt1_for_lt_total_net
2023-05,Of Which: Foreign Non-Official Depository Institutions,-971,slt1_for_lt_total_net
2023-05,Of Which: Foreign Non-Official Fund Shares,-18284,slt1_for_lt_total_net
2023-05,Of Which: Foreign Non-Official Non-Financial Organizations,19147,slt1_for_lt_total_net
2023-05,Of Which: Foreign Non-Official Other Financial Organizations,-10084,slt1_for_lt_total_net
2023-05,Of Which: Foreign Non-Official State & Local General Government,674,slt1_for_lt_total_net
2023-05,Of Which: Foreign Official,37543,slt1_for_lt_total_net
2023-05,Of Which: Foreign Official Asset-Backed Securities,5429,slt1_for_lt_total_net
2023-05,Of Which: Foreign Official Depository Institutions,-256,slt1_for_lt_total_net
2023-05,Of Which: Foreign Official Fund Shares,2010,slt1_for_lt_total_net
2023-05,Of Which: Foreign Official Non-Financial Organizations,6103,slt1_for_lt_total_net
2023-05,Of Which: Foreign Official Other Financial Organizations,90,slt1_for_lt_total_net
2023-05,Of Which: Foreign Official State & Local General Government,82,slt1_for_lt_total_net
2023-05,Of Which: Fund Shares,-16274,slt1_for_lt_total_net
2023-05,Of Which: Fund Shares,-1000,slt2_us_lt_total_net
2023-05,Of Which: Non-Financial Organizations,25250,slt1_for_lt_total_net
2023-05,Of Which: Non-Financial Organizations,72,slt2_us_lt_total_net
2023-05,Of Which: Other Financial Organizations,-9994,slt1_for_lt_total_net
2023-05,Of Which: Other Financial Organizations,32309,slt2_us_lt_total_net
2023-05,Of Which: State & Local General Government,756,slt1_for_lt_total_net
2023-05,Pakistan,-2,slt1_for_lt_total_net
2023-05,Pakistan,25,slt2_us_lt_total_net
2023-05,Panama,618,slt1_for_lt_total_net
2023-05,Panama,850,slt2_us_lt_total_net
2023-05,Peru,433,slt1_for_lt_total_net
2023-05,Peru,590,slt2_us_lt_total_net
2023-05,Philippines,1044,slt1_for_lt_total_net
2023-05,Philippines,58,slt2_us_lt_total_net
2023-05,Poland,1509,slt1_for_lt_total_net
2023-05,Poland,546,slt2_us_lt_total_net
2023-05,Portugal,44,slt1_for_lt_total_net
2023-05,Portugal,-108,slt2_us_lt_total_net
2023-05,Romania,-4,slt1_for_lt_total_net
2023-05,Romania,413,slt2_us_lt_total_net
2023-05,Russia,28,slt1_for_lt_total_net
2023-05,Russia,53,slt2_us_lt_total_net
2023-05,Saint Kitts and Nevis,9,slt1_for_lt_total_net
2023-05,Saudi Arabia,-25,slt1_for_lt_total_net
2023-05,Serbia,90,slt1_for_lt_total_net
2023-05,Serbia,-36,slt2_us_lt_total_net
2023-05,Singapore,4330,slt1_for_lt_total_net
2023-05,Singapore,14617,slt2_us_lt_total_net
2023-05,South Africa,1020,slt1_for_lt_total_net
2023-05,South Africa,356,slt2_us_lt_total_net
2023-05,Spain,1374,slt1_for_lt_total_net
2023-05,Spain,-1213,slt2_us_lt_total_net
2023-05,Sweden,944,slt1_for_lt_total_net
2023-05,Sweden,-56,slt2_us_lt_total_net
2023-05,Switzerland,10295,slt1_for_lt_total_net
2023-05,Switzerland,-1063,slt2_us_lt_total_net
2023-05,Syria,0,slt1_for_lt_total_net
2023-05,Taiwan,5049,slt1_for_lt_total_net
2023-05,Taiwan,2804,slt2_us_lt_total_net
2023-05,Thailand,699,slt1_for_lt_total_net
2023-05,Thailand,254,slt2_us_lt_total_net
2023-05,Total Africa,1541,slt1_for_lt_total_net
2023-05,Total Africa,1187,slt2_us_lt_total_net
2023-05,Total Asia,13786,slt1_for_lt_total_net
2023-05,Total Asia,26564,slt2_us_lt_total_net
2023-05,Total Caribbean,35445,slt1_for_lt_total_net
2023-05,Total Caribbean,6299,slt2_us_lt_total_net
2023-05,Total Europe,-11277,slt1_for_lt_total_net
2023-05,Total Europe,3937,slt2_us_lt_total_net
2023-05,Total IROs,7422,slt1_for_lt_total_net
2023-05,Total IROs,41,slt2_us_lt_total_net
2023-05,Total Latin America,7506,slt1_for_lt_total_net
2023-05,Total Latin America,2183,slt2_us_lt_total_net
2023-05,Total Other,-6860,slt1_for_lt_total_net
2023-05,Total Other,1089,slt2_us_lt_total_net
2023-05,Total Regional Orgs.,-1136,slt1_for_lt_total_net
2023-05,Total Regional Orgs.,140,slt2_us_lt_total_net
2023-05,Trinidad and Tobago,126,slt1_for_lt_total_net
2023-05,Trinidad and Tobago,87,slt2_us_lt_total_net
2023-05,Turkey,-56,slt1_for_lt_total_net
2023-05,Turkey,-307,slt2_us_lt_total_net
2023-05,Ukraine,-105,slt1_for_lt_total_net
2023-05,Ukraine,186,slt2_us_lt_total_net
2023-05,United Arab Emirates,-3743,slt1_for_lt_total_net
2023-05,United Arab Emirates,199,slt2_us_lt_total_net
2023-05,United Kingdom,1091,slt1_for_lt_total_net
2023-05,United Kingdom,-1877,slt2_us_lt_total_net
2023-05,Uruguay,797,slt1_for_lt_total_net
2023-05,Uruguay,428,slt2_us_lt_total_net
2023-05,Venezuela,1,slt1_for_lt_total_net
2023-05,Venezuela,-12,slt2_us_lt_total_net
2023-06,All Countries,249478,slt1_for_lt_total_net
2023-06,All Countries,49057,slt2_us_lt_total_net
2023-06,Anguilla,283,slt1_for_lt_total_net
2023-06,Argentina,144,slt1_for_lt_total_net
2023-06,Argentina,1998,slt2_us_lt_total_net
2023-06,Aruba,-84,slt1_for_lt_total_net
2023-06,Aruba,0,slt2_us_lt_total_net
2023-06,Australia,7378,slt1_for_lt_total_net
2023-06,Australia,1961,slt2_us_lt_total_net
2023-06,Austria,11502,slt1_for_lt_total_net
2023-06,Austria,131,slt2_us_lt_total_net
2023-06,Bahamas,517,slt1_for_lt_total_net
2023-06,Bahamas,30,slt2_us_lt_total_net
2023-06,Barbados,39,slt1_for_lt_total_net
2023-06,Barbados,-61,slt2_us_lt_total_net
2023-06,Belgium,10097,slt1_for_lt_total_net
2023-06,Belgium,127,slt2_us_lt_total_net
2023-06,Bermuda,6256,slt1_for_lt_total_net
2023-06,Bermuda,1491,slt2_us_lt_total_net
2023-06,Brazil,-1130,slt1_for_lt_total_net
2023-06,Brazil,-655,slt2_us_lt_total_net
2023-06,British Virgin Islands,2128,slt1_for_lt_total_net
2023-06,British Virgin Islands,-514,slt2_us_lt_total_net
2023-06,Bulgaria,-7,slt1_for_lt_total_net
2023-06,Bulgaria,-24,slt2_us_lt_total_net
2023-06,Canada,7448,slt1_for_lt_total_net
2023-06,Canada,9430,slt2_us_lt_total_net
2023-06,Cayman Islands,12149,slt1_for_lt_total_net
2023-06,Cayman Islands,4676,slt2_us_lt_total_net
2023-06,Chile,1726,slt1_for_lt_total_net
2023-06,Chile,125,slt2_us_lt_total_net
2023-06,"China, Mainland",18079,slt1_for_lt_total_net
2023-06,"China, Mainland",828,slt2_us_lt_total_net
2023-06,Colombia,3425,slt1_for_lt_total_net
2023-06,Colombia,-274,slt2_us_lt_total_net
2023-06,Costa Rica,205,slt1_for_lt_total_net
2023-06,Costa Rica,9,slt2_us_lt_total_net
2023-06,Cuba,0,slt1_for_lt_total_net
2023-06,Cuba,1,slt2_us_lt_total_net
2023-06,Curacao,82,slt1_for_lt_total_net
2023-06,Curacao,620,slt2_us_lt_total_net
2023-06,Cyprus,-30,slt1_for_lt_total_net
2023-06,Cyprus,-227,slt2_us_lt_total_net
2023-06,Czech Republic,1694,slt1_for_lt_total_net
2023-06,Czech Republic,-110,slt2_us_lt_total_net
2023-06,Denmark,9550,slt1_for_lt_total_net
2023-06,Denmark,-941,slt2_us_lt_total_net
2023-06,Ecuador,34,slt1_for_lt_total_net
2023-06,Ecuador,-50,slt2_us_lt_total_net
2023-06,Egypt,665,slt1_for_lt_total_net
2023-06,Egypt,-26,slt2_us_lt_total_net
2023-06,Finland,458,slt1_for_lt_total_net
2023-06,Finland,444,slt2_us_lt_total_net
2023-06,France,38697,slt1_for_lt_total_net
2023-06,France,1896,slt2_us_lt_total_net
2023-06,Germany,11989,slt1_for_lt_total_net
2023-06,Germany,1877,slt2_us_lt_total_net
2023-06,Grand Total,258394,slt1_for_lt_total_net
2023-06,Grand Total,49155,slt2_us_lt_total_net
2023-06,Greece,518,slt1_for_lt_total_net
2023-06,Greece,14,slt2_us_lt_total_net
2023-06,Guatemala,1148,slt1_for_lt_total_net
2023-06,Guatemala,154,slt2_us_lt_total_net
2023-06,Guernsey,-403,slt1_for_lt_total_net
2023-06,Guernsey,-159,slt2_us_lt_total_net
2023-06,Hong Kong,-12570,slt1_for_lt_total_net
2023-06,Hong Kong,-71,slt2_us_lt_total_net
2023-06,Hungary,85,slt1_for_lt_total_net
2023-06,Hungary,134,slt2_us_lt_total_net
2023-06,India,-782,slt1_for_lt_total_net
2023-06,India,3201,slt2_us_lt_total_net
2023-06,Indonesia,286,slt1_for_lt_total_net
2023-06,Indonesia,112,slt2_us_lt_total_net
2023-06,International,7205,slt1_for_lt_total_net
2023-06,International,-36,slt2_us_lt_total_net
2023-06,Ireland,10873,slt1_for_lt_total_net
2023-06,Ireland,2453,slt2_us_lt_total_net
2023-06,Israel,23595,slt1_for_lt_total_net
2023-06,Israel,-157,slt2_us_lt_total_net
2023-06,Italy,3851,slt1_for_lt_total_net
2023-06,Italy,1578,slt2_us_lt_total_net
2023-06,Jamaica,29,slt1_for_lt_total_net
2023-06,Jamaica,-18,slt2_us_lt_total_net
2023-06,Japan,6121,slt1_for_lt_total_net
2023-06,Japan,9307,slt2_us_lt_total_net
2023-06,Jersey,-88,slt1_for_lt_total_net
2023-06,Jersey,2014,slt2_us_lt_total_net
2023-06,Kazakhstan,-220,slt1_for_lt_total_net
2023-06,Kazakhstan,-46,slt2_us_lt_total_net
2023-06,"Korea, South",3335,slt1_for_lt_total_net
2023-06,"Korea, South",530,slt2_us_lt_total_net
2023-06,Kuwait,-469,slt1_for_lt_total_net
2023-06,Kuwait,-195,slt2_us_lt_total_net
2023-06,Lebanon,7,slt1_for_lt_total_net
2023-06,Lebanon,-17,slt2_us_lt_total_net
2023-06,Liberia,17,slt1_for_lt_total_net
2023-06,Liberia,152,slt2_us_lt_total_net
2023-06,Luxembourg,2059,slt1_for_lt_total_net
2023-06,Luxembourg,-517,slt2_us_lt_total_net
2023-06,Malaysia,-90,slt1_for_lt_total_net
2023-06,Malaysia,25,slt2_us_lt_total_net
2023-06,Mauritius,30,slt1_for_lt_total_net
2023-06,Mauritius,2,slt2_us_lt_total_net
2023-06,Memo: Euro Area,95972,slt1_for_lt_total_net
2023-06,Memo: Euro Area,10951,slt2_us_lt_total_net
2023-06,Memo: European Union,113242,slt1_for_lt_total_net
2023-06,Memo: European Union,11128,slt2_us_lt_total_net
2023-06,Mexico,-2591,slt1_for_lt_total_net
2023-06,Mexico,-1191,slt2_us_lt_total_net
2023-06,Monaco,48,slt1_for_lt_total_net
2023-06,Monaco,-13,slt2_us_lt_total_net
2023-06,Morocco,508,slt1_for_lt_total_net
2023-06,Morocco,-230,slt2_us_lt_total_net
2023-06,Netherlands,-415,slt1_for_lt_total_net
2023-06,Netherlands,2614,slt2_us_lt_total_net
2023-06,New Zealand,372,slt1_for_lt_total_net
2023-06,New Zealand,-11,slt2_us_lt_total_net
2023-06,Norway,26590,slt1_for_lt_total_net
2023-06,Norway,-73,slt2_us_lt_total_net
2023-06,Of Which: Asset-Backed Securities,35118,slt1_for_lt_total_net
2023-06,Of Which: Asset-Backed Securities,2319,slt2_us_lt_total_net
2023-06,Of Which: Depository Institutions,4879,slt1_for_lt_total_net
2023-06,Of Which: Depository Institutions,6885,slt2_us_lt_total_net
2023-06,Of Which: Foreign Non-Official,201986,slt1_for_lt_total_net
2023-06,Of Which: Foreign Non-Official Asset-Backed Securities,20425,slt1_for_lt_total_net
2023-06,Of Which: Foreign Non-Official Depository Institutions,4182,slt1_for_lt_total_net
2023-06,Of Which: Foreign Non-Official Fund Shares,21501,slt1_for_lt_total_net
2023-06,Of Which: Foreign Non-Official Non-Financial Organizations,42611,slt1_for_lt_total_net
2023-06,Of Which: Foreign Non-Official Other Financial Organizations,86824,slt1_for_lt_total_net
2023-06,Of Which: Foreign Non-Official State & Local General Government,704,slt1_for_lt_total_net
2023-06,Of Which: Foreign Official,56408,slt1_for_lt_total_net
2023-06,Of Which: Foreign Official Asset-Backed Securities,14693,slt1_for_lt_total_net
2023-06,Of Which: Foreign Official Depository Institutions,697,slt1_for_lt_total_net
2023-06,Of Which: Foreign Official Fund Shares,1389,slt1_for_lt_total_net
2023-06,Of Which: Foreign Official Non-Financial Organizations,6140,slt1_for_lt_total_net
2023-06,Of Which: Foreign Official Other Financial Organizations,12158,slt1_for_lt_total_net
2023-06,Of Which: Foreign Official State & Local General Government,-20,slt1_for_lt_total_net
2023-06,Of Which: Fund Shares,22890,slt1_for_lt_total_net
2023-06,Of Which: Fund Shares,-6019,slt2_us_lt_total_net
2023-06,Of Which: Non-Financial Organizations,48751,slt1_for_lt_total_net
2023-06,Of Which: Non-Financial Organizations,4134,slt2_us_lt_total_net
2023-06,Of Which: Other Financial Organizations,98982,slt1_for_lt_total_net
2023-06,Of Which: Other Financial Organizations,36993,slt2_us_lt_total_net
2023-06,Of Which: State & Local General Government,684,slt1_for_lt_total_net
2023-06,Pakistan,0,slt1_for_lt_total_net
2023-06,Pakistan,-47,slt2_us_lt_total_net
2023-06,Panama,621,slt1_for_lt_total_net
2023-06,Panama,353,slt2_us_lt_total_net
2023-06,Peru,-61,slt1_for_lt_total_net
2023-06,Peru,-239,slt2_us_lt_total_net
2023-06,Philippines,269,slt1_for_lt_total_net
2023-06,Philippines,-247,slt2_us_lt_total_net
2023-06,Poland,1748,slt1_for_lt_total_net
2023-06,Poland,-330,slt2_us_lt_total_net
2023-06,Portugal,1054,slt1_for_lt_total_net
2023-06,Portugal,-51,slt2_us_lt_total_net
2023-06,Romania,179,slt1_for_lt_total_net
2023-06,Romania,-153,slt2_us_lt_total_net
2023-06,Russia,-81,slt1_for_lt_total_net
2023-06,Russia,-121,slt2_us_lt_total_net
2023-06,Saint Kitts and Nevis,41,slt1_for_lt_total_net
2023-06,Saudi Arabia,-1035,slt1_for_lt_total_net
2023-06,Serbia,301,slt1_for_lt_total_net
2023-06,Serbia,-41,slt2_us_lt_total_net
2023-06,Singapore,-8581,slt1_for_lt_total_net
2023-06,Singapore,1462,slt2_us_lt_total_net
2023-06,South Africa,890,slt1_for_lt_total_net
2023-06,South Africa,-55,slt2_us_lt_total_net
2023-06,Spain,2874,slt1_for_lt_total_net
2023-06,Spain,503,slt2_us_lt_total_net
2023-06,Sweden,4021,slt1_for_lt_total_net
2023-06,Sweden,1601,slt2_us_lt_total_net
2023-06,Switzerland,21392,slt1_for_lt_total_net
2023-06,Switzerland,-2110,slt2_us_lt_total_net
2023-06,Syria,0,slt1_for_lt_total_net
2023-06,Taiwan,6284,slt1_for_lt_total_net
2023-06,Taiwan,559,slt2_us_lt_total_net
2023-06,Thailand,640,slt1_for_lt_total_net
2023-06,Thailand,-116,slt2_us_lt_total_net
2023-06,Total Africa,2643,slt1_for_lt_total_net
2023-06,Total Africa,-40,slt2_us_lt_total_net
2023-06,Total Asia,32669,slt1_for_lt_total_net
2023-06,Total Asia,15388,slt2_us_lt_total_net
2023-06,Total Caribbean,21713,slt1_for_lt_total_net
2023-06,Total Caribbean,5588,slt2_us_lt_total_net
2023-06,Total Europe,171679,slt1_for_lt_total_net
2023-06,Total Europe,16533,slt2_us_lt_total_net
2023-06,Total IROs,8916,slt1_for_lt_total_net
2023-06,Total IROs,98,slt2_us_lt_total_net
2023-06,Total Latin America,5484,slt1_for_lt_total_net
2023-06,Total Latin America,160,slt2_us_lt_total_net
2023-06,Total Other,7860,slt1_for_lt_total_net
2023-06,Total Other,1998,slt2_us_lt_total_net
2023-06,Total Regional Orgs.,1711,slt1_for_lt_total_net
2023-06,Total Regional Orgs.,134,slt2_us_lt_total_net
2023-06,Trinidad and Tobago,107,slt1_for_lt_total_net
2023-06,Trinidad and Tobago,-28,slt2_us_lt_total_net
2023-06,Turkey,181,slt1_for_lt_total_net
2023-06,Turkey,0,slt2_us_lt_total_net
2023-06,Ukraine,1432,slt1_for_lt_total_net
2023-06,Ukraine,-34,slt2_us_lt_total_net
2023-06,United Arab Emirates,-763,slt1_for_lt_total_net
2023-06,United Arab Emirates,217,slt2_us_lt_total_net
2023-06,United Kingdom,8529,slt1_for_lt_total_net
2023-06,United Kingdom,5936,slt2_us_lt_total_net
2023-06,Uruguay,1183,slt1_for_lt_total_net
2023-06,Uruguay,-77,slt2_us_lt_total_net
2023-06,Venezuela,312,slt1_for_lt_total_net
2023-06,Venezuela,3,slt2_us_lt_total_net
2023-07,All Countries,44979,slt1_for_lt_total_net
2023-07,All Countries,38463,slt2_us_lt_total_net
2023-07,Anguilla,36,slt1_for_lt_total_net
2023-07,Argentina,60,slt1_for_lt_total_net
2023-07,Argentina,-94,slt2_us_lt_total_net
2023-07,Aruba,-820,slt1_for_lt_total_net
2023-07,Aruba,0,slt2_us_lt_total_net
2023-07,Australia,-1773,slt1_for_lt_total_net
2023-07,Australia,374,slt2_us_lt_total_net
2023-07,Austria,-119,slt1_for_lt_total_net
2023-07,Austria,-45,slt2_us_lt_total_net
2023-07,Bahamas,-221,slt1_for_lt_total_net
2023-07,Bahamas,23,slt2_us_lt_total_net
2023-07,Barbados,-92,slt1_for_lt_total_net
2023-07,Barbados,1,slt2_us_lt_total_net
2023-07,Belgium,-3837,slt1_for_lt_total_net
2023-07,Belgium,616,slt2_us_lt_total_net
2023-07,Bermuda,1975,slt1_for_lt_total_net
2023-07,Bermuda,2103,slt2_us_lt_total_net
2023-07,Brazil,-3147,slt1_for_lt_total_net
2023-07,Brazil,-1040,slt2_us_lt_total_net
2023-07,British Virgin Islands,74,slt1_for_lt_total_net
2023-07,British Virgin Islands,249,slt2_us_lt_total_net
2023-07,Bulgaria,12,slt1_for_lt_total_net
2023-07,Bulgaria,-3,slt2_us_lt_total_net
2023-07,Canada,-1331,slt1_for_lt_total_net
2023-07,Canada,7168,slt2_us_lt_total_net
2023-07,Cayman Islands,-260,slt1_for_lt_total_net
2023-07,Cayman Islands,-2893,slt2_us_lt_total_net
2023-07,Chile,2932,slt1_for_lt_total_net
2023-07,Chile,652,slt2_us_lt_total_net
2023-07,"China, Mainland",-11378,slt1_for_lt_total_net
2023-07,"China, Mainland",-806,slt2_us_lt_total_net
2023-07,Colombia,330,slt1_for_lt_total_net
2023-07,Colombia,-475,slt2_us_lt_total_net
2023-07,Costa Rica,194,slt1_for_lt_total_net
2023-07,Costa Rica,-59,slt2_us_lt_total_net
2023-07,Cuba,0,slt1_for_lt_total_net
2023-07,Cuba,0,slt2_us_lt_total_net
2023-07,Curacao,-6,slt1_for_lt_total_net
2023-07,Curacao,1280,slt2_us_lt_total_net
2023-07,Cyprus,42,slt1_for_lt_total_net
2023-07,Cyprus,3,slt2_us_lt_total_net
2023-07,Czech Republic,-723,slt1_for_lt_total_net
2023-07,Czech Republic,-55,slt2_us_lt_total_net
2023-07,Denmark,492,slt1_for_lt_total_net
2023-07,Denmark,-298,slt2_us_lt_total_net
2023-07,Ecuador,2,slt1_for_lt_total_net
2023-07,Ecuador,-28,slt2_us_lt_total_net
2023-07,Egypt,-38,slt1_for_lt_total_net
2023-07,Egypt,68,slt2_us_lt_total_net
2023-07,Finland,232,slt1_for_lt_total_net
2023-07,Finland,431,slt2_us_lt_total_net
2023-07,France,7560,slt1_for_lt_total_net
2023-07,France,3537,slt2_us_lt_total_net
2023-07,Germany,3003,slt1_for_lt_total_net
2023-07,Germany,1158,slt2_us_lt_total_net
2023-07,Grand Total,49494,slt1_for_lt_total_net
2023-07,Grand Total,38374,slt2_us_lt_total_net
2023-07,Greece,-112,slt1_for_lt_total_net
2023-07,Greece,163,slt2_us_lt_total_net
2023-07,Guatemala,-252,slt1_for_lt_total_net
2023-07,Guatemala,-4,slt2_us_lt_total_net
2023-07,Guernsey,199,slt1_for_lt_total_net
2023-07,Guernsey,218,slt2_us_lt_total_net
2023-07,Hong Kong,2323,slt1_for_lt_total_net
2023-07,Hong Kong,-85,slt2_us_lt_total_net
2023-07,Hungary,72,slt1_for_lt_total_net
2023-07,Hungary,37,slt2_us_lt_total_net
2023-07,India,-1146,slt1_for_lt_total_net
2023-07,India,2190,slt2_us_lt_total_net
2023-07,Indonesia,-353,slt1_for_lt_total_net
2023-07,Indonesia,105,slt2_us_lt_total_net
2023-07,International,4345,slt1_for_lt_total_net
2023-07,International,857,slt2_us_lt_total_net
2023-07,Ireland,4050,slt1_for_lt_total_net
2023-07,Ireland,-973,slt2_us_lt_total_net
2023-07,Israel,-685,slt1_for_lt_total_net
2023-07,Israel,1178,slt2_us_lt_total_net
2023-07,Italy,-3530,slt1_for_lt_total_net
2023-07,Italy,1534,slt2_us_lt_total_net
2023-07,Jamaica,46,slt1_for_lt_total_net
2023-07,Jamaica,-9,slt2_us_lt_total_net
2023-07,Japan,-5068,slt1_for_lt_total_net
2023-07,Japan,5212,slt2_us_lt_total_net
2023-07,Jersey,-396,slt1_for_lt_total_net
2023-07,Jersey,1903,slt2_us_lt_total_net
2023-07,Kazakhstan,98,slt1_for_lt_total_net
2023-07,Kazakhstan,9,slt2_us_lt_total_net
2023-07,"Korea, South",7469,slt1_for_lt_total_net
2023-07,"Korea, South",288,slt2_us_lt_total_net
2023-07,Kuwait,-957,slt1_for_lt_total_net
2023-07,Kuwait,82,slt2_us_lt_total_net
2023-07,Lebanon,7,slt1_for_lt_total_net
2023-07,Lebanon,-3,slt2_us_lt_total_net
2023-07,Liberia,-24,slt1_for_lt_total_net
2023-07,Liberia,71,slt2_us_lt_total_net
2023-07,Luxembourg,19144,slt1_for_lt_total_net
2023-07,Luxembourg,469,slt2_us_lt_total_net
2023-07,Malaysia,877,slt1_for_lt_total_net
2023-07,Malaysia,173,slt2_us_lt_total_net
2023-07,Mauritius,78,slt1_for_lt_total_net
2023-07,Mauritius,-237,slt2_us_lt_total_net
2023-07,Memo: Euro Area,26108,slt1_for_lt_total_net
2023-07,Memo: Euro Area,8420,slt2_us_lt_total_net
2023-07,Memo: European Union,27342,slt1_for_lt_total_net
2023-07,Memo: European Union,8941,slt2_us_lt_total_net
2023-07,Mexico,2888,slt1_for_lt_total_net
2023-07,Mexico,363,slt2_us_lt_total_net
2023-07,Monaco,-15,slt1_for_lt_total_net
2023-07,Monaco,-7,slt2_us_lt_total_net
2023-07,Morocco,-170,slt1_for_lt_total_net
2023-07,Morocco,15,slt2_us_lt_total_net
2023-07,Netherlands,783,slt1_for_lt_total_net
2023-07,Netherlands,863,slt2_us_lt_total_net
2023-07,New Zealand,538,slt1_for_lt_total_net
2023-07,New Zealand,258,slt2_us_lt_total_net
2023-07,Norway,7365,slt1_for_lt_total_net
2023-07,Norway,-178,slt2_us_lt_total_net
2023-07,Of Which: Asset-Backed Securities,10490,slt1_for_lt_total_net
2023-07,Of Which: Asset-Backed Securities,-5457,slt2_us_lt_total_net
2023-07,Of Which: Depository Institutions,3163,slt1_for_lt_total_net
2023-07,Of Which: Depository Institutions,-60,slt2_us_lt_total_net
2023-07,Of Which: Foreign Non-Official,63308,slt1_for_lt_total_net
2023-07,Of Which: Foreign Non-Official Asset-Backed Securities,8831,slt1_for_lt_total_net
2023-07,Of Which: Foreign Non-Official Depository Institutions,3061,slt1_for_lt_total_net
2023-07,Of Which: Foreign Non-Official Fund Shares,19270,slt1_for_lt_total_net
2023-07,Of Which: Foreign Non-Official Non-Financial Organizations,2818,slt1_for_lt_total_net
2023-07,Of Which: Foreign Non-Official Other Financial Organizations,31359,slt1_for_lt_total_net
2023-07,Of Which: Foreign Non-Official State & Local General Government,-480,slt1_for_lt_total_net
2023-07,Of Which: Foreign Official,-13814,slt1_for_lt_total_net
2023-07,Of Which: Foreign Official Asset-Backed Securities,1659,slt1_for_lt_total_net
2023-07,Of Which: Foreign Official Depository Institutions,102,slt1_for_lt_total_net
2023-07,Of Which: Foreign Official Fund Shares,426,slt1_for_lt_total_net
2023-07,Of Which: Foreign Official Non-Financial Organizations,5847,slt1_for_lt_total_net
2023-07,Of Which: Foreign Official Other Financial Organizations,2403,slt1_for_lt_total_net
2023-07,Of Which: Foreign Official State & Local General Government,-102,slt1_for_lt_total_net
2023-07,Of Which: Fund Shares,19696,slt1_for_lt_total_net
2023-07,Of Which: Fund Shares,2256,slt2_us_lt_total_net
2023-07,Of Which: Non-Financial Organizations,8665,slt1_for_lt_total_net
2023-07,Of Which: Non-Financial Organizations,10195,slt2_us_lt_total_net
2023-07,Of Which: Other Financial Organizations,33762,slt1_for_lt_total_net
2023-07,Of Which: Other Financial Organizations,27349,slt2_us_lt_total_net
2023-07,Of Which: State & Local General Government,-582,slt1_for_lt_total_net
2023-07,Pakistan,0,slt1_for_lt_total_net
2023-07,Pakistan,-14,slt2_us_lt_total_net
2023-07,Panama,468,slt1_for_lt_total_net
2023-07,Panama,636,slt2_us_lt_total_net
2023-07,Peru,-271,slt1_for_lt_total_net
2023-07,Peru,68,slt2_us_lt_total_net
2023-07,Philippines,697,slt1_for_lt_total_net
2023-07,Philippines,120,slt2_us_lt_total_net
2023-07,Poland,-39,slt1_for_lt_total_net
2023-07,Poland,120,slt2_us_lt_total_net
2023-07,Portugal,365,slt1_for_lt_total_net
2023-07,Portugal,81,slt2_us_lt_total_net
2023-07,Romania,-41,slt1_for_lt_total_net
2023-07,Romania,266,slt2_us_lt_total_net
2023-07,Russia,-88,slt1_for_lt_total_net
2023-07,Russia,-165,slt2_us_lt_total_net
2023-07,Saint Kitts and Nevis,-40,slt1_for_lt_total_net
2023-07,Saudi Arabia,676,slt1_for_lt_total_net
2023-07,Serbia,85,slt1_for_lt_total_net
2023-07,Serbia,-32,slt2_us_lt_total_net
2023-07,Singapore,6769,slt1_for_lt_total_net
2023-07,Singapore,1727,slt2_us_lt_total_net
2023-07,South Africa,-120,slt1_for_lt_total_net
2023-07,South Africa,748,slt2_us_lt_total_net
2023-07,Spain,-1467,slt1_for_lt_total_net
2023-07,Spain,597,slt2_us_lt_total_net
2023-07,Sweden,1461,slt1_for_lt_total_net
2023-07,Sweden,454,slt2_us_lt_total_net
2023-07,Switzerland,-4304,slt1_for_lt_total_net
2023-07,Switzerland,199,slt2_us_lt_total_net
2023-07,Syria,0,slt1_for_lt_total_net
2023-07,Taiwan,5121,slt1_for_lt_total_net
2023-07,Taiwan,-662,slt2_us_lt_total_net
2023-07,Thailand,-260,slt1_for_lt_total_net
2023-07,Thailand,-45,slt2_us_lt_total_net
2023-07,Total Africa,-129,slt1_for_lt_total_net
2023-07,Total Africa,584,slt2_us_lt_total_net
2023-07,Total Asia,2992,slt1_for_lt_total_net
2023-07,Total Asia,9894,slt2_us_lt_total_net
2023-07,Total Caribbean,1059,slt1_for_lt_total_net
2023-07,Total Caribbean,651,slt2_us_lt_total_net
2023-07,Total Europe,39781,slt1_for_lt_total_net
2023-07,Total Europe,18882,slt2_us_lt_total_net
2023-07,Total IROs,4515,slt1_for_lt_total_net
2023-07,Total IROs,-89,slt2_us_lt_total_net
2023-07,Total Latin America,3792,slt1_for_lt_total_net
2023-07,Total Latin America,594,slt2_us_lt_total_net
2023-07,Total Other,-1182,slt1_for_lt_total_net
2023-07,Total Other,690,slt2_us_lt_total_net
2023-07,Total Regional Orgs.,170,slt1_for_lt_total_net
2023-07,Total Regional Orgs.,-946,slt2_us_lt_total_net
2023-07,Trinidad and Tobago,91,slt1_for_lt_total_net
2023-07,Trinidad and Tobago,1,slt2_us_lt_total_net
2023-07,Turkey,136,slt1_for_lt_total_net
2023-07,Turkey,533,slt2_us_lt_total_net
2023-07,Ukraine,-729,slt1_for_lt_total_net
2023-07,Ukraine,-40,slt2_us_lt_total_net
2023-07,United Arab Emirates,-147,slt1_for_lt_total_net
2023-07,United Arab Emirates,290,slt2_us_lt_total_net
2023-07,United Kingdom,9673,slt1_for_lt_total_net
2023-07,United Kingdom,7488,slt2_us_lt_total_net
2023-07,Uruguay,695,slt1_for_lt_total_net
2023-07,Uruguay,362,slt2_us_lt_total_net
2023-07,Venezuela,94,slt1_for_lt_total_net
2023-07,Venezuela,1,slt2_us_lt_total_net
2023-08,All Countries,78576,slt1_for_lt_total_net
2023-08,All Countries,-5653,slt2_us_lt_total_net
2023-08,Anguilla,462,slt1_for_lt_total_net
2023-08,Argentina,294,slt1_for_lt_total_net
2023-08,Argentina,14,slt2_us_lt_total_net
2023-08,Aruba,-3,slt1_for_lt_total_net
2023-08,Aruba,-32,slt2_us_lt_total_net
2023-08,Australia,964,slt1_for_lt_total_net
2023-08,Australia,850,slt2_us_lt_total_net
2023-08,Austria,-10,slt1_for_lt_total_net
2023-08,Austria,-292,slt2_us_lt_total_net
2023-08,Bahamas,1673,slt1_for_lt_total_net
2023-08,Bahamas,-15,slt2_us_lt_total_net
2023-08,Barbados,164,slt1_for_lt_total_net
2023-08,Barbados,-17,slt2_us_lt_total_net
2023-08,Belgium,-1840,slt1_for_lt_total_net
2023-08,Belgium,304,slt2_us_lt_total_net
2023-08,Bermuda,2160,slt1_for_lt_total_net
2023-08,Bermuda,-395,slt2_us_lt_total_net
2023-08,Brazil,-396,slt1_for_lt_total_net
2023-08,Brazil,-236,slt2_us_lt_total_net
2023-08,British Virgin Islands,2569,slt1_for_lt_total_net
2023-08,British Virgin Islands,-451,slt2_us_lt_total_net
2023-08,Bulgaria,20,slt1_for_lt_total_net
2023-08,Bulgaria,-3,slt2_us_lt_total_net
2023-08,Canada,-3776,slt1_for_lt_total_net
2023-08,Canada,3247,slt2_us_lt_total_net
2023-08,Cayman Islands,22932,slt1_for_lt_total_net
2023-08,Cayman Islands,-13315,slt2_us_lt_total_net
2023-08,Chile,1767,slt1_for_lt_total_net
2023-08,Chile,-214,slt2_us_lt_total_net
2023-08,"China, Mainland",-21210,slt1_for_lt_total_net
2023-08,"China, Mainland",-4049,slt2_us_lt_total_net
2023-08,Colombia,1166,slt1_for_lt_total_net
2023-08,Colombia,-506,slt2_us_lt_total_net
2023-08,Costa Rica,318,slt1_for_lt_total_net
2023-08,Costa Rica,-26,slt2_us_lt_total_net
2023-08,Cuba,0,slt1_for_lt_total_net
2023-08,Cuba,0,slt2_us_lt_total_net
2023-08,Curacao,10,slt1_for_lt_total_net
2023-08,Curacao,48,slt2_us_lt_total_net
2023-08,Cyprus,108,slt1_for_lt_total_net
2023-08,Cyprus,-34,slt2_us_lt_total_net
2023-08,Czech Republic,1285,slt1_for_lt_total_net
2023-08,Czech Republic,-50,slt2_us_lt_total_net
2023-08,Denmark,-967,slt1_for_lt_total_net
2023-08,Denmark,784,slt2_us_lt_total_net
2023-08,Ecuador,-30,slt1_for_lt_total_net
2023-08,Ecuador,8,slt2_us_lt_total_net
2023-08,Egypt,156,slt1_for_lt_total_net
2023-08,Egypt,-30,slt2_us_lt_total_net
2023-08,Finland,509,slt1_for_lt_total_net
2023-08,Finland,-330,slt2_us_lt_total_net
2023-08,France,-3441,slt1_for_lt_total_net
2023-08,France,1685,slt2_us_lt_total_net
2023-08,Germany,-1684,slt1_for_lt_total_net
2023-08,Germany,-1285,slt2_us_lt_total_net
2023-08,Grand Total,73170,slt1_for_lt_total_net
2023-08,Grand Total,-2836,slt2_us_lt_total_net
2023-08,Greece,-165,slt1_for_lt_total_net
2023-08,Greece,-73,slt2_us_lt_total_net
2023-08,Guatemala,5,slt1_for_lt_total_net
2023-08,Guatemala,37,slt2_us_lt_total_net
2023-08,Guernsey,299,slt1_for_lt_total_net
2023-08,Guernsey,151,slt2_us_lt_total_net
2023-08,Hong Kong,3437,slt1_for_lt_total_net
2023-08,Hong Kong,-1861,slt2_us_lt_total_net
2023-08,Hungary,137,slt1_for_lt_total_net
2023-08,Hungary,181,slt2_us_lt_total_net
2023-08,India,-519,slt1_for_lt_total_net
2023-08,India,1787,slt2_us_lt_total_net
2023-08,Indonesia,-469,slt1_for_lt_total_net
2023-08,Indonesia,-242,slt2_us_lt_total_net
2023-08,International,-7139,slt1_for_lt_total_net
2023-08,International,2056,slt2_us_lt_total_net
2023-08,Ireland,12805,slt1_for_lt_total_net
2023-08,Ireland,1863,slt2_us_lt_total_net
2023-08,Israel,-2834,slt1_for_lt_total_net
2023-08,Israel,266,slt2_us_lt_total_net
2023-08,Italy,231,slt1_for_lt_total_net
2023-08,Italy,148,slt2_us_lt_total_net
2023-08,Jamaica,46,slt1_for_lt_total_net
2023-08,Jamaica,15,slt2_us_lt_total_net
2023-08,Japan,10754,slt1_for_lt_total_net
2023-08,Japan,3120,slt2_us_lt_total_net
2023-08,Jersey,-74,slt1_for_lt_total_net
2023-08,Jersey,1210,slt2_us_lt_total_net
2023-08,Kazakhstan,455,slt1_for_lt_total_net
2023-08,Kazakhstan,-22,slt2_us_lt_total_net
2023-08,"Korea, South",4123,slt1_for_lt_total_net
2023-08,"Korea, South",1348,slt2_us_lt_total_net
2023-08,Kuwait,1551,slt1_for_lt_total_net
2023-08,Kuwait,22,slt2_us_lt_total_net
2023-08,Lebanon,11,slt1_for_lt_total_net
2023-08,Lebanon,-2,slt2_us_lt_total_net
2023-08,Liberia,10,slt1_for_lt_total_net
2023-08,Liberia,538,slt2_us_lt_total_net
2023-08,Luxembourg,21916,slt1_for_lt_total_net
2023-08,Luxembourg,-133,slt2_us_lt_total_net
2023-08,Malaysia,864,slt1_for_lt_total_net
2023-08,Malaysia,204,slt2_us_lt_total_net
2023-08,Mauritius,71,slt1_for_lt_total_net
2023-08,Mauritius,30,slt2_us_lt_total_net
2023-08,Memo: Euro Area,31470,slt1_for_lt_total_net
2023-08,Memo: Euro Area,641,slt2_us_lt_total_net
2023-08,Memo: European Union,34745,slt1_for_lt_total_net
2023-08,Memo: European Union,763,slt2_us_lt_total_net
2023-08,Mexico,171,slt1_for_lt_total_net
2023-08,Mexico,-472,slt2_us_lt_total_net
2023-08,Monaco,9,slt1_for_lt_total_net
2023-08,Monaco,-9,slt2_us_lt_total_net
2023-08,Morocco,-69,slt1_for_lt_total_net
2023-08,Morocco,2,slt2_us_lt_total_net
2023-08,Netherlands,1800,slt1_for_lt_total_net
2023-08,Netherlands,-2038,slt2_us_lt_total_net
2023-08,New Zealand,-2073,slt1_for_lt_total_net
2023-08,New Zealand,-106,slt2_us_lt_total_net
2023-08,Norway,3762,slt1_for_lt_total_net
2023-08,Norway,-294,slt2_us_lt_total_net
2023-08,Of Which: Asset-Backed Securities,17519,slt1_for_lt_total_net
2023-08,Of Which: Asset-Backed Securities,-7691,slt2_us_lt_total_net
2023-08,Of Which: Depository Institutions,3207,slt1_for_lt_total_net
2023-08,Of Which: Depository Institutions,-3680,slt2_us_lt_total_net
2023-08,Of Which: Foreign Non-Official,68236,slt1_for_lt_total_net
2023-08,Of Which: Foreign Non-Official Asset-Backed Securities,15898,slt1_for_lt_total_net
2023-08,Of Which: Foreign Non-Official Depository Institutions,3244,slt1_for_lt_total_net
2023-08,Of Which: Foreign Non-Official Fund Shares,-2558,slt1_for_lt_total_net
2023-08,Of Which: Foreign Non-Official Non-Financial Organizations,32117,slt1_for_lt_total_net
2023-08,Of Which: Foreign Non-Official Other Financial Organizations,8262,slt1_for_lt_total_net
2023-08,Of Which: Foreign Non-Official State & Local General Government,21,slt1_for_lt_total_net
2023-08,Of Which: Foreign Official,4934,slt1_for_lt_total_net
2023-08,Of Which: Foreign Official Asset-Backed Securities,1621,slt1_for_lt_total_net
2023-08,Of Which: Foreign Official Depository Institutions,-37,slt1_for_lt_total_net
2023-08,Of Which: Foreign Official Fund Shares,512,slt1_for_lt_total_net
2023-08,Of Which: Foreign Official Non-Financial Organizations,7546,slt1_for_lt_total_net
2023-08,Of Which: Foreign Official Other Financial Organizations,1636,slt1_for_lt_total_net
2023-08,Of Which: Foreign Official State & Local General Government,22,slt1_for_lt_total_net
2023-08,Of Which: Fund Shares,-2046,slt1_for_lt_total_net
2023-08,Of Which: Fund Shares,-273,slt2_us_lt_total_net
2023-08,Of Which: Non-Financial Organizations,39663,slt1_for_lt_total_net
2023-08,Of Which: Non-Financial Organizations,7097,slt2_us_lt_total_net
2023-08,Of Which: Other Financial Organizations,9898,slt1_for_lt_total_net
2023-08,Of Which: Other Financial Organizations,-7798,slt2_us_lt_total_net
2023-08,Of Which: State & Local General Government,43,slt1_for_lt_total_net
2023-08,Pakistan,0,slt1_for_lt_total_net
2023-08,Pakistan,6,slt2_us_lt_total_net
2023-08,Panama,554,slt1_for_lt_total_net
2023-08,Panama,315,slt2_us_lt_total_net
2023-08,Peru,990,slt1_for_lt_total_net
2023-08,Peru,-98,slt2_us_lt_total_net
2023-08,Philippines,-271,slt1_for_lt_total_net
2023-08,Philippines,-26,slt2_us_lt_total_net
2023-08,Poland,1302,slt1_for_lt_total_net
2023-08,Poland,-355,slt2_us_lt_total_net
2023-08,Portugal,63,slt1_for_lt_total_net
2023-08,Portugal,112,slt2_us_lt_total_net
2023-08,Romania,-353,slt1_for_lt_total_net
2023-08,Romania,-87,slt2_us_lt_total_net
2023-08,Russia,-128,slt1_for_lt_total_net
2023-08,Russia,-84,slt2_us_lt_total_net
2023-08,Saint Kitts and Nevis,128,slt1_for_lt_total_net
2023-08,Saudi Arabia,-1082,slt1_for_lt_total_net
2023-08,Serbia,267,slt1_for_lt_total_net
2023-08,Serbia,-44,slt2_us_lt_total_net
2023-08,Singapore,6894,slt1_for_lt_total_net
2023-08,Singapore,73,slt2_us_lt_total_net
2023-08,South Africa,806,slt1_for_lt_total_net
2023-08,South Africa,487,slt2_us_lt_total_net
2023-08,Spain,1344,slt1_for_lt_total_net
2023-08,Spain,719,slt2_us_lt_total_net
2023-08,Sweden,1851,slt1_for_lt_total_net
2023-08,Sweden,-348,slt2_us_lt_total_net
2023-08,Switzerland,-23060,slt1_for_lt_total_net
2023-08,Switzerland,-2682,slt2_us_lt_total_net
2023-08,Syria,0,slt1_for_lt_total_net
2023-08,Taiwan,6481,slt1_for_lt_total_net
2023-08,Taiwan,-145,slt2_us_lt_total_net
2023-08,Thailand,-1457,slt1_for_lt_total_net
2023-08,Thailand,86,slt2_us_lt_total_net
2023-08,Total Africa,1386,slt1_for_lt_total_net
2023-08,Total Africa,1042,slt2_us_lt_total_net
2023-08,Total Asia,15775,slt1_for_lt_total_net
2023-08,Total Asia,1254,slt2_us_lt_total_net
2023-08,Total Caribbean,30790,slt1_for_lt_total_net
2023-08,Total Caribbean,-14224,slt2_us_lt_total_net
2023-08,Total Europe,30019,slt1_for_lt_total_net
2023-08,Total Europe,3477,slt2_us_lt_total_net
2023-08,Total IROs,-5406,slt1_for_lt_total_net
2023-08,Total IROs,2817,slt2_us_lt_total_net
2023-08,Total Latin America,5440,slt1_for_lt_total_net
2023-08,Total Latin America,-1345,slt2_us_lt_total_net
2023-08,Total Other,-1052,slt1_for_lt_total_net
2023-08,Total Other,896,slt2_us_lt_total_net
2023-08,Total Regional Orgs.,1733,slt1_for_lt_total_net
2023-08,Total Regional Orgs.,761,slt2_us_lt_total_net
2023-08,Trinidad and Tobago,82,slt1_for_lt_total_net
2023-08,Trinidad and Tobago,-4,slt2_us_lt_total_net
2023-08,Turkey,84,slt1_for_lt_total_net
2023-08,Turkey,90,slt2_us_lt_total_net
2023-08,Ukraine,1140,slt1_for_lt_total_net
2023-08,Ukraine,-55,slt2_us_lt_total_net
2023-08,United Arab Emirates,9563,slt1_for_lt_total_net
2023-08,United Arab Emirates,219,slt2_us_lt_total_net
2023-08,United Kingdom,12054,slt1_for_lt_total_net
2023-08,United Kingdom,4188,slt2_us_lt_total_net
2023-08,Uruguay,658,slt1_for_lt_total_net
2023-08,Uruguay,-112,slt2_us_lt_total_net
2023-08,Venezuela,66,slt1_for_lt_total_net
2023-08,Venezuela,29,slt2_us_lt_total_net
2023-09,All Countries,20006,slt1_for_lt_total_net
2023-09,All Countries,3,slt2_us_lt_total_net
2023-09,Anguilla,175,slt1_for_lt_total_net
2023-09,Argentina,315,slt1_for_lt_total_net
2023-09,Argentina,-55,slt2_us_lt_total_net
2023-09,Aruba,-43,slt1_for_lt_total_net
2023-09,Aruba,-10,slt2_us_lt_total_net
2023-09,Australia,-246,slt1_for_lt_total_net
2023-09,Australia,3655,slt2_us_lt_total_net
2023-09,Austria,174,slt1_for_lt_total_net
2023-09,Austria,-305,slt2_us_lt_total_net
2023-09,Bahamas,1770,slt1_for_lt_total_net
2023-09,Bahamas,59,slt2_us_lt_total_net
2023-09,Barbados,-408,slt1_for_lt_total_net
2023-09,Barbados,-30,slt2_us_lt_total_net
2023-09,Belgium,5966,slt1_for_lt_total_net
2023-09,Belgium,352,slt2_us_lt_total_net
2023-09,Bermuda,-1479,slt1_for_lt_total_net
2023-09,Bermuda,97,slt2_us_lt_total_net
2023-09,Brazil,1771,slt1_for_lt_total_net
2023-09,Brazil,398,slt2_us_lt_total_net
2023-09,British Virgin Islands,5072,slt1_for_lt_total_net
2023-09,British Virgin Islands,-901,slt2_us_lt_total_net
2023-09,Bulgaria,-16,slt1_for_lt_total_net
2023-09,Bulgaria,-1,slt2_us_lt_total_net
2023-09,Canada,-18946,slt1_for_lt_total_net
2023-09,Canada,5495,slt2_us_lt_total_net
2023-09,Cayman Islands,13342,slt1_for_lt_total_net
2023-09,Cayman Islands,-9457,slt2_us_lt_total_net
2023-09,Chile,-38,slt1_for_lt_total_net
2023-09,Chile,1961,slt2_us_lt_total_net
2023-09,"China, Mainland",-2909,slt1_for_lt_total_net
2023-09,"China, Mainland",-295,slt2_us_lt_total_net
2023-09,Colombia,329,slt1_for_lt_total_net
2023-09,Colombia,-295,slt2_us_lt_total_net
2023-09,Costa Rica,86,slt1_for_lt_total_net
2023-09,Costa Rica,-79,slt2_us_lt_total_net
2023-09,Cuba,-1,slt1_for_lt_total_net
2023-09,Cuba,0,slt2_us_lt_total_net
2023-09,Curacao,154,slt1_for_lt_total_net
2023-09,Curacao,231,slt2_us_lt_total_net
2023-09,Cyprus,10,slt1_for_lt_total_net
2023-09,Cyprus,-32,slt2_us_lt_total_net
2023-09,Czech Republic,1546,slt1_for_lt_total_net
2023-09,Czech Republic,198,slt2_us_lt_total_net
2023-09,Denmark,387,slt1_for_lt_total_net
2023-09,Denmark,533,slt2_us_lt_total_net
2023-09,Ecuador,4,slt1_for_lt_total_net
2023-09,Ecuador,-61,slt2_us_lt_total_net
2023-09,Egypt,182,slt1_for_lt_total_net
2023-09,Egypt,-4,slt2_us_lt_total_net
2023-09,Finland,-843,slt1_for_lt_total_net
2023-09,Finland,-1262,slt2_us_lt_total_net
2023-09,France,2098,slt1_for_lt_total_net
2023-09,France,-3938,slt2_us_lt_total_net
2023-09,Germany,1922,slt1_for_lt_total_net
2023-09,Germany,4178,slt2_us_lt_total_net
2023-09,Grand Total,22708,slt1_for_lt_total_net
2023-09,Grand Total,360,slt2_us_lt_total_net
2023-09,Greece,100,slt1_for_lt_total_net
2023-09,Greece,-159,slt2_us_lt_total_net
2023-09,Guatemala,-741,slt1_for_lt_total_net
2023-09,Guatemala,-25,slt2_us_lt_total_net
2023-09,Guernsey,319,slt1_for_lt_total_net
2023-09,Guernsey,355,slt2_us_lt_total_net
2023-09,Hong Kong,297,slt1_for_lt_total_net
2023-09,Hong Kong,-996,slt2_us_lt_total_net
2023-09,Hungary,-77,slt1_for_lt_total_net
2023-09,Hungary,-145,slt2_us_lt_total_net
2023-09,India,-545,slt1_for_lt_total_net
2023-09,India,15,slt2_us_lt_total_net
2023-09,Indonesia,106,slt1_for_lt_total_net
2023-09,Indonesia,-183,slt2_us_lt_total_net
2023-09,International,1574,slt1_for_lt_total_net
2023-09,International,301,slt2_us_lt_total_net
2023-09,Ireland,10996,slt1_for_lt_total_net
2023-09,Ireland,1533,slt2_us_lt_total_net
2023-09,Israel,2373,slt1_for_lt_total_net
2023-09,Israel,-444,slt2_us_lt_total_net
2023-09,Italy,100,slt1_for_lt_total_net
2023-09,Italy,194,slt2_us_lt_total_net
2023-09,Jamaica,45,slt1_for_lt_total_net
2023-09,Jamaica,-14,slt2_us_lt_total_net
2023-09,Japan,-889,slt1_for_lt_total_net
2023-09,Japan,-9419,slt2_us_lt_total_net
2023-09,Jersey,-98,slt1_for_lt_total_net
2023-09,Jersey,848,slt2_us_lt_total_net
2023-09,Kazakhstan,97,slt1_for_lt_total_net
2023-09,Kazakhstan,-34,slt2_us_lt_total_net
2023-09,"Korea, South",-1020,slt1_for_lt_total_net
2023-09,"Korea, South",767,slt2_us_lt_total_net
2023-09,Kuwait,-189,slt1_for_lt_total_net
2023-09,Kuwait,-56,slt2_us_lt_total_net
2023-09,Lebanon,-11,slt1_for_lt_total_net
2023-09,Lebanon,-8,slt2_us_lt_total_net
2023-09,Liberia,9,slt1_for_lt_total_net
2023-09,Liberia,17,slt2_us_lt_total_net
2023-09,Luxembourg,4711,slt1_for_lt_total_net
2023-09,Luxembourg,3531,slt2_us_lt_total_net
2023-09,Malaysia,-261,slt1_for_lt_total_net
2023-09,Malaysia,-54,slt2_us_lt_total_net
2023-09,Mauritius,26,slt1_for_lt_total_net
2023-09,Mauritius,-70,slt2_us_lt_total_net
2023-09,Memo: Euro Area,20557,slt1_for_lt_total_net
2023-09,Memo: Euro Area,4115,slt2_us_lt_total_net
2023-09,Memo: European Union,23495,slt1_for_lt_total_net
2023-09,Memo: European Union,4570,slt2_us_lt_total_net
2023-09,Mexico,6052,slt1_for_lt_total_net
2023-09,Mexico,-1598,slt2_us_lt_total_net
2023-09,Monaco,56,slt1_for_lt_total_net
2023-09,Monaco,0,slt2_us_lt_total_net
2023-09,Morocco,-30,slt1_for_lt_total_net
2023-09,Morocco,-78,slt2_us_lt_total_net
2023-09,Netherlands,-2754,slt1_for_lt_total_net
2023-09,Netherlands,-1940,slt2_us_lt_total_net
2023-09,New Zealand,-220,slt1_for_lt_total_net
2023-09,New Zealand,76,slt2_us_lt_total_net
2023-09,Norway,-12148,slt1_for_lt_total_net
2023-09,Norway,-131,slt2_us_lt_total_net
2023-09,Of Which: Asset-Backed Securities,24074,slt1_for_lt_total_net
2023-09,Of Which: Asset-Backed Securities,-9373,slt2_us_lt_total_net
2023-09,Of Which: Depository Institutions,5801,slt1_for_lt_total_net
2023-09,Of Which: Depository Institutions,-5716,slt2_us_lt_total_net
2023-09,Of Which: Foreign Non-Official,21665,slt1_for_lt_total_net
2023-09,Of Which: Foreign Non-Official Asset-Backed Securities,22271,slt1_for_lt_total_net
2023-09,Of Which: Foreign Non-Official Depository Institutions,5342,slt1_for_lt_total_net
2023-09,Of Which: Foreign Non-Official Fund Shares,-3758,slt1_for_lt_total_net
2023-09,Of Which: Foreign Non-Official Non-Financial Organizations,-21,slt1_for_lt_total_net
2023-09,Of Which: Foreign Non-Official Other Financial Organizations,-1499,slt1_for_lt_total_net
2023-09,Of Which: Foreign Non-Official State & Local General Government,-178,slt1_for_lt_total_net
2023-09,Of Which: Foreign Official,1043,slt1_for_lt_total_net
2023-09,Of Which: Foreign Official Asset-Backed Securities,1803,slt1_for_lt_total_net
2023-09,Of Which: Foreign Official Depository Institutions,459,slt1_for_lt_total_net
2023-09,Of Which: Foreign Official Fund Shares,-1400,slt1_for_lt_total_net
2023-09,Of Which: Foreign Official Non-Financial Organizations,-11374,slt1_for_lt_total_net
2023-09,Of Which: Foreign Official Other Financial Organizations,-2778,slt1_for_lt_total_net
2023-09,Of Which: Foreign Official State & Local General Government,-143,slt1_for_lt_total_net
2023-09,Of Which: Fund Shares,-5158,slt1_for_lt_total_net
2023-09,Of Which: Fund Shares,2189,slt2_us_lt_total_net
2023-09,Of Which: Non-Financial Organizations,-11395,slt1_for_lt_total_net
2023-09,Of Which: Non-Financial Organizations,862,slt2_us_lt_total_net
2023-09,Of Which: Other Financial Organizations,-4277,slt1_for_lt_total_net
2023-09,Of Which: Other Financial Organizations,3496,slt2_us_lt_total_net
2023-09,Of Which: State & Local General Government,-321,slt1_for_lt_total_net
2023-09,Pakistan,-1,slt1_for_lt_total_net
2023-09,Pakistan,-25,slt2_us_lt_total_net
2023-09,Panama,138,slt1_for_lt_total_net
2023-09,Panama,2,slt2_us_lt_total_net
2023-09,Peru,-179,slt1_for_lt_total_net
2023-09,Peru,256,slt2_us_lt_total_net
2023-09,Philippines,485,slt1_for_lt_total_net
2023-09,Philippines,-156,slt2_us_lt_total_net
2023-09,Poland,-18,slt1_for_lt_total_net
2023-09,Poland,-57,slt2_us_lt_total_net
2023-09,Portugal,-128,slt1_for_lt_total_net
2023-09,Portugal,224,slt2_us_lt_total_net
2023-09,Romania,58,slt1_for_lt_total_net
2023-09,Romania,441,slt2_us_lt_total_net
2023-09,Russia,-24,slt1_for_lt_total_net
2023-09,Russia,-781,slt2_us_lt_total_net
2023-09,Saint Kitts and Nevis,16,slt1_for_lt_total_net
2023-09,Saudi Arabia,1726,slt1_for_lt_total_net
2023-09,Serbia,71,slt1_for_lt_total_net
2023-09,Serbia,-15,slt2_us_lt_total_net
2023-09,Singapore,8240,slt1_for_lt_total_net
2023-09,Singapore,577,slt2_us_lt_total_net
2023-09,South Africa,705,slt1_for_lt_total_net
2023-09,South Africa,-194,slt2_us_lt_total_net
2023-09,Spain,-1494,slt1_for_lt_total_net
2023-09,Spain,1526,slt2_us_lt_total_net
2023-09,Sweden,1058,slt1_for_lt_total_net
2023-09,Sweden,-514,slt2_us_lt_total_net
2023-09,Switzerland,-8915,slt1_for_lt_total_net
2023-09,Switzerland,140,slt2_us_lt_total_net
2023-09,Syria,0,slt1_for_lt_total_net
2023-09,Taiwan,3197,slt1_for_lt_total_net
2023-09,Taiwan,-946,slt2_us_lt_total_net
2023-09,Thailand,-2046,slt1_for_lt_total_net
2023-09,Thailand,-129,slt2_us_lt_total_net
2023-09,Total Africa,1054,slt1_for_lt_total_net
2023-09,Total Africa,-434,slt2_us_lt_total_net
2023-09,Total Asia,9077,slt1_for_lt_total_net
2023-09,Total Asia,-11426,slt2_us_lt_total_net
2023-09,Total Caribbean,20232,slt1_for_lt_total_net
2023-09,Total Caribbean,-9699,slt2_us_lt_total_net
2023-09,Total Europe,574,slt1_for_lt_total_net
2023-09,Total Europe,11811,slt2_us_lt_total_net
2023-09,Total IROs,2702,slt1_for_lt_total_net
2023-09,Total IROs,357,slt2_us_lt_total_net
2023-09,Total Latin America,8546,slt1_for_lt_total_net
2023-09,Total Latin America,541,slt2_us_lt_total_net
2023-09,Total Other,-520,slt1_for_lt_total_net
2023-09,Total Other,3715,slt2_us_lt_total_net
2023-09,Total Regional Orgs.,1128,slt1_for_lt_total_net
2023-09,Total Regional Orgs.,56,slt2_us_lt_total_net
2023-09,Trinidad and Tobago,21,slt1_for_lt_total_net
2023-09,Trinidad and Tobago,108,slt2_us_lt_total_net
2023-09,Turkey,6,slt1_for_lt_total_net
2023-09,Turkey,-95,slt2_us_lt_total_net
2023-09,Ukraine,2002,slt1_for_lt_total_net
2023-09,Ukraine,11,slt2_us_lt_total_net
2023-09,United Arab Emirates,925,slt1_for_lt_total_net
2023-09,United Arab Emirates,401,slt2_us_lt_total_net
2023-09,United Kingdom,-3693,slt1_for_lt_total_net
2023-09,United Kingdom,7055,slt2_us_lt_total_net
2023-09,Uruguay,649,slt1_for_lt_total_net
2023-09,Uruguay,8,slt2_us_lt_total_net
2023-09,Venezuela,48,slt1_for_lt_total_net
2023-09,Venezuela,1,slt2_us_lt_total_net
2023-10,All Countries,-55764,slt1_for_lt_total_net
2023-10,All Countries,-20978,slt2_us_lt_total_net
2023-10,Anguilla,-77,slt1_for_lt_total_net
2023-10,Argentina,207,slt1_for_lt_total_net
2023-10,Argentina,345,slt2_us_lt_total_net
2023-10,Aruba,15,slt1_for_lt_total_net
2023-10,Aruba,-1,slt2_us_lt_total_net
2023-10,Australia,-12029,slt1_for_lt_total_net
2023-10,Australia,-965,slt2_us_lt_total_net
2023-10,Austria,-741,slt1_for_lt_total_net
2023-10,Austria,151,slt2_us_lt_total_net
2023-10,Bahamas,1589,slt1_for_lt_total_net
2023-10,Bahamas,4,slt2_us_lt_total_net
2023-10,Barbados,45,slt1_for_lt_total_net
2023-10,Barbados,0,slt2_us_lt_total_net
2023-10,Belgium,-12788,slt1_for_lt_total_net
2023-10,Belgium,-251,slt2_us_lt_total_net
2023-10,Bermuda,-6800,slt1_for_lt_total_net
2023-10,Bermuda,-619,slt2_us_lt_total_net
2023-10,Brazil,-3849,slt1_for_lt_total_net
2023-10,Brazil,152,slt2_us_lt_total_net
2023-10,British Virgin Islands,1626,slt1_for_lt_total_net
2023-10,British Virgin Islands,-269,slt2_us_lt_total_net
2023-10,Bulgaria,-8,slt1_for_lt_total_net
2023-10,Bulgaria,-57,slt2_us_lt_total_net
2023-10,Canada,-7885,slt1_for_lt_total_net
2023-10,Canada,-680,slt2_us_lt_total_net
2023-10,Cayman Islands,115,slt1_for_lt_total_net
2023-10,Cayman Islands,689,slt2_us_lt_total_net
2023-10,Chile,-390,slt1_for_lt_total_net
2023-10,Chile,-36,slt2_us_lt_total_net
2023-10,"China, Mainland",3803,slt1_for_lt_total_net
2023-10,"China, Mainland",-2354,slt2_us_lt_total_net
2023-10,Colombia,-786,slt1_for_lt_total_net
2023-10,Colombia,-142,slt2_us_lt_total_net
2023-10,Costa Rica,-171,slt1_for_lt_total_net
2023-10,Costa Rica,-70,slt2_us_lt_total_net
2023-10,Cuba,1,slt1_for_lt_total_net
2023-10,Cuba,0,slt2_us_lt_total_net
2023-10,Curacao,-47,slt1_for_lt_total_net
2023-10,Curacao,-329,slt2_us_lt_total_net
2023-10,Cyprus,97,slt1_for_lt_total_net
2023-10,Cyprus,29,slt2_us_lt_total_net
2023-10,Czech Republic,-1239,slt1_for_lt_total_net
2023-10,Czech Republic,-159,slt2_us_lt_total_net
2023-10,Denmark,-2824,slt1_for_lt_total_net
2023-10,Denmark,-427,slt2_us_lt_total_net
2023-10,Ecuador,3,slt1_for_lt_total_net
2023-10,Ecuador,-7,slt2_us_lt_total_net
2023-10,Egypt,136,slt1_for_lt_total_net
2023-10,Egypt,-6,slt2_us_lt_total_net
2023-10,Finland,-874,slt1_for_lt_total_net
2023-10,Finland,64,slt2_us_lt_total_net
2023-10,France,9437,slt1_for_lt_total_net
2023-10,France,3466,slt2_us_lt_total_net
2023-10,Germany,3357,slt1_for_lt_total_net
2023-10,Germany,-530,slt2_us_lt_total_net
2023-10,Grand Total,-47841,slt1_for_lt_total_net
2023-10,Grand Total,-18275,slt2_us_lt_total_net
2023-10,Greece,-48,slt1_for_lt_total_net
2023-10,Greece,56,slt2_us_lt_total_net
2023-10,Guatemala,191,slt1_for_lt_total_net
2023-10,Guatemala,138,slt2_us_lt_total_net
2023-10,Guernsey,275,slt1_for_lt_total_net
2023-10,Guernsey,-358,slt2_us_lt_total_net
2023-10,Hong Kong,4129,slt1_for_lt_total_net
2023-10,Hong Kong,284,slt2_us_lt_total_net
2023-10,Hungary,-18,slt1_for_lt_total_net
2023-10,Hungary,23,slt2_us_lt_total_net
2023-10,India,-8166,slt1_for_lt_total_net
2023-10,India,-1947,slt2_us_lt_total_net
2023-10,Indonesia,-580,slt1_for_lt_total_net
2023-10,Indonesia,-444,slt2_us_lt_total_net
2023-10,International,7865,slt1_for_lt_total_net
2023-10,International,2248,slt2_us_lt_total_net
2023-10,Ireland,7336,slt1_for_lt_total_net
2023-10,Ireland,-7467,slt2_us_lt_total_net
2023-10,Israel,-9459,slt1_for_lt_total_net
2023-10,Israel,-1541,slt2_us_lt_total_net
2023-10,Italy,-415,slt1_for_lt_total_net
2023-10,Italy,1075,slt2_us_lt_total_net
2023-10,Jamaica,-37,slt1_for_lt_total_net
2023-10,Jamaica,-12,slt2_us_lt_total_net
2023-10,Japan,15478,slt1_for_lt_total_net
2023-10,Japan,-3304,slt2_us_lt_total_net
2023-10,Jersey,196,slt1_for_lt_total_net
2023-10,Jersey,1471,slt2_us_lt_total_net
2023-10,Kazakhstan,-53,slt1_for_lt_total_net
2023-10,Kazakhstan,-67,slt2_us_lt_total_net
2023-10,"Korea, South",-3541,slt1_for_lt_total_net
2023-10,"Korea, South",-765,slt2_us_lt_total_net
2023-10,Kuwait,-1517,slt1_for_lt_total_net
2023-10,Kuwait,3,slt2_us_lt_total_net
2023-10,Lebanon,6,slt1_for_lt_total_net
2023-10,Lebanon,-3,slt2_us_lt_total_net
2023-10,Liberia,-1,slt1_for_lt_total_net
2023-10,Liberia,258,slt2_us_lt_total_net
2023-10,Luxembourg,-28602,slt1_for_lt_total_net
2023-10,Luxembourg,-593,slt2_us_lt_total_net
2023-10,Malaysia,324,slt1_for_lt_total_net
2023-10,Malaysia,95,slt2_us_lt_total_net
2023-10,Mauritius,-27,slt1_for_lt_total_net
2023-10,Mauritius,-94,slt2_us_lt_total_net
2023-10,Memo: Euro Area,-27742,slt1_for_lt_total_net
2023-10,Memo: Euro Area,-3560,slt2_us_lt_total_net
2023-10,Memo: European Union,-35694,slt1_for_lt_total_net
2023-10,Memo: European Union,-4633,slt2_us_lt_total_net
2023-10,Mexico,1447,slt1_for_lt_total_net
2023-10,Mexico,-1137,slt2_us_lt_total_net
2023-10,Monaco,55,slt1_for_lt_total_net
2023-10,Monaco,2,slt2_us_lt_total_net
2023-10,Morocco,-158,slt1_for_lt_total_net
2023-10,Morocco,-44,slt2_us_lt_total_net
2023-10,Netherlands,-5641,slt1_for_lt_total_net
2023-10,Netherlands,1421,slt2_us_lt_total_net
2023-10,New Zealand,3,slt1_for_lt_total_net
2023-10,New Zealand,-181,slt2_us_lt_total_net
2023-10,Norway,-3906,slt1_for_lt_total_net
2023-10,Norway,-180,slt2_us_lt_total_net
2023-10,Of Which: Asset-Backed Securities,6553,slt1_for_lt_total_net
2023-10,Of Which: Asset-Backed Securities,2444,slt2_us_lt_total_net
2023-10,Of Which: Depository Institutions,5351,slt1_for_lt_total_net
2023-10,Of Which: Depository Institutions,9377,slt2_us_lt_total_net
2023-10,Of Which: Foreign Non-Official,-23179,slt1_for_lt_total_net
2023-10,Of Which: Foreign Non-Official Asset-Backed Securities,1534,slt1_for_lt_total_net
2023-10,Of Which: Foreign Non-Official Depository Institutions,4975,slt1_for_lt_total_net
2023-10,Of Which: Foreign Non-Official Fund Shares,-15190,slt1_for_lt_total_net
2023-10,Of Which: Foreign Non-Official Non-Financial Organizations,-46505,slt1_for_lt_total_net
2023-10,Of Which: Foreign Non-Official Other Financial Organizations,-26352,slt1_for_lt_total_net
2023-10,Of Which: Foreign Non-Official State & Local General Government,-1259,slt1_for_lt_total_net
2023-10,Of Which: Foreign Official,-24662,slt1_for_lt_total_net
2023-10,Of Which: Foreign Official Asset-Backed Securities,5019,slt1_for_lt_total_net
2023-10,Of Which: Foreign Official Depository Institutions,376,slt1_for_lt_total_net
2023-10,Of Which: Foreign Official Fund Shares,698,slt1_for_lt_total_net
2023-10,Of Which: Foreign Official Non-Financial Organizations,-10073,slt1_for_lt_total_net
2023-10,Of Which: Foreign Official Other Financial Organizations,334,slt1_for_lt_total_net
2023-10,Of Which: Foreign Official State & Local General Government,-25,slt1_for_lt_total_net
2023-10,Of Which: Fund Shares,-14492,slt1_for_lt_total_net
2023-10,Of Which: Fund Shares,-2955,slt2_us_lt_total_net
2023-10,Of Which: Non-Financial Organizations,-56578,slt1_for_lt_total_net
2023-10,Of Which: Non-Financial Organizations,5784,slt2_us_lt_total_net
2023-10,Of Which: Other Financial Organizations,-26018,slt1_for_lt_total_net
2023-10,Of Which: Other Financial Organizations,-32809,slt2_us_lt_total_net
2023-10,Of Which: State & Local General Government,-1284,slt1_for_lt_total_net
2023-10,Pakistan,0,slt1_for_lt_total_net
2023-10,Pakistan,2,slt2_us_lt_total_net
2023-10,Panama,321,slt1_for_lt_total_net
2023-10,Panama,233,slt2_us_lt_total_net
2023-10,Peru,-466,slt1_for_lt_total_net
2023-10,Peru,-208,slt2_us_lt_total_net
2023-10,Philippines,1787,slt1_for_lt_total_net
2023-10,Philippines,-32,slt2_us_lt_total_net
2023-10,Poland,-3126,slt1_for_lt_total_net
2023-10,Poland,305,slt2_us_lt_total_net
2023-10,Portugal,-219,slt1_for_lt_total_net
2023-10,Portugal,-81,slt2_us_lt_total_net
2023-10,Romania,-718,slt1_for_lt_total_net
2023-10,Romania,-178,slt2_us_lt_total_net
2023-10,Russia,38,slt1_for_lt_total_net
2023-10,Russia,-167,slt2_us_lt_total_net
2023-10,Saint Kitts and Nevis,-72,slt1_for_lt_total_net
2023-10,Saudi Arabia,1000,slt1_for_lt_total_net
2023-10,Serbia,-105,slt1_for_lt_total_net
2023-10,Serbia,-22,slt2_us_lt_total_net
2023-10,Singapore,6831,slt1_for_lt_total_net
2023-10,Singapore,-334,slt2_us_lt_total_net
2023-10,South Africa,7,slt1_for_lt_total_net
2023-10,South Africa,-289,slt2_us_lt_total_net
2023-10,Spain,1318,slt1_for_lt_total_net
2023-10,Spain,-869,slt2_us_lt_total_net
2023-10,Sweden,-19,slt1_for_lt_total_net
2023-10,Sweden,-580,slt2_us_lt_total_net
2023-10,Switzerland,-6560,slt1_for_lt_total_net
2023-10,Switzerland,-1334,slt2_us_lt_total_net
2023-10,Syria,0,slt1_for_lt_total_net
2023-10,Taiwan,653,slt1_for_lt_total_net
2023-10,Taiwan,-1483,slt2_us_lt_total_net
2023-10,Thailand,-278,slt1_for_lt_total_net
2023-10,Thailand,-2,slt2_us_lt_total_net
2023-10,Total Africa,-124,slt1_for_lt_total_net
2023-10,Total Africa,-200,slt2_us_lt_total_net
2023-10,Total Asia,10447,slt1_for_lt_total_net
2023-10,Total Asia,-12618,slt2_us_lt_total_net
2023-10,Total Caribbean,-3609,slt1_for_lt_total_net
2023-10,Total Caribbean,-667,slt2_us_lt_total_net
2023-10,Total Europe,-38686,slt1_for_lt_total_net
2023-10,Total Europe,-4882,slt2_us_lt_total_net
2023-10,Total IROs,7923,slt1_for_lt_total_net
2023-10,Total IROs,2703,slt2_us_lt_total_net
2023-10,Total Latin America,-3686,slt1_for_lt_total_net
2023-10,Total Latin America,-765,slt2_us_lt_total_net
2023-10,Total Other,-12220,slt1_for_lt_total_net
2023-10,Total Other,-1166,slt2_us_lt_total_net
2023-10,Total Regional Orgs.,58,slt1_for_lt_total_net
2023-10,Total Regional Orgs.,455,slt2_us_lt_total_net
2023-10,Trinidad and Tobago,29,slt1_for_lt_total_net
2023-10,Trinidad and Tobago,-7,slt2_us_lt_total_net
2023-10,Turkey,6,slt1_for_lt_total_net
2023-10,Turkey,-229,slt2_us_lt_total_net
2023-10,Ukraine,-875,slt1_for_lt_total_net
2023-10,Ukraine,-16,slt2_us_lt_total_net
2023-10,United Arab Emirates,1506,slt1_for_lt_total_net
2023-10,United Arab Emirates,-340,slt2_us_lt_total_net
2023-10,United Kingdom,9038,slt1_for_lt_total_net
2023-10,United Kingdom,325,slt2_us_lt_total_net
2023-10,Uruguay,362,slt1_for_lt_total_net
2023-10,Uruguay,-9,slt2_us_lt_total_net
2023-10,Venezuela,-24,slt1_for_lt_total_net
2023-10,Venezuela,95,slt2_us_lt_total_net
2023-11,All Countries,156573,slt1_for_lt_total_net
2023-11,All Countries,21287,slt2_us_lt_total_net
2023-11,Anguilla,124,slt1_for_lt_total_net
2023-11,Argentina,151,slt1_for_lt_total_net
2023-11,Argentina,1665,slt2_us_lt_total_net
2023-11,Aruba,10,slt1_for_lt_total_net
2023-11,Aruba,1,slt2_us_lt_total_net
2023-11,Australia,-541,slt1_for_lt_total_net
2023-11,Australia,1464,slt2_us_lt_total_net
2023-11,Austria,206,slt1_for_lt_total_net
2023-11,Austria,275,slt2_us_lt_total_net
2023-11,Bahamas,1088,slt1_for_lt_total_net
2023-11,Bahamas,55,slt2_us_lt_total_net
2023-11,Barbados,212,slt1_for_lt_total_net
2023-11,Barbados,1,slt2_us_lt_total_net
2023-11,Belgium,-517,slt1_for_lt_total_net
2023-11,Belgium,-461,slt2_us_lt_total_net
2023-11,Bermuda,8186,slt1_for_lt_total_net
2023-11,Bermuda,-538,slt2_us_lt_total_net
2023-11,Brazil,-877,slt1_for_lt_total_net
2023-11,Brazil,637,slt2_us_lt_total_net
2023-11,British Virgin Islands,-3080,slt1_for_lt_total_net
2023-11,British Virgin Islands,-417,slt2_us_lt_total_net
2023-11,Bulgaria,-1,slt1_for_lt_total_net
2023-11,Bulgaria,326,slt2_us_lt_total_net
2023-11,Canada,56232,slt1_for_lt_total_net
2023-11,Canada,4587,slt2_us_lt_total_net
2023-11,Cayman Islands,3158,slt1_for_lt_total_net
2023-11,Cayman Islands,-94,slt2_us_lt_total_net
2023-11,Chile,2597,slt1_for_lt_total_net
2023-11,Chile,115,slt2_us_lt_total_net
2023-11,"China, Mainland",-17013,slt1_for_lt_total_net
2023-11,"China, Mainland",-1450,slt2_us_lt_total_net
2023-11,Colombia,2296,slt1_for_lt_total_net
2023-11,Colombia,695,slt2_us_lt_total_net
2023-11,Costa Rica,465,slt1_for_lt_total_net
2023-11,Costa Rica,483,slt2_us_lt_total_net
2023-11,Cuba,0,slt1_for_lt_total_net
2023-11,Cuba,0,slt2_us_lt_total_net
2023-11,Curacao,22,slt1_for_lt_total_net
2023-11,Curacao,-846,slt2_us_lt_total_net
2023-11,Cyprus,33,slt1_for_lt_total_net
2023-11,Cyprus,-33,slt2_us_lt_total_net
2023-11,Czech Republic,956,slt1_for_lt_total_net
2023-11,Czech Republic,109,slt2_us_lt_total_net
2023-11,Denmark,548,slt1_for_lt_total_net
2023-11,Denmark,0,slt2_us_lt_total_net
2023-11,Ecuador,-1,slt1_for_lt_total_net
2023-11,Ecuador,-61,slt2_us_lt_total_net
2023-11,Egypt,54,slt1_for_lt_total_net
2023-11,Egypt,63,slt2_us_lt_total_net
2023-11,Finland,1364,slt1_for_lt_total_net
2023-11,Finland,-696,slt2_us_lt_total_net
2023-11,France,44584,slt1_for_lt_total_net
2023-11,France,4188,slt2_us_lt_total_net
2023-11,Germany,-2880,slt1_for_lt_total_net
2023-11,Germany,-1231,slt2_us_lt_total_net
2023-11,Grand Total,158037,slt1_for_lt_total_net
2023-11,Grand Total,23034,slt2_us_lt_total_net
2023-11,Greece,24,slt1_for_lt_total_net
2023-11,Greece,410,slt2_us_lt_total_net
2023-11,Guatemala,236,slt1_for_lt_total_net
2023-11,Guatemala,-16,slt2_us_lt_total_net
2023-11,Guernsey,66,slt1_for_lt_total_net
2023-11,Guernsey,-254,slt2_us_lt_total_net
2023-11,Hong Kong,7634,slt1_for_lt_total_net
2023-11,Hong Kong,-286,slt2_us_lt_total_net
2023-11,Hungary,-103,slt1_for_lt_total_net
2023-11,Hungary,233,slt2_us_lt_total_net
2023-11,India,-3994,slt1_for_lt_total_net
2023-11,India,-1098,slt2_us_lt_total_net
2023-11,Indonesia,52,slt1_for_lt_total_net
2023-11,Indonesia,336,slt2_us_lt_total_net
2023-11,International,1096,slt1_for_lt_total_net
2023-11,International,1828,slt2_us_lt_total_net
2023-11,Ireland,14673,slt1_for_lt_total_net
2023-11,Ireland,6828,slt2_us_lt_total_net
2023-11,Israel,5042,slt1_for_lt_total_net
2023-11,Israel,-38,slt2_us_lt_total_net
2023-11,Italy,-72,slt1_for_lt_total_net
2023-11,Italy,508,slt2_us_lt_total_net
2023-11,Jamaica,151,slt1_for_lt_total_net
2023-11,Jamaica,60,slt2_us_lt_total_net
2023-11,Japan,-1342,slt1_for_lt_total_net
2023-11,Japan,3766,slt2_us_lt_total_net
2023-11,Jersey,182,slt1_for_lt_total_net
2023-11,Jersey,2175,slt2_us_lt_total_net
2023-11,Kazakhstan,-579,slt1_for_lt_total_net
2023-11,Kazakhstan,-104,slt2_us_lt_total_net
2023-11,"Korea, South",3971,slt1_for_lt_total_net
2023-11,"Korea, South",710,slt2_us_lt_total_net
2023-11,Kuwait,2539,slt1_for_lt_total_net
2023-11,Kuwait,13,slt2_us_lt_total_net
2023-11,Lebanon,-2,slt1_for_lt_total_net
2023-11,Lebanon,0,slt2_us_lt_total_net
2023-11,Liberia,17,slt1_for_lt_total_net
2023-11,Liberia,-195,slt2_us_lt_total_net
2023-11,Luxembourg,12839,slt1_for_lt_total_net
2023-11,Luxembourg,854,slt2_us_lt_total_net
2023-11,Malaysia,486,slt1_for_lt_total_net
2023-11,Malaysia,211,slt2_us_lt_total_net
2023-11,Mauritius,72,slt1_for_lt_total_net
2023-11,Mauritius,-67,slt2_us_lt_total_net
2023-11,Memo: Euro Area,73926,slt1_for_lt_total_net
2023-11,Memo: Euro Area,11292,slt2_us_lt_total_net
2023-11,Memo: European Union,76537,slt1_for_lt_total_net
2023-11,Memo: European Union,11234,slt2_us_lt_total_net
2023-11,Mexico,1854,slt1_for_lt_total_net
2023-11,Mexico,396,slt2_us_lt_total_net
2023-11,Monaco,-8,slt1_for_lt_total_net
2023-11,Monaco,8,slt2_us_lt_total_net
2023-11,Morocco,-155,slt1_for_lt_total_net
2023-11,Morocco,-43,slt2_us_lt_total_net
2023-11,Netherlands,2681,slt1_for_lt_total_net
2023-11,Netherlands,-1566,slt2_us_lt_total_net
2023-11,New Zealand,-322,slt1_for_lt_total_net
2023-11,New Zealand,-51,slt2_us_lt_total_net
2023-11,Norway,-6192,slt1_for_lt_total_net
2023-11,Norway,-145,slt2_us_lt_total_net
2023-11,Of Which: Asset-Backed Securities,18289,slt1_for_lt_total_net
2023-11,Of Which: Asset-Backed Securities,1813,slt2_us_lt_total_net
2023-11,Of Which: Depository Institutions,820,slt1_for_lt_total_net
2023-11,Of Which: Depository Institutions,-6899,slt2_us_lt_total_net
2023-11,Of Which: Foreign Non-Official,193023,slt1_for_lt_total_net
2023-11,Of Which: Foreign Non-Official Asset-Backed Securities,21414,slt1_for_lt_total_net
2023-11,Of Which: Foreign Non-Official Depository Institutions,615,slt1_for_lt_total_net
2023-11,Of Which: Foreign Non-Official Fund Shares,8275,slt1_for_lt_total_net
2023-11,Of Which: Foreign Non-Official Non-Financial Organizations,14144,slt1_for_lt_total_net
2023-11,Of Which: Foreign Non-Official Other Financial Organizations,21051,slt1_for_lt_total_net
2023-11,Of Which: Foreign Non-Official State & Local General Government,-909,slt1_for_lt_total_net
2023-11,Of Which: Foreign Official,-34986,slt1_for_lt_total_net
2023-11,Of Which: Foreign Official Asset-Backed Securities,-3125,slt1_for_lt_total_net
2023-11,Of Which: Foreign Official Depository Institutions,205,slt1_for_lt_total_net
2023-11,Of Which: Foreign Official Fund Shares,488,slt1_for_lt_total_net
2023-11,Of Which: Foreign Official Non-Financial Organizations,1168,slt1_for_lt_total_net
2023-11,Of Which: Foreign Official Other Financial Organizations,1214,slt1_for_lt_total_net
2023-11,Of Which: Foreign Official State & Local General Government,-31,slt1_for_lt_total_net
2023-11,Of Which: Fund Shares,8763,slt1_for_lt_total_net
2023-11,Of Which: Fund Shares,1770,slt2_us_lt_total_net
2023-11,Of Which: Non-Financial Organizations,15312,slt1_for_lt_total_net
2023-11,Of Which: Non-Financial Organizations,2665,slt2_us_lt_total_net
2023-11,Of Which: Other Financial Organizations,22265,slt1_for_lt_total_net
2023-11,Of Which: Other Financial Organizations,27154,slt2_us_lt_total_net
2023-11,Of Which: State & Local General Government,-940,slt1_for_lt_total_net
2023-11,Pakistan,-1,slt1_for_lt_total_net
2023-11,Pakistan,18,slt2_us_lt_total_net
2023-11,Panama,448,slt1_for_lt_total_net
2023-11,Panama,-169,slt2_us_lt_total_net
2023-11,Peru,419,slt1_for_lt_total_net
2023-11,Peru,112,slt2_us_lt_total_net
2023-11,Philippines,4048,slt1_for_lt_total_net
2023-11,Philippines,46,slt2_us_lt_total_net
2023-11,Poland,599,slt1_for_lt_total_net
2023-11,Poland,55,slt2_us_lt_total_net
2023-11,Portugal,-37,slt1_for_lt_total_net
2023-11,Portugal,-101,slt2_us_lt_total_net
2023-11,Romania,-712,slt1_for_lt_total_net
2023-11,Romania,-451,slt2_us_lt_total_net
2023-11,Russia,-52,slt1_for_lt_total_net
2023-11,Russia,-76,slt2_us_lt_total_net
2023-11,Saint Kitts and Nevis,43,slt1_for_lt_total_net
2023-11,Saudi Arabia,-566,slt1_for_lt_total_net
2023-11,Serbia,-166,slt1_for_lt_total_net
2023-11,Serbia,-20,slt2_us_lt_total_net
2023-11,Singapore,-4056,slt1_for_lt_total_net
2023-11,Singapore,-1441,slt2_us_lt_total_net
2023-11,South Africa,138,slt1_for_lt_total_net
2023-11,South Africa,-38,slt2_us_lt_total_net
2023-11,Spain,1189,slt1_for_lt_total_net
2023-11,Spain,2175,slt2_us_lt_total_net
2023-11,Sweden,1324,slt1_for_lt_total_net
2023-11,Sweden,-330,slt2_us_lt_total_net
2023-11,Switzerland,3833,slt1_for_lt_total_net
2023-11,Switzerland,-1518,slt2_us_lt_total_net
2023-11,Syria,0,slt1_for_lt_total_net
2023-11,Taiwan,2061,slt1_for_lt_total_net
2023-11,Taiwan,831,slt2_us_lt_total_net
2023-11,Thailand,-977,slt1_for_lt_total_net
2023-11,Thailand,-247,slt2_us_lt_total_net
2023-11,Total Africa,125,slt1_for_lt_total_net
2023-11,Total Africa,-238,slt2_us_lt_total_net
2023-11,Total Asia,-2118,slt1_for_lt_total_net
2023-11,Total Asia,1347,slt2_us_lt_total_net
2023-11,Total Caribbean,9954,slt1_for_lt_total_net
2023-11,Total Caribbean,-1672,slt2_us_lt_total_net
2023-11,Total Europe,84937,slt1_for_lt_total_net
2023-11,Total Europe,11839,slt2_us_lt_total_net
2023-11,Total IROs,1464,slt1_for_lt_total_net
2023-11,Total IROs,1747,slt2_us_lt_total_net
2023-11,Total Latin America,8437,slt1_for_lt_total_net
2023-11,Total Latin America,4140,slt2_us_lt_total_net
2023-11,Total Other,-957,slt1_for_lt_total_net
2023-11,Total Other,1284,slt2_us_lt_total_net
2023-11,Total Regional Orgs.,368,slt1_for_lt_total_net
2023-11,Total Regional Orgs.,-81,slt2_us_lt_total_net
2023-11,Trinidad and Tobago,-17,slt1_for_lt_total_net
2023-11,Trinidad and Tobago,-8,slt2_us_lt_total_net
2023-11,Turkey,-5,slt1_for_lt_total_net
2023-11,Turkey,491,slt2_us_lt_total_net
2023-11,Ukraine,2077,slt1_for_lt_total_net
2023-11,Ukraine,-19,slt2_us_lt_total_net
2023-11,United Arab Emirates,1464,slt1_for_lt_total_net
2023-11,United Arab Emirates,46,slt2_us_lt_total_net
2023-11,United Kingdom,9161,slt1_for_lt_total_net
2023-11,United Kingdom,-47,slt2_us_lt_total_net
2023-11,Uruguay,518,slt1_for_lt_total_net
2023-11,Uruguay,200,slt2_us_lt_total_net
2023-11,Venezuela,-48,slt1_for_lt_total_net
2023-11,Venezuela,7,slt2_us_lt_total_net
2023-12,All Countries,27754,slt1_for_lt_total_net
2023-12,All Countries,-9127,slt2_us_lt_total_net
2023-12,Anguilla,1595,slt1_for_lt_total_net
2023-12,Argentina,-5,slt1_for_lt_total_net
2023-12,Argentina,-123,slt2_us_lt_total_net
2023-12,Aruba,11,slt1_for_lt_total_net
2023-12,Aruba,-1,slt2_us_lt_total_net
2023-12,Australia,4393,slt1_for_lt_total_net
2023-12,Australia,1813,slt2_us_lt_total_net
2023-12,Austria,369,slt1_for_lt_total_net
2023-12,Austria,-204,slt2_us_lt_total_net
2023-12,Bahamas,2492,slt1_for_lt_total_net
2023-12,Bahamas,2,slt2_us_lt_total_net
2023-12,Barbados,130,slt1_for_lt_total_net
2023-12,Barbados,1,slt2_us_lt_total_net
2023-12,Belgium,-4412,slt1_for_lt_total_net
2023-12,Belgium,-484,slt2_us_lt_total_net
2023-12,Bermuda,2997,slt1_for_lt_total_net
2023-12,Bermuda,477,slt2_us_lt_total_net
2023-12,Brazil,2700,slt1_for_lt_total_net
2023-12,Brazil,1572,slt2_us_lt_total_net
2023-12,British Virgin Islands,-4218,slt1_for_lt_total_net
2023-12,British Virgin Islands,296,slt2_us_lt_total_net
2023-12,Bulgaria,9,slt1_for_lt_total_net
2023-12,Bulgaria,0,slt2_us_lt_total_net
2023-12,Canada,-17663,slt1_for_lt_total_net
2023-12,Canada,7599,slt2_us_lt_total_net
2023-12,Cayman Islands,-305,slt1_for_lt_total_net
2023-12,Cayman Islands,-8620,slt2_us_lt_total_net
2023-12,Chile,-1277,slt1_for_lt_total_net
2023-12,Chile,-388,slt2_us_lt_total_net
2023-12,"China, Mainland",-7230,slt1_for_lt_total_net
2023-12,"China, Mainland",104,slt2_us_lt_total_net
2023-12,Colombia,924,slt1_for_lt_total_net
2023-12,Colombia,-270,slt2_us_lt_total_net
2023-12,Costa Rica,97,slt1_for_lt_total_net
2023-12,Costa Rica,5,slt2_us_lt_total_net
2023-12,Cuba,0,slt1_for_lt_total_net
2023-12,Cuba,0,slt2_us_lt_total_net
2023-12,Curacao,-140,slt1_for_lt_total_net
2023-12,Curacao,-208,slt2_us_lt_total_net
2023-12,Cyprus,-10,slt1_for_lt_total_net
2023-12,Cyprus,-114,slt2_us_lt_total_net
2023-12,Czech Republic,604,slt1_for_lt_total_net
2023-12,Czech Republic,100,slt2_us_lt_total_net
2023-12,Denmark,-409,slt1_for_lt_total_net
2023-12,Denmark,-185,slt2_us_lt_total_net
2023-12,Ecuador,0,slt1_for_lt_total_net
2023-12,Ecuador,-35,slt2_us_lt_total_net
2023-12,Egypt,1,slt1_for_lt_total_net
2023-12,Egypt,-17,slt2_us_lt_total_net
2023-12,Finland,-1103,slt1_for_lt_total_net
2023-12,Finland,-162,slt2_us_lt_total_net
2023-12,France,-3616,slt1_for_lt_total_net
2023-12,France,-235,slt2_us_lt_total_net
2023-12,Germany,1705,slt1_for_lt_total_net
2023-12,Germany,-1848,slt2_us_lt_total_net
2023-12,Grand Total,34439,slt1_for_lt_total_net
2023-12,Grand Total,-5152,slt2_us_lt_total_net
2023-12,Greece,-103,slt1_for_lt_total_net
2023-12,Greece,-111,slt2_us_lt_total_net
2023-12,Guatemala,393,slt1_for_lt_total_net
2023-12,Guatemala,-38,slt2_us_lt_total_net
2023-12,Guernsey,781,slt1_for_lt_total_net
2023-12,Guernsey,-332,slt2_us_lt_total_net
2023-12,Hong Kong,17327,slt1_for_lt_total_net
2023-12,Hong Kong,-679,slt2_us_lt_total_net
2023-12,Hungary,21,slt1_for_lt_total_net
2023-12,Hungary,-54,slt2_us_lt_total_net
2023-12,India,4100,slt1_for_lt_total_net
2023-12,India,2494,slt2_us_lt_total_net
2023-12,Indonesia,1546,slt1_for_lt_total_net
2023-12,Indonesia,665,slt2_us_lt_total_net
2023-12,International,6545,slt1_for_lt_total_net
2023-12,International,2829,slt2_us_lt_total_net
2023-12,Ireland,12458,slt1_for_lt_total_net
2023-12,Ireland,-4857,slt2_us_lt_total_net
2023-12,Israel,-2221,slt1_for_lt_total_net
2023-12,Israel,-999,slt2_us_lt_total_net
2023-12,Italy,58,slt1_for_lt_total_net
2023-12,Italy,-666,slt2_us_lt_total_net
2023-12,Jamaica,-2,slt1_for_lt_total_net
2023-12,Jamaica,10,slt2_us_lt_total_net
2023-12,Japan,-21925,slt1_for_lt_total_net
2023-12,Japan,-869,slt2_us_lt_total_net
2023-12,Jersey,23,slt1_for_lt_total_net
2023-12,Jersey,3476,slt2_us_lt_total_net
2023-12,Kazakhstan,130,slt1_for_lt_total_net
2023-12,Kazakhstan,-38,slt2_us_lt_total_net
2023-12,"Korea, South",660,slt1_for_lt_total_net
2023-12,"Korea, South",-587,slt2_us_lt_total_net
2023-12,Kuwait,3850,slt1_for_lt_total_net
2023-12,Kuwait,41,slt2_us_lt_total_net
2023-12,Lebanon,5,slt1_for_lt_total_net
2023-12,Lebanon,-1,slt2_us_lt_total_net
2023-12,Liberia,31,slt1_for_lt_total_net
2023-12,Liberia,-45,slt2_us_lt_total_net
2023-12,Luxembourg,-2274,slt1_for_lt_total_net
2023-12,Luxembourg,2715,slt2_us_lt_total_net
2023-12,Malaysia,-93,slt1_for_lt_total_net
2023-12,Malaysia,317,slt2_us_lt_total_net
2023-12,Mauritius,0,slt1_for_lt_total_net
2023-12,Mauritius,-3,slt2_us_lt_total_net
2023-12,Memo: Euro Area,3401,slt1_for_lt_total_net
2023-12,Memo: Euro Area,-8340,slt2_us_lt_total_net
2023-12,Memo: European Union,4821,slt1_for_lt_total_net
2023-12,Memo: European Union,-9157,slt2_us_lt_total_net
2023-12,Mexico,-422,slt1_for_lt_total_net
2023-12,Mexico,776,slt2_us_lt_total_net
2023-12,Monaco,-2,slt1_for_lt_total_net
2023-12,Monaco,0,slt2_us_lt_total_net
2023-12,Morocco,-146,slt1_for_lt_total_net
2023-12,Morocco,-26,slt2_us_lt_total_net
2023-12,Netherlands,4959,slt1_for_lt_total_net
2023-12,Netherlands,-1112,slt2_us_lt_total_net
2023-12,New Zealand,-272,slt1_for_lt_total_net
2023-12,New Zealand,-99,slt2_us_lt_total_net
2023-12,Norway,16518,slt1_for_lt_total_net
2023-12,Norway,-419,slt2_us_lt_total_net
2023-12,Of Which: Asset-Backed Securities,11301,slt1_for_lt_total_net
2023-12,Of Which: Asset-Backed Securities,4982,slt2_us_lt_total_net
2023-12,Of Which: Depository Institutions,3062,slt1_for_lt_total_net
2023-12,Of Which: Depository Institutions,3774,slt2_us_lt_total_net
2023-12,Of Which: Foreign Non-Official,3231,slt1_for_lt_total_net
2023-12,Of Which: Foreign Non-Official Asset-Backed Securities,11091,slt1_for_lt_total_net
2023-12,Of Which: Foreign Non-Official Depository Institutions,2634,slt1_for_lt_total_net
2023-12,Of Which: Foreign Non-Official Fund Shares,158,slt1_for_lt_total_net
2023-12,Of Which: Foreign Non-Official Non-Financial Organizations,-5221,slt1_for_lt_total_net
2023-12,Of Which: Foreign Non-Official Other Financial Organizations,2500,slt1_for_lt_total_net
2023-12,Of Which: Foreign Non-Official State & Local General Government,261,slt1_for_lt_total_net
2023-12,Of Which: Foreign Official,31208,slt1_for_lt_total_net
2023-12,Of Which: Foreign Official Asset-Backed Securities,210,slt1_for_lt_total_net
2023-12,Of Which: Foreign Official Depository Institutions,428,slt1_for_lt_total_net
2023-12,Of Which: Foreign Official Fund Shares,557,slt1_for_lt_total_net
2023-12,Of Which: Foreign Official Non-Financial Organizations,7803,slt1_for_lt_total_net
2023-12,Of Which: Foreign Official Other Financial Organizations,642,slt1_for_lt_total_net
2023-12,Of Which: Foreign Official State & Local General Government,50,slt1_for_lt_total_net
2023-12,Of Which: Fund Shares,715,slt1_for_lt_total_net
2023-12,Of Which: Fund Shares,-10478,slt2_us_lt_total_net
2023-12,Of Which: Non-Financial Organizations,2582,slt1_for_lt_total_net
2023-12,Of Which: Non-Financial Organizations,2064,slt2_us_lt_total_net
2023-12,Of Which: Other Financial Organizations,3142,slt1_for_lt_total_net
2023-12,Of Which: Other Financial Organizations,-6856,slt2_us_lt_total_net
2023-12,Of Which: State & Local General Government,311,slt1_for_lt_total_net
2023-12,Pakistan,1,slt1_for_lt_total_net
2023-12,Pakistan,-9,slt2_us_lt_total_net
2023-12,Panama,207,slt1_for_lt_total_net
2023-12,Panama,-91,slt2_us_lt_total_net
2023-12,Peru,426,slt1_for_lt_total_net
2023-12,Peru,-75,slt2_us_lt_total_net
2023-12,Philippines,203,slt1_for_lt_total_net
2023-12,Philippines,108,slt2_us_lt_total_net
2023-12,Poland,-802,slt1_for_lt_total_net
2023-12,Poland,-39,slt2_us_lt_total_net
2023-12,Portugal,-12,slt1_for_lt_total_net
2023-12,Portugal,-103,slt2_us_lt_total_net
2023-12,Romania,-605,slt1_for_lt_total_net
2023-12,Romania,-68,slt2_us_lt_total_net
2023-12,Russia,-3,slt1_for_lt_total_net
2023-12,Russia,-18,slt2_us_lt_total_net
2023-12,Saint Kitts and Nevis,69,slt1_for_lt_total_net
2023-12,Saudi Arabia,618,slt1_for_lt_total_net
2023-12,Serbia,-87,slt1_for_lt_total_net
2023-12,Serbia,7,slt2_us_lt_total_net
2023-12,Singapore,-4001,slt1_for_lt_total_net
2023-12,Singapore,-403,slt2_us_lt_total_net
2023-12,South Africa,-92,slt1_for_lt_total_net
2023-12,South Africa,-518,slt2_us_lt_total_net
2023-12,Spain,-4746,slt1_for_lt_total_net
2023-12,Spain,-1271,slt2_us_lt_total_net
2023-12,Sweden,2602,slt1_for_lt_total_net
2023-12,Sweden,-571,slt2_us_lt_total_net
2023-12,Switzerland,8471,slt1_for_lt_total_net
2023-12,Switzerland,-1607,slt2_us_lt_total_net
2023-12,Syria,0,slt1_for_lt_total_net
2023-12,Taiwan,6839,slt1_for_lt_total_net
2023-12,Taiwan,1145,slt2_us_lt_total_net
2023-12,Thailand,-970,slt1_for_lt_total_net
2023-12,Thailand,-152,slt2_us_lt_total_net
2023-12,Total Africa,54,slt1_for_lt_total_net
2023-12,Total Africa,-781,slt2_us_lt_total_net
2023-12,Total Asia,-3306,slt1_for_lt_total_net
2023-12,Total Asia,1797,slt2_us_lt_total_net
2023-12,Total Caribbean,2942,slt1_for_lt_total_net
2023-12,Total Caribbean,-8176,slt2_us_lt_total_net
2023-12,Total Europe,37282,slt1_for_lt_total_net
2023-12,Total Europe,-12513,slt2_us_lt_total_net
2023-12,Total IROs,6685,slt1_for_lt_total_net
2023-12,Total IROs,3975,slt2_us_lt_total_net
2023-12,Total Latin America,4588,slt1_for_lt_total_net
2023-12,Total Latin America,1291,slt2_us_lt_total_net
2023-12,Total Other,3857,slt1_for_lt_total_net
2023-12,Total Other,1656,slt2_us_lt_total_net
2023-12,Total Regional Orgs.,140,slt1_for_lt_total_net
2023-12,Total Regional Orgs.,1146,slt2_us_lt_total_net
2023-12,Trinidad and Tobago,23,slt1_for_lt_total_net
2023-12,Trinidad and Tobago,-4,slt2_us_lt_total_net
2023-12,Turkey,-62,slt1_for_lt_total_net
2023-12,Turkey,685,slt2_us_lt_total_net
2023-12,Ukraine,-322,slt1_for_lt_total_net
2023-12,Ukraine,-12,slt2_us_lt_total_net
2023-12,United Arab Emirates,-3194,slt1_for_lt_total_net
2023-12,United Arab Emirates,869,slt2_us_lt_total_net
2023-12,United Kingdom,7248,slt1_for_lt_total_net
2023-12,United Kingdom,-4934,slt2_us_lt_total_net
2023-12,Uruguay,1255,slt1_for_lt_total_net
2023-12,Uruguay,13,slt2_us_lt_total_net
2023-12,Venezuela,14,slt1_for_lt_total_net
2023-12,Venezuela,26,slt2_us_lt_total_net
2024-01,All Countries,-25092,slt1_for_lt_total_net
2024-01,All Countries,16556,slt2_us_lt_total_net
2024-01,Anguilla,54,slt1_for_lt_total_net
2024-01,Argentina,236,slt1_for_lt_total_net
2024-01,Argentina,86,slt2_us_lt_total_net
2024-01,Aruba,-1,slt1_for_lt_total_net
2024-01,Aruba,0,slt2_us_lt_total_net
2024-01,Australia,8817,slt1_for_lt_total_net
2024-01,Australia,-12,slt2_us_lt_total_net
2024-01,Austria,-682,slt1_for_lt_total_net
2024-01,Austria,551,slt2_us_lt_total_net
2024-01,Bahamas,-3005,slt1_for_lt_total_net
2024-01,Bahamas,-10,slt2_us_lt_total_net
2024-01,Barbados,36,slt1_for_lt_total_net
2024-01,Barbados,-27,slt2_us_lt_total_net
2024-01,Belgium,-12254,slt1_for_lt_total_net
2024-01,Belgium,263,slt2_us_lt_total_net
2024-01,Bermuda,-5019,slt1_for_lt_total_net
2024-01,Bermuda,505,slt2_us_lt_total_net
2024-01,Brazil,-2857,slt1_for_lt_total_net
2024-01,Brazil,4745,slt2_us_lt_total_net
2024-01,British Virgin Islands,-2849,slt1_for_lt_total_net
2024-01,British Virgin Islands,246,slt2_us_lt_total_net
2024-01,Bulgaria,-15,slt1_for_lt_total_net
2024-01,Bulgaria,1,slt2_us_lt_total_net
2024-01,Canada,-121284,slt1_for_lt_total_net
2024-01,Canada,6231,slt2_us_lt_total_net
2024-01,Cayman Islands,3700,slt1_for_lt_total_net
2024-01,Cayman Islands,-6083,slt2_us_lt_total_net
2024-01,Chile,1394,slt1_for_lt_total_net
2024-01,Chile,1060,slt2_us_lt_total_net
2024-01,"China, Mainland",-22352,slt1_for_lt_total_net
2024-01,"China, Mainland",-3346,slt2_us_lt_total_net
2024-01,Colombia,-188,slt1_for_lt_total_net
2024-01,Colombia,-11938,slt2_us_lt_total_net
2024-01,Costa Rica,-21,slt1_for_lt_total_net
2024-01,Costa Rica,-55,slt2_us_lt_total_net
2024-01,Cuba,0,slt1_for_lt_total_net
2024-01,Cuba,0,slt2_us_lt_total_net
2024-01,Curacao,190,slt1_for_lt_total_net
2024-01,Curacao,-288,slt2_us_lt_total_net
2024-01,Cyprus,385,slt1_for_lt_total_net
2024-01,Cyprus,-46,slt2_us_lt_total_net
2024-01,Czech Republic,-406,slt1_for_lt_total_net
2024-01,Czech Republic,95,slt2_us_lt_total_net
2024-01,Denmark,-293,slt1_for_lt_total_net
2024-01,Denmark,161,slt2_us_lt_total_net
2024-01,Ecuador,10,slt1_for_lt_total_net
2024-01,Ecuador,-61,slt2_us_lt_total_net
2024-01,Egypt,-2,slt1_for_lt_total_net
2024-01,Egypt,-159,slt2_us_lt_total_net
2024-01,Finland,906,slt1_for_lt_total_net
2024-01,Finland,287,slt2_us_lt_total_net
2024-01,France,20419,slt1_for_lt_total_net
2024-01,France,8747,slt2_us_lt_total_net
2024-01,Germany,5494,slt1_for_lt_total_net
2024-01,Germany,48,slt2_us_lt_total_net
2024-01,Grand Total,-38812,slt1_for_lt_total_net
2024-01,Grand Total,21050,slt2_us_lt_total_net
2024-01,Greece,62,slt1_for_lt_total_net
2024-01,Greece,292,slt2_us_lt_total_net
2024-01,Guatemala,7,slt1_for_lt_total_net
2024-01,Guatemala,43,slt2_us_lt_total_net
2024-01,Guernsey,-1536,slt1_for_lt_total_net
2024-01,Guernsey,-147,slt2_us_lt_total_net
2024-01,Hong Kong,-11522,slt1_for_lt_total_net
2024-01,Hong Kong,-812,slt2_us_lt_total_net
2024-01,Hungary,-138,slt1_for_lt_total_net
2024-01,Hungary,1048,slt2_us_lt_total_net
2024-01,India,-955,slt1_for_lt_total_net
2024-01,India,-2312,slt2_us_lt_total_net
2024-01,Indonesia,4705,slt1_for_lt_total_net
2024-01,Indonesia,393,slt2_us_lt_total_net
2024-01,International,-14296,slt1_for_lt_total_net
2024-01,International,1568,slt2_us_lt_total_net
2024-01,Ireland,12682,slt1_for_lt_total_net
2024-01,Ireland,610,slt2_us_lt_total_net
2024-01,Israel,4726,slt1_for_lt_total_net
2024-01,Israel,-47,slt2_us_lt_total_net
2024-01,Italy,371,slt1_for_lt_total_net
2024-01,Italy,-195,slt2_us_lt_total_net
2024-01,Jamaica,-51,slt1_for_lt_total_net
2024-01,Jamaica,-2,slt2_us_lt_total_net
2024-01,Japan,11194,slt1_for_lt_total_net
2024-01,Japan,-1161,slt2_us_lt_total_net
2024-01,Jersey,-634,slt1_for_lt_total_net
2024-01,Jersey,1676,slt2_us_lt_total_net
2024-01,Kazakhstan,78,slt1_for_lt_total_net
2024-01,Kazakhstan,270,slt2_us_lt_total_net
2024-01,"Korea, South",3433,slt1_for_lt_total_net
2024-01,"Korea, South",-699,slt2_us_lt_total_net
2024-01,Kuwait,-2387,slt1_for_lt_total_net
2024-01,Kuwait,337,slt2_us_lt_total_net
2024-01,Lebanon,13,slt1_for_lt_total_net
2024-01,Lebanon,0,slt2_us_lt_total_net
2024-01,Liberia,-37,slt1_for_lt_total_net
2024-01,Liberia,107,slt2_us_lt_total_net
2024-01,Luxembourg,14069,slt1_for_lt_total_net
2024-01,Luxembourg,2893,slt2_us_lt_total_net
2024-01,Malaysia,-705,slt1_for_lt_total_net
2024-01,Malaysia,245,slt2_us_lt_total_net
2024-01,Mauritius,-27,slt1_for_lt_total_net
2024-01,Mauritius,-163,slt2_us_lt_total_net
2024-01,Memo: Euro Area,53096,slt1_for_lt_total_net
2024-01,Memo: Euro Area,18878,slt2_us_lt_total_net
2024-01,Memo: European Union,54154,slt1_for_lt_total_net
2024-01,Memo: European Union,20493,slt2_us_lt_total_net
2024-01,Mexico,114,slt1_for_lt_total_net
2024-01,Mexico,3618,slt2_us_lt_total_net
2024-01,Monaco,43,slt1_for_lt_total_net
2024-01,Monaco,6,slt2_us_lt_total_net
2024-01,Morocco,-165,slt1_for_lt_total_net
2024-01,Morocco,-46,slt2_us_lt_total_net
2024-01,Netherlands,9125,slt1_for_lt_total_net
2024-01,Netherlands,3156,slt2_us_lt_total_net
2024-01,New Zealand,1173,slt1_for_lt_total_net
2024-01,New Zealand,37,slt2_us_lt_total_net
2024-01,Norway,7578,slt1_for_lt_total_net
2024-01,Norway,-1818,slt2_us_lt_total_net
2024-01,Of Which: Asset-Backed Securities,-390,slt1_for_lt_total_net
2024-01,Of Which: Asset-Backed Securities,-2141,slt2_us_lt_total_net
2024-01,Of Which: Depository Institutions,4205,slt1_for_lt_total_net
2024-01,Of Which: Depository Institutions,-8014,slt2_us_lt_total_net
2024-01,Of Which: Foreign Non-Official,-43206,slt1_for_lt_total_net
2024-01,Of Which: Foreign Non-Official Asset-Backed Securities,1838,slt1_for_lt_total_net
2024-01,Of Which: Foreign Non-Official Depository Institutions,2976,slt1_for_lt_total_net
2024-01,Of Which: Foreign Non-Official Fund Shares,-77127,slt1_for_lt_total_net
2024-01,Of Which: Foreign Non-Official Non-Financial Organizations,-39338,slt1_for_lt_total_net
2024-01,Of Which: Foreign Non-Official Other Financial Organizations,-74289,slt1_for_lt_total_net
2024-01,Of Which: Foreign Non-Official State & Local General Government,-824,slt1_for_lt_total_net
2024-01,Of Which: Foreign Official,4394,slt1_for_lt_total_net
2024-01,Of Which: Foreign Official Asset-Backed Securities,-2228,slt1_for_lt_total_net
2024-01,Of Which: Foreign Official Depository Institutions,1229,slt1_for_lt_total_net
2024-01,Of Which: Foreign Official Fund Shares,-6207,slt1_for_lt_total_net
2024-01,Of Which: Foreign Official Non-Financial Organizations,5420,slt1_for_lt_total_net
2024-01,Of Which: Foreign Official Other Financial Organizations,774,slt1_for_lt_total_net
2024-01,Of Which: Foreign Official State & Local General Government,-100,slt1_for_lt_total_net
2024-01,Of Which: Fund Shares,-83334,slt1_for_lt_total_net
2024-01,Of Which: Fund Shares,-4791,slt2_us_lt_total_net
2024-01,Of Which: Non-Financial Organizations,-33918,slt1_for_lt_total_net
2024-01,Of Which: Non-Financial Organizations,624,slt2_us_lt_total_net
2024-01,Of Which: Other Financial Organizations,-73515,slt1_for_lt_total_net
2024-01,Of Which: Other Financial Organizations,27941,slt2_us_lt_total_net
2024-01,Of Which: State & Local General Government,-924,slt1_for_lt_total_net
2024-01,Pakistan,-1,slt1_for_lt_total_net
2024-01,Pakistan,-48,slt2_us_lt_total_net
2024-01,Panama,875,slt1_for_lt_total_net
2024-01,Panama,318,slt2_us_lt_total_net
2024-01,Peru,1769,slt1_for_lt_total_net
2024-01,Peru,145,slt2_us_lt_total_net
2024-01,Philippines,320,slt1_for_lt_total_net
2024-01,Philippines,115,slt2_us_lt_total_net
2024-01,Poland,-539,slt1_for_lt_total_net
2024-01,Poland,143,slt2_us_lt_total_net
2024-01,Portugal,155,slt1_for_lt_total_net
2024-01,Portugal,248,slt2_us_lt_total_net
2024-01,Romania,-696,slt1_for_lt_total_net
2024-01,Romania,976,slt2_us_lt_total_net
2024-01,Russia,-2,slt1_for_lt_total_net
2024-01,Russia,-50,slt2_us_lt_total_net
2024-01,Saint Kitts and Nevis,-53,slt1_for_lt_total_net
2024-01,Saudi Arabia,6553,slt1_for_lt_total_net
2024-01,Serbia,-21,slt1_for_lt_total_net
2024-01,Serbia,140,slt2_us_lt_total_net
2024-01,Singapore,9510,slt1_for_lt_total_net
2024-01,Singapore,41,slt2_us_lt_total_net
2024-01,South Africa,-836,slt1_for_lt_total_net
2024-01,South Africa,-326,slt2_us_lt_total_net
2024-01,Spain,2501,slt1_for_lt_total_net
2024-01,Spain,2174,slt2_us_lt_total_net
2024-01,Sweden,3145,slt1_for_lt_total_net
2024-01,Sweden,-809,slt2_us_lt_total_net
2024-01,Switzerland,3360,slt1_for_lt_total_net
2024-01,Switzerland,654,slt2_us_lt_total_net
2024-01,Syria,0,slt1_for_lt_total_net
2024-01,Taiwan,6422,slt1_for_lt_total_net
2024-01,Taiwan,2360,slt2_us_lt_total_net
2024-01,Thailand,-1424,slt1_for_lt_total_net
2024-01,Thailand,-194,slt2_us_lt_total_net
2024-01,Total Africa,-748,slt1_for_lt_total_net
2024-01,Total Africa,339,slt2_us_lt_total_net
2024-01,Total Asia,-499,slt1_for_lt_total_net
2024-01,Total Asia,-946,slt2_us_lt_total_net
2024-01,Total Caribbean,-6418,slt1_for_lt_total_net
2024-01,Total Caribbean,-5865,slt2_us_lt_total_net
2024-01,Total Europe,92345,slt1_for_lt_total_net
2024-01,Total Europe,18690,slt2_us_lt_total_net
2024-01,Total IROs,-13720,slt1_for_lt_total_net
2024-01,Total IROs,4494,slt2_us_lt_total_net
2024-01,Total Latin America,1519,slt1_for_lt_total_net
2024-01,Total Latin America,-2051,slt2_us_lt_total_net
2024-01,Total Other,10028,slt1_for_lt_total_net
2024-01,Total Other,158,slt2_us_lt_total_net
2024-01,Total Regional Orgs.,576,slt1_for_lt_total_net
2024-01,Total Regional Orgs.,2926,slt2_us_lt_total_net
2024-01,Trinidad and Tobago,266,slt1_for_lt_total_net
2024-01,Trinidad and Tobago,-13,slt2_us_lt_total_net
2024-01,Turkey,997,slt1_for_lt_total_net
2024-01,Turkey,97,slt2_us_lt_total_net
2024-01,Ukraine,-1112,slt1_for_lt_total_net
2024-01,Ukraine,-42,slt2_us_lt_total_net
2024-01,United Arab Emirates,-5744,slt1_for_lt_total_net
2024-01,United Arab Emirates,-7,slt2_us_lt_total_net
2024-01,United Kingdom,29236,slt1_for_lt_total_net
2024-01,United Kingdom,-2746,slt2_us_lt_total_net
2024-01,Uruguay,340,slt1_for_lt_total_net
2024-01,Uruguay,16,slt2_us_lt_total_net
2024-01,Venezuela,75,slt1_for_lt_total_net
2024-01,Venezuela,-46,slt2_us_lt_total_net
2024-02,All Countries,111632,slt1_for_lt_total_net
2024-02,All Countries,63918,slt2_us_lt_total_net
2024-02,Anguilla,-37,slt1_for_lt_total_net
2024-02,Argentina,94,slt1_for_lt_total_net
2024-02,Argentina,22,slt2_us_lt_total_net
2024-02,Aruba,96,slt1_for_lt_total_net
2024-02,Aruba,0,slt2_us_lt_total_net
2024-02,Australia,1217,slt1_for_lt_total_net
2024-02,Australia,-1303,slt2_us_lt_total_net
2024-02,Austria,-533,slt1_for_lt_total_net
2024-02,Austria,105,slt2_us_lt_total_net
2024-02,Bahamas,1243,slt1_for_lt_total_net
2024-02,Bahamas,-44,slt2_us_lt_total_net
2024-02,Barbados,-17,slt1_for_lt_total_net
2024-02,Barbados,36,slt2_us_lt_total_net
2024-02,Belgium,-190,slt1_for_lt_total_net
2024-02,Belgium,478,slt2_us_lt_total_net
2024-02,Bermuda,2199,slt1_for_lt_total_net
2024-02,Bermuda,1175,slt2_us_lt_total_net
2024-02,Brazil,1490,slt1_for_lt_total_net
2024-02,Brazil,-1751,slt2_us_lt_total_net
2024-02,British Virgin Islands,4180,slt1_for_lt_total_net
2024-02,British Virgin Islands,177,slt2_us_lt_total_net
2024-02,Bulgaria,-10,slt1_for_lt_total_net
2024-02,Bulgaria,-11,slt2_us_lt_total_net
2024-02,Canada,-20301,slt1_for_lt_total_net
2024-02,Canada,6117,slt2_us_lt_total_net
2024-02,Cayman Islands,-3727,slt1_for_lt_total_net
2024-02,Cayman Islands,4255,slt2_us_lt_total_net
2024-02,Chile,-137,slt1_for_lt_total_net
2024-02,Chile,1166,slt2_us_lt_total_net
2024-02,"China, Mainland",-13721,slt1_for_lt_total_net
2024-02,"China, Mainland",401,slt2_us_lt_total_net
2024-02,Colombia,1452,slt1_for_lt_total_net
2024-02,Colombia,137,slt2_us_lt_total_net
2024-02,Costa Rica,252,slt1_for_lt_total_net
2024-02,Costa Rica,33,slt2_us_lt_total_net
2024-02,Cuba,0,slt1_for_lt_total_net
2024-02,Cuba,0,slt2_us_lt_total_net
2024-02,Curacao,80,slt1_for_lt_total_net
2024-02,Curacao,868,slt2_us_lt_total_net
2024-02,Cyprus,158,slt1_for_lt_total_net
2024-02,Cyprus,-10,slt2_us_lt_total_net
2024-02,Czech Republic,-509,slt1_for_lt_total_net
2024-02,Czech Republic,-59,slt2_us_lt_total_net
2024-02,Denmark,-334,slt1_for_lt_total_net
2024-02,Denmark,1599,slt2_us_lt_total_net
2024-02,Ecuador,4,slt1_for_lt_total_net
2024-02,Ecuador,68,slt2_us_lt_total_net
2024-02,Egypt,48,slt1_for_lt_total_net
2024-02,Egypt,291,slt2_us_lt_total_net
2024-02,Finland,276,slt1_for_lt_total_net
2024-02,Finland,-28,slt2_us_lt_total_net
2024-02,France,9359,slt1_for_lt_total_net
2024-02,France,8669,slt2_us_lt_total_net
2024-02,Germany,2837,slt1_for_lt_total_net
2024-02,Germany,2432,slt2_us_lt_total_net
2024-02,Grand Total,118465,slt1_for_lt_total_net
2024-02,Grand Total,67013,slt2_us_lt_total_net
2024-02,Greece,199,slt1_for_lt_total_net
2024-02,Greece,962,slt2_us_lt_total_net
2024-02,Guatemala,246,slt1_for_lt_total_net
2024-02,Guatemala,-48,slt2_us_lt_total_net
2024-02,Guernsey,-194,slt1_for_lt_total_net
2024-02,Guernsey,-110,slt2_us_lt_total_net
2024-02,Hong Kong,5361,slt1_for_lt_total_net
2024-02,Hong Kong,64,slt2_us_lt_total_net
2024-02,Hungary,80,slt1_for_lt_total_net
2024-02,Hungary,159,slt2_us_lt_total_net
2024-02,India,1494,slt1_for_lt_total_net
2024-02,India,-1352,slt2_us_lt_total_net
2024-02,Indonesia,3265,slt1_for_lt_total_net
2024-02,Indonesia,500,slt2_us_lt_total_net
2024-02,International,5524,slt1_for_lt_total_net
2024-02,International,1626,slt2_us_lt_total_net
2024-02,Ireland,6406,slt1_for_lt_total_net
2024-02,Ireland,4601,slt2_us_lt_total_net
2024-02,Israel,2542,slt1_for_lt_total_net
2024-02,Israel,515,slt2_us_lt_total_net
2024-02,Italy,412,slt1_for_lt_total_net
2024-02,Italy,379,slt2_us_lt_total_net
2024-02,Jamaica,-7,slt1_for_lt_total_net
2024-02,Jamaica,-1,slt2_us_lt_total_net
2024-02,Japan,13021,slt1_for_lt_total_net
2024-02,Japan,4750,slt2_us_lt_total_net
2024-02,Jersey,-42,slt1_for_lt_total_net
2024-02,Jersey,2300,slt2_us_lt_total_net
2024-02,Kazakhstan,-956,slt1_for_lt_total_net
2024-02,Kazakhstan,6,slt2_us_lt_total_net
2024-02,"Korea, South",7485,slt1_for_lt_total_net
2024-02,"Korea, South",2516,slt2_us_lt_total_net
2024-02,Kuwait,291,slt1_for_lt_total_net
2024-02,Kuwait,60,slt2_us_lt_total_net
2024-02,Lebanon,14,slt1_for_lt_total_net
2024-02,Lebanon,-1,slt2_us_lt_total_net
2024-02,Liberia,19,slt1_for_lt_total_net
2024-02,Liberia,368,slt2_us_lt_total_net
2024-02,Luxembourg,14953,slt1_for_lt_total_net
2024-02,Luxembourg,5140,slt2_us_lt_total_net
2024-02,Malaysia,1329,slt1_for_lt_total_net
2024-02,Malaysia,214,slt2_us_lt_total_net
2024-02,Mauritius,-3,slt1_for_lt_total_net
2024-02,Mauritius,-5,slt2_us_lt_total_net
2024-02,Memo: Euro Area,34319,slt1_for_lt_total_net
2024-02,Memo: Euro Area,26213,slt2_us_lt_total_net
2024-02,Memo: European Union,37620,slt1_for_lt_total_net
2024-02,Memo: European Union,29380,slt2_us_lt_total_net
2024-02,Mexico,3618,slt1_for_lt_total_net
2024-02,Mexico,26,slt2_us_lt_total_net
2024-02,Monaco,100,slt1_for_lt_total_net
2024-02,Monaco,-2,slt2_us_lt_total_net
2024-02,Morocco,55,slt1_for_lt_total_net
2024-02,Morocco,-72,slt2_us_lt_total_net
2024-02,Netherlands,-2001,slt1_for_lt_total_net
2024-02,Netherlands,3807,slt2_us_lt_total_net
2024-02,New Zealand,438,slt1_for_lt_total_net
2024-02,New Zealand,533,slt2_us_lt_total_net
2024-02,Norway,-1761,slt1_for_lt_total_net
2024-02,Norway,-69,slt2_us_lt_total_net
2024-02,Of Which: Asset-Backed Securities,6725,slt1_for_lt_total_net
2024-02,Of Which: Asset-Backed Securities,1683,slt2_us_lt_total_net
2024-02,Of Which: Depository Institutions,-494,slt1_for_lt_total_net
2024-02,Of Which: Depository Institutions,4371,slt2_us_lt_total_net
2024-02,Of Which: Foreign Non-Official,105038,slt1_for_lt_total_net
2024-02,Of Which: Foreign Non-Official Asset-Backed Securities,9367,slt1_for_lt_total_net
2024-02,Of Which: Foreign Non-Official Depository Institutions,-594,slt1_for_lt_total_net
2024-02,Of Which: Foreign Non-Official Fund Shares,-9106,slt1_for_lt_total_net
2024-02,Of Which: Foreign Non-Official Non-Financial Organizations,17075,slt1_for_lt_total_net
2024-02,Of Which: Foreign Non-Official Other Financial Organizations,6749,slt1_for_lt_total_net
2024-02,Of Which: Foreign Non-Official State & Local General Government,-907,slt1_for_lt_total_net
2024-02,Of Which: Foreign Official,13427,slt1_for_lt_total_net
2024-02,Of Which: Foreign Official Asset-Backed Securities,-2642,slt1_for_lt_total_net
2024-02,Of Which: Foreign Official Depository Institutions,100,slt1_for_lt_total_net
2024-02,Of Which: Foreign Official Fund Shares,1063,slt1_for_lt_total_net
2024-02,Of Which: Foreign Official Non-Financial Organizations,2973,slt1_for_lt_total_net
2024-02,Of Which: Foreign Official Other Financial Organizations,538,slt1_for_lt_total_net
2024-02,Of Which: Foreign Official State & Local General Government,40,slt1_for_lt_total_net
2024-02,Of Which: Fund Shares,-8043,slt1_for_lt_total_net
2024-02,Of Which: Fund Shares,3062,slt2_us_lt_total_net
2024-02,Of Which: Non-Financial Organizations,20048,slt1_for_lt_total_net
2024-02,Of Which: Non-Financial Organizations,11691,slt2_us_lt_total_net
2024-02,Of Which: Other Financial Organizations,7287,slt1_for_lt_total_net
2024-02,Of Which: Other Financial Organizations,50358,slt2_us_lt_total_net
2024-02,Of Which: State & Local General Government,-867,slt1_for_lt_total_net
2024-02,Pakistan,0,slt1_for_lt_total_net
2024-02,Pakistan,-41,slt2_us_lt_total_net
2024-02,Panama,678,slt1_for_lt_total_net
2024-02,Panama,892,slt2_us_lt_total_net
2024-02,Peru,3173,slt1_for_lt_total_net
2024-02,Peru,-854,slt2_us_lt_total_net
2024-02,Philippines,1200,slt1_for_lt_total_net
2024-02,Philippines,37,slt2_us_lt_total_net
2024-02,Poland,211,slt1_for_lt_total_net
2024-02,Poland,494,slt2_us_lt_total_net
2024-02,Portugal,-55,slt1_for_lt_total_net
2024-02,Portugal,240,slt2_us_lt_total_net
2024-02,Romania,1257,slt1_for_lt_total_net
2024-02,Romania,653,slt2_us_lt_total_net
2024-02,Russia,0,slt1_for_lt_total_net
2024-02,Russia,-32,slt2_us_lt_total_net
2024-02,Saint Kitts and Nevis,66,slt1_for_lt_total_net
2024-02,Saudi Arabia,195,slt1_for_lt_total_net
2024-02,Serbia,139,slt1_for_lt_total_net
2024-02,Serbia,120,slt2_us_lt_total_net
2024-02,Singapore,10028,slt1_for_lt_total_net
2024-02,Singapore,2586,slt2_us_lt_total_net
2024-02,South Africa,916,slt1_for_lt_total_net
2024-02,South Africa,215,slt2_us_lt_total_net
2024-02,Spain,2407,slt1_for_lt_total_net
2024-02,Spain,-409,slt2_us_lt_total_net
2024-02,Sweden,2606,slt1_for_lt_total_net
2024-02,Sweden,332,slt2_us_lt_total_net
2024-02,Switzerland,1698,slt1_for_lt_total_net
2024-02,Switzerland,-1480,slt2_us_lt_total_net
2024-02,Syria,0,slt1_for_lt_total_net
2024-02,Taiwan,6548,slt1_for_lt_total_net
2024-02,Taiwan,2616,slt2_us_lt_total_net
2024-02,Thailand,266,slt1_for_lt_total_net
2024-02,Thailand,270,slt2_us_lt_total_net
2024-02,Total Africa,1354,slt1_for_lt_total_net
2024-02,Total Africa,1517,slt2_us_lt_total_net
2024-02,Total Asia,41958,slt1_for_lt_total_net
2024-02,Total Asia,14007,slt2_us_lt_total_net
2024-02,Total Caribbean,4546,slt1_for_lt_total_net
2024-02,Total Caribbean,6486,slt2_us_lt_total_net
2024-02,Total Europe,71002,slt1_for_lt_total_net
2024-02,Total Europe,36214,slt2_us_lt_total_net
2024-02,Total IROs,6833,slt1_for_lt_total_net
2024-02,Total IROs,3095,slt2_us_lt_total_net
2024-02,Total Latin America,11493,slt1_for_lt_total_net
2024-02,Total Latin America,182,slt2_us_lt_total_net
2024-02,Total Other,1678,slt1_for_lt_total_net
2024-02,Total Other,-605,slt2_us_lt_total_net
2024-02,Total Regional Orgs.,1309,slt1_for_lt_total_net
2024-02,Total Regional Orgs.,1469,slt2_us_lt_total_net
2024-02,Trinidad and Tobago,139,slt1_for_lt_total_net
2024-02,Trinidad and Tobago,15,slt2_us_lt_total_net
2024-02,Turkey,37,slt1_for_lt_total_net
2024-02,Turkey,523,slt2_us_lt_total_net
2024-02,Ukraine,-191,slt1_for_lt_total_net
2024-02,Ukraine,7,slt2_us_lt_total_net
2024-02,United Arab Emirates,205,slt1_for_lt_total_net
2024-02,United Arab Emirates,53,slt2_us_lt_total_net
2024-02,United Kingdom,35176,slt1_for_lt_total_net
2024-02,United Kingdom,5565,slt2_us_lt_total_net
2024-02,Uruguay,469,slt1_for_lt_total_net
2024-02,Uruguay,36,slt2_us_lt_total_net
2024-02,Venezuela,5,slt1_for_lt_total_net
2024-02,Venezuela,15,slt2_us_lt_total_net
2024-03,All Countries,141483,slt1_for_lt_total_net
2024-03,All Countries,54676,slt2_us_lt_total_net
2024-03,Anguilla,-153,slt1_for_lt_total_net
2024-03,Argentina,10,slt1_for_lt_total_net
2024-03,Argentina,606,slt2_us_lt_total_net
2024-03,Aruba,-19,slt1_for_lt_total_net
2024-03,Aruba,-31,slt2_us_lt_total_net
2024-03,Australia,13942,slt1_for_lt_total_net
2024-03,Australia,2831,slt2_us_lt_total_net
2024-03,Austria,887,slt1_for_lt_total_net
2024-03,Austria,-123,slt2_us_lt_total_net
2024-03,Bahamas,1098,slt1_for_lt_total_net
2024-03,Bahamas,33,slt2_us_lt_total_net
2024-03,Barbados,-53,slt1_for_lt_total_net
2024-03,Barbados,-7,slt2_us_lt_total_net
2024-03,Belgium,-7299,slt1_for_lt_total_net
2024-03,Belgium,889,slt2_us_lt_total_net
2024-03,Bermuda,6012,slt1_for_lt_total_net
2024-03,Bermuda,-788,slt2_us_lt_total_net
2024-03,Brazil,1842,slt1_for_lt_total_net
2024-03,Brazil,-854,slt2_us_lt_total_net
2024-03,British Virgin Islands,-337,slt1_for_lt_total_net
2024-03,British Virgin Islands,-260,slt2_us_lt_total_net
2024-03,Bulgaria,-1,slt1_for_lt_total_net
2024-03,Bulgaria,-18,slt2_us_lt_total_net
2024-03,Canada,-17845,slt1_for_lt_total_net
2024-03,Canada,3350,slt2_us_lt_total_net
2024-03,Cayman Islands,19543,slt1_for_lt_total_net
2024-03,Cayman Islands,3986,slt2_us_lt_total_net
2024-03,Chile,839,slt1_for_lt_total_net
2024-03,Chile,491,slt2_us_lt_total_net
2024-03,"China, Mainland",-14183,slt1_for_lt_total_net
2024-03,"China, Mainland",21,slt2_us_lt_total_net
2024-03,Colombia,818,slt1_for_lt_total_net
2024-03,Colombia,288,slt2_us_lt_total_net
2024-03,Costa Rica,34,slt1_for_lt_total_net
2024-03,Costa Rica,-7,slt2_us_lt_total_net
2024-03,Cuba,-1,slt1_for_lt_total_net
2024-03,Cuba,0,slt2_us_lt_total_net
2024-03,Curacao,34,slt1_for_lt_total_net
2024-03,Curacao,185,slt2_us_lt_total_net
2024-03,Cyprus,1020,slt1_for_lt_total_net
2024-03,Cyprus,73,slt2_us_lt_total_net
2024-03,Czech Republic,1187,slt1_for_lt_total_net
2024-03,Czech Republic,174,slt2_us_lt_total_net
2024-03,Denmark,2052,slt1_for_lt_total_net
2024-03,Denmark,689,slt2_us_lt_total_net
2024-03,Ecuador,6,slt1_for_lt_total_net
2024-03,Ecuador,20,slt2_us_lt_total_net
2024-03,Egypt,0,slt1_for_lt_total_net
2024-03,Egypt,-164,slt2_us_lt_total_net
2024-03,Finland,206,slt1_for_lt_total_net
2024-03,Finland,86,slt2_us_lt_total_net
2024-03,France,7534,slt1_for_lt_total_net
2024-03,France,3269,slt2_us_lt_total_net
2024-03,Germany,902,slt1_for_lt_total_net
2024-03,Germany,-834,slt2_us_lt_total_net
2024-03,Grand Total,145488,slt1_for_lt_total_net
2024-03,Grand Total,54952,slt2_us_lt_total_net
2024-03,Greece,-24,slt1_for_lt_total_net
2024-03,Greece,480,slt2_us_lt_total_net
2024-03,Guatemala,339,slt1_for_lt_total_net
2024-03,Guatemala,-25,slt2_us_lt_total_net
2024-03,Guernsey,530,slt1_for_lt_total_net
2024-03,Guernsey,-184,slt2_us_lt_total_net
2024-03,Hong Kong,-2972,slt1_for_lt_total_net
2024-03,Hong Kong,-218,slt2_us_lt_total_net
2024-03,Hungary,-159,slt1_for_lt_total_net
2024-03,Hungary,-77,slt2_us_lt_total_net
2024-03,India,2234,slt1_for_lt_total_net
2024-03,India,1386,slt2_us_lt_total_net
2024-03,Indonesia,3593,slt1_for_lt_total_net
2024-03,Indonesia,182,slt2_us_lt_total_net
2024-03,International,4206,slt1_for_lt_total_net
2024-03,International,-1108,slt2_us_lt_total_net
2024-03,Ireland,19279,slt1_for_lt_total_net
2024-03,Ireland,3829,slt2_us_lt_total_net
2024-03,Israel,2767,slt1_for_lt_total_net
2024-03,Israel,4287,slt2_us_lt_total_net
2024-03,Italy,-1669,slt1_for_lt_total_net
2024-03,Italy,1619,slt2_us_lt_total_net
2024-03,Jamaica,-32,slt1_for_lt_total_net
2024-03,Jamaica,-17,slt2_us_lt_total_net
2024-03,Japan,-120,slt1_for_lt_total_net
2024-03,Japan,-588,slt2_us_lt_total_net
2024-03,Jersey,631,slt1_for_lt_total_net
2024-03,Jersey,4706,slt2_us_lt_total_net
2024-03,Kazakhstan,97,slt1_for_lt_total_net
2024-03,Kazakhstan,127,slt2_us_lt_total_net
2024-03,"Korea, South",-7107,slt1_for_lt_total_net
2024-03,"Korea, South",1111,slt2_us_lt_total_net
2024-03,Kuwait,1756,slt1_for_lt_total_net
2024-03,Kuwait,55,slt2_us_lt_total_net
2024-03,Lebanon,9,slt1_for_lt_total_net
2024-03,Lebanon,7,slt2_us_lt_total_net
2024-03,Liberia,20,slt1_for_lt_total_net
2024-03,Liberia,422,slt2_us_lt_total_net
2024-03,Luxembourg,9745,slt1_for_lt_total_net
2024-03,Luxembourg,268,slt2_us_lt_total_net
2024-03,Malaysia,-1392,slt1_for_lt_total_net
2024-03,Malaysia,106,slt2_us_lt_total_net
2024-03,Mauritius,80,slt1_for_lt_total_net
2024-03,Mauritius,-71,slt2_us_lt_total_net
2024-03,Memo: Euro Area,31835,slt1_for_lt_total_net
2024-03,Memo: Euro Area,12068,slt2_us_lt_total_net
2024-03,Memo: European Union,39551,slt1_for_lt_total_net
2024-03,Memo: European Union,15503,slt2_us_lt_total_net
2024-03,Mexico,6928,slt1_for_lt_total_net
2024-03,Mexico,712,slt2_us_lt_total_net
2024-03,Monaco,-403,slt1_for_lt_total_net
2024-03,Monaco,-16,slt2_us_lt_total_net
2024-03,Morocco,-1,slt1_for_lt_total_net
2024-03,Morocco,1,slt2_us_lt_total_net
2024-03,Netherlands,12,slt1_for_lt_total_net
2024-03,Netherlands,-1679,slt2_us_lt_total_net
2024-03,New Zealand,757,slt1_for_lt_total_net
2024-03,New Zealand,20,slt2_us_lt_total_net
2024-03,Norway,17075,slt1_for_lt_total_net
2024-03,Norway,-999,slt2_us_lt_total_net
2024-03,Of Which: Asset-Backed Securities,12047,slt1_for_lt_total_net
2024-03,Of Which: Asset-Backed Securities,6716,slt2_us_lt_total_net
2024-03,Of Which: Depository Institutions,5082,slt1_for_lt_total_net
2024-03,Of Which: Depository Institutions,-1064,slt2_us_lt_total_net
2024-03,Of Which: Foreign Non-Official,100015,slt1_for_lt_total_net
2024-03,Of Which: Foreign Non-Official Asset-Backed Securities,18060,slt1_for_lt_total_net
2024-03,Of Which: Foreign Non-Official Depository Institutions,4019,slt1_for_lt_total_net
2024-03,Of Which: Foreign Non-Official Fund Shares,-288,slt1_for_lt_total_net
2024-03,Of Which: Foreign Non-Official Non-Financial Organizations,50095,slt1_for_lt_total_net
2024-03,Of Which: Foreign Non-Official Other Financial Organizations,17808,slt1_for_lt_total_net
2024-03,Of Which: Foreign Non-Official State & Local General Government,486,slt1_for_lt_total_net
2024-03,Of Which: Foreign Official,45473,slt1_for_lt_total_net
2024-03,Of Which: Foreign Official Asset-Backed Securities,-6013,slt1_for_lt_total_net
2024-03,Of Which: Foreign Official Depository Institutions,1063,slt1_for_lt_total_net
2024-03,Of Which: Foreign Official Fund Shares,2218,slt1_for_lt_total_net
2024-03,Of Which: Foreign Official Non-Financial Organizations,10748,slt1_for_lt_total_net
2024-03,Of Which: Foreign Official Other Financial Organizations,10213,slt1_for_lt_total_net
2024-03,Of Which: Foreign Official State & Local General Government,67,slt1_for_lt_total_net
2024-03,Of Which: Fund Shares,1930,slt1_for_lt_total_net
2024-03,Of Which: Fund Shares,-2155,slt2_us_lt_total_net
2024-03,Of Which: Non-Financial Organizations,60843,slt1_for_lt_total_net
2024-03,Of Which: Non-Financial Organizations,16978,slt2_us_lt_total_net
2024-03,Of Which: Other Financial Organizations,28021,slt1_for_lt_total_net
2024-03,Of Which: Other Financial Organizations,37608,slt2_us_lt_total_net
2024-03,Of Which: State & Local General Government,553,slt1_for_lt_total_net
2024-03,Pakistan,1,slt1_for_lt_total_net
2024-03,Pakistan,-6,slt2_us_lt_total_net
2024-03,Panama,414,slt1_for_lt_total_net
2024-03,Panama,557,slt2_us_lt_total_net
2024-03,Peru,1120,slt1_for_lt_total_net
2024-03,Peru,149,slt2_us_lt_total_net
2024-03,Philippines,2367,slt1_for_lt_total_net
2024-03,Philippines,10,slt2_us_lt_total_net
2024-03,Poland,-145,slt1_for_lt_total_net
2024-03,Poland,2867,slt2_us_lt_total_net
2024-03,Portugal,12,slt1_for_lt_total_net
2024-03,Portugal,34,slt2_us_lt_total_net
2024-03,Romania,552,slt1_for_lt_total_net
2024-03,Romania,162,slt2_us_lt_total_net
2024-03,Russia,-8,slt1_for_lt_total_net
2024-03,Russia,-32,slt2_us_lt_total_net
2024-03,Saint Kitts and Nevis,61,slt1_for_lt_total_net
2024-03,Saudi Arabia,6659,slt1_for_lt_total_net
2024-03,Serbia,0,slt1_for_lt_total_net
2024-03,Serbia,-35,slt2_us_lt_total_net
2024-03,Singapore,9858,slt1_for_lt_total_net
2024-03,Singapore,50,slt2_us_lt_total_net
2024-03,South Africa,-597,slt1_for_lt_total_net
2024-03,South Africa,-75,slt2_us_lt_total_net
2024-03,Spain,1244,slt1_for_lt_total_net
2024-03,Spain,4166,slt2_us_lt_total_net
2024-03,Sweden,4230,slt1_for_lt_total_net
2024-03,Sweden,-362,slt2_us_lt_total_net
2024-03,Switzerland,5962,slt1_for_lt_total_net
2024-03,Switzerland,-962,slt2_us_lt_total_net
2024-03,Syria,0,slt1_for_lt_total_net
2024-03,Taiwan,5244,slt1_for_lt_total_net
2024-03,Taiwan,1614,slt2_us_lt_total_net
2024-03,Thailand,3129,slt1_for_lt_total_net
2024-03,Thailand,-261,slt2_us_lt_total_net
2024-03,Total Africa,374,slt1_for_lt_total_net
2024-03,Total Africa,79,slt2_us_lt_total_net
2024-03,Total Asia,12940,slt1_for_lt_total_net
2024-03,Total Asia,8177,slt2_us_lt_total_net
2024-03,Total Caribbean,26364,slt1_for_lt_total_net
2024-03,Total Caribbean,3097,slt2_us_lt_total_net
2024-03,Total Europe,92101,slt1_for_lt_total_net
2024-03,Total Europe,35035,slt2_us_lt_total_net
2024-03,Total IROs,4005,slt1_for_lt_total_net
2024-03,Total IROs,276,slt2_us_lt_total_net
2024-03,Total Latin America,13142,slt1_for_lt_total_net
2024-03,Total Latin America,1908,slt2_us_lt_total_net
2024-03,Total Other,14545,slt1_for_lt_total_net
2024-03,Total Other,3030,slt2_us_lt_total_net
2024-03,Total Regional Orgs.,-201,slt1_for_lt_total_net
2024-03,Total Regional Orgs.,1384,slt2_us_lt_total_net
2024-03,Trinidad and Tobago,10,slt1_for_lt_total_net
2024-03,Trinidad and Tobago,0,slt2_us_lt_total_net
2024-03,Turkey,53,slt1_for_lt_total_net
2024-03,Turkey,320,slt2_us_lt_total_net
2024-03,Ukraine,2217,slt1_for_lt_total_net
2024-03,Ukraine,68,slt2_us_lt_total_net
2024-03,United Arab Emirates,-432,slt1_for_lt_total_net
2024-03,United Arab Emirates,322,slt2_us_lt_total_net
2024-03,United Kingdom,27026,slt1_for_lt_total_net
2024-03,United Kingdom,16435,slt2_us_lt_total_net
2024-03,Uruguay,174,slt1_for_lt_total_net
2024-03,Uruguay,36,slt2_us_lt_total_net
2024-03,Venezuela,120,slt1_for_lt_total_net
2024-03,Venezuela,19,slt2_us_lt_total_net
2024-04,All Countries,67769,slt1_for_lt_total_net
2024-04,All Countries,25079,slt2_us_lt_total_net
2024-04,Anguilla,-3989,slt1_for_lt_total_net
2024-04,Argentina,993,slt1_for_lt_total_net
2024-04,Argentina,-323,slt2_us_lt_total_net
2024-04,Aruba,-3,slt1_for_lt_total_net
2024-04,Aruba,-17,slt2_us_lt_total_net
2024-04,Australia,2493,slt1_for_lt_total_net
2024-04,Australia,43,slt2_us_lt_total_net
2024-04,Austria,-244,slt1_for_lt_total_net
2024-04,Austria,200,slt2_us_lt_total_net
2024-04,Bahamas,-325,slt1_for_lt_total_net
2024-04,Bahamas,5,slt2_us_lt_total_net
2024-04,Barbados,-81,slt1_for_lt_total_net
2024-04,Barbados,-6,slt2_us_lt_total_net
2024-04,Belgium,-3149,slt1_for_lt_total_net
2024-04,Belgium,871,slt2_us_lt_total_net
2024-04,Bermuda,-5912,slt1_for_lt_total_net
2024-04,Bermuda,47,slt2_us_lt_total_net
2024-04,Brazil,-1807,slt1_for_lt_total_net
2024-04,Brazil,-415,slt2_us_lt_total_net
2024-04,British Virgin Islands,4957,slt1_for_lt_total_net
2024-04,British Virgin Islands,-590,slt2_us_lt_total_net
2024-04,Bulgaria,55,slt1_for_lt_total_net
2024-04,Bulgaria,-73,slt2_us_lt_total_net
2024-04,Canada,-46724,slt1_for_lt_total_net
2024-04,Canada,10458,slt2_us_lt_total_net
2024-04,Cayman Islands,36336,slt1_for_lt_total_net
2024-04,Cayman Islands,-10772,slt2_us_lt_total_net
2024-04,Chile,-17,slt1_for_lt_total_net
2024-04,Chile,73,slt2_us_lt_total_net
2024-04,"China, Mainland",13534,slt1_for_lt_total_net
2024-04,"China, Mainland",143,slt2_us_lt_total_net
2024-04,Colombia,-1347,slt1_for_lt_total_net
2024-04,Colombia,-69,slt2_us_lt_total_net
2024-04,Costa Rica,-268,slt1_for_lt_total_net
2024-04,Costa Rica,-6,slt2_us_lt_total_net
2024-04,Cuba,0,slt1_for_lt_total_net
2024-04,Cuba,0,slt2_us_lt_total_net
2024-04,Curacao,127,slt1_for_lt_total_net
2024-04,Curacao,-237,slt2_us_lt_total_net
2024-04,Cyprus,-27,slt1_for_lt_total_net
2024-04,Cyprus,-35,slt2_us_lt_total_net
2024-04,Czech Republic,-1187,slt1_for_lt_total_net
2024-04,Czech Republic,72,slt2_us_lt_total_net
2024-04,Denmark,-622,slt1_for_lt_total_net
2024-04,Denmark,795,slt2_us_lt_total_net
2024-04,Ecuador,12,slt1_for_lt_total_net
2024-04,Ecuador,6,slt2_us_lt_total_net
2024-04,Egypt,3,slt1_for_lt_total_net
2024-04,Egypt,151,slt2_us_lt_total_net
2024-04,Finland,113,slt1_for_lt_total_net
2024-04,Finland,84,slt2_us_lt_total_net
2024-04,France,-3997,slt1_for_lt_total_net
2024-04,France,5144,slt2_us_lt_total_net
2024-04,Germany,1326,slt1_for_lt_total_net
2024-04,Germany,5610,slt2_us_lt_total_net
2024-04,Grand Total,72257,slt1_for_lt_total_net
2024-04,Grand Total,28644,slt2_us_lt_total_net
2024-04,Greece,108,slt1_for_lt_total_net
2024-04,Greece,-56,slt2_us_lt_total_net
2024-04,Guatemala,60,slt1_for_lt_total_net
2024-04,Guatemala,10,slt2_us_lt_total_net
2024-04,Guernsey,410,slt1_for_lt_total_net
2024-04,Guernsey,-62,slt2_us_lt_total_net
2024-04,Hong Kong,19484,slt1_for_lt_total_net
2024-04,Hong Kong,-95,slt2_us_lt_total_net
2024-04,Hungary,196,slt1_for_lt_total_net
2024-04,Hungary,67,slt2_us_lt_total_net
2024-04,India,-2101,slt1_for_lt_total_net
2024-04,India,-642,slt2_us_lt_total_net
2024-04,Indonesia,-332,slt1_for_lt_total_net
2024-04,Indonesia,-860,slt2_us_lt_total_net
2024-04,International,4363,slt1_for_lt_total_net
2024-04,International,1740,slt2_us_lt_total_net
2024-04,Ireland,4375,slt1_for_lt_total_net
2024-04,Ireland,595,slt2_us_lt_total_net
2024-04,Israel,1015,slt1_for_lt_total_net
2024-04,Israel,69,slt2_us_lt_total_net
2024-04,Italy,6788,slt1_for_lt_total_net
2024-04,Italy,2481,slt2_us_lt_total_net
2024-04,Jamaica,-5,slt1_for_lt_total_net
2024-04,Jamaica,-3,slt2_us_lt_total_net
2024-04,Japan,-6926,slt1_for_lt_total_net
2024-04,Japan,-3801,slt2_us_lt_total_net
2024-04,Jersey,-112,slt1_for_lt_total_net
2024-04,Jersey,-2293,slt2_us_lt_total_net
2024-04,Kazakhstan,530,slt1_for_lt_total_net
2024-04,Kazakhstan,218,slt2_us_lt_total_net
2024-04,"Korea, South",6422,slt1_for_lt_total_net
2024-04,"Korea, South",2768,slt2_us_lt_total_net
2024-04,Kuwait,168,slt1_for_lt_total_net
2024-04,Kuwait,-38,slt2_us_lt_total_net
2024-04,Lebanon,13,slt1_for_lt_total_net
2024-04,Lebanon,-1,slt2_us_lt_total_net
2024-04,Liberia,-7,slt1_for_lt_total_net
2024-04,Liberia,324,slt2_us_lt_total_net
2024-04,Luxembourg,2880,slt1_for_lt_total_net
2024-04,Luxembourg,555,slt2_us_lt_total_net
2024-04,Malaysia,453,slt1_for_lt_total_net
2024-04,Malaysia,-116,slt2_us_lt_total_net
2024-04,Mauritius,15,slt1_for_lt_total_net
2024-04,Mauritius,-17,slt2_us_lt_total_net
2024-04,Memo: Euro Area,18696,slt1_for_lt_total_net
2024-04,Memo: Euro Area,16473,slt2_us_lt_total_net
2024-04,Memo: European Union,18490,slt1_for_lt_total_net
2024-04,Memo: European Union,17480,slt2_us_lt_total_net
2024-04,Mexico,6738,slt1_for_lt_total_net
2024-04,Mexico,-281,slt2_us_lt_total_net
2024-04,Monaco,-64,slt1_for_lt_total_net
2024-04,Monaco,7,slt2_us_lt_total_net
2024-04,Morocco,-38,slt1_for_lt_total_net
2024-04,Morocco,-41,slt2_us_lt_total_net
2024-04,Netherlands,3163,slt1_for_lt_total_net
2024-04,Netherlands,-930,slt2_us_lt_total_net
2024-04,New Zealand,544,slt1_for_lt_total_net
2024-04,New Zealand,-90,slt2_us_lt_total_net
2024-04,Norway,-7525,slt1_for_lt_total_net
2024-04,Norway,629,slt2_us_lt_total_net
2024-04,Of Which: Asset-Backed Securities,-13695,slt1_for_lt_total_net
2024-04,Of Which: Asset-Backed Securities,-2916,slt2_us_lt_total_net
2024-04,Of Which: Depository Institutions,5972,slt1_for_lt_total_net
2024-04,Of Which: Depository Institutions,-2445,slt2_us_lt_total_net
2024-04,Of Which: Foreign Non-Official,37488,slt1_for_lt_total_net
2024-04,Of Which: Foreign Non-Official Asset-Backed Securities,-9012,slt1_for_lt_total_net
2024-04,Of Which: Foreign Non-Official Depository Institutions,5636,slt1_for_lt_total_net
2024-04,Of Which: Foreign Non-Official Fund Shares,3827,slt1_for_lt_total_net
2024-04,Of Which: Foreign Non-Official Non-Financial Organizations,-19353,slt1_for_lt_total_net
2024-04,Of Which: Foreign Non-Official Other Financial Organizations,6330,slt1_for_lt_total_net
2024-04,Of Which: Foreign Non-Official State & Local General Government,-1288,slt1_for_lt_total_net
2024-04,Of Which: Foreign Official,34769,slt1_for_lt_total_net
2024-04,Of Which: Foreign Official Asset-Backed Securities,-4683,slt1_for_lt_total_net
2024-04,Of Which: Foreign Official Depository Institutions,336,slt1_for_lt_total_net
2024-04,Of Which: Foreign Official Fund Shares,-297,slt1_for_lt_total_net
2024-04,Of Which: Foreign Official Non-Financial Organizations,-518,slt1_for_lt_total_net
2024-04,Of Which: Foreign Official Other Financial Organizations,2713,slt1_for_lt_total_net
2024-04,Of Which: Foreign Official State & Local General Government,-189,slt1_for_lt_total_net
2024-04,Of Which: Fund Shares,3530,slt1_for_lt_total_net
2024-04,Of Which: Fund Shares,-9521,slt2_us_lt_total_net
2024-04,Of Which: Non-Financial Organizations,-19871,slt1_for_lt_total_net
2024-04,Of Which: Non-Financial Organizations,8299,slt2_us_lt_total_net
2024-04,Of Which: Other Financial Organizations,9043,slt1_for_lt_total_net
2024-04,Of Which: Other Financial Organizations,20858,slt2_us_lt_total_net
2024-04,Of Which: State & Local General Government,-1477,slt1_for_lt_total_net
2024-04,Pakistan,0,slt1_for_lt_total_net
2024-04,Pakistan,-22,slt2_us_lt_total_net
2024-04,Panama,431,slt1_for_lt_total_net
2024-04,Panama,200,slt2_us_lt_total_net
2024-04,Peru,2479,slt1_for_lt_total_net
2024-04,Peru,356,slt2_us_lt_total_net
2024-04,Philippines,-2686,slt1_for_lt_total_net
2024-04,Philippines,21,slt2_us_lt_total_net
2024-04,Poland,-1116,slt1_for_lt_total_net
2024-04,Poland,510,slt2_us_lt_total_net
2024-04,Portugal,1417,slt1_for_lt_total_net
2024-04,Portugal,313,slt2_us_lt_total_net
2024-04,Romania,550,slt1_for_lt_total_net
2024-04,Romania,-104,slt2_us_lt_total_net
2024-04,Russia,2,slt1_for_lt_total_net
2024-04,Russia,-155,slt2_us_lt_total_net
2024-04,Saint Kitts and Nevis,125,slt1_for_lt_total_net
2024-04,Saudi Arabia,1194,slt1_for_lt_total_net
2024-04,Serbia,348,slt1_for_lt_total_net
2024-04,Serbia,-11,slt2_us_lt_total_net
2024-04,Singapore,11430,slt1_for_lt_total_net
2024-04,Singapore,-1048,slt2_us_lt_total_net
2024-04,South Africa,-1037,slt1_for_lt_total_net
2024-04,South Africa,421,slt2_us_lt_total_net
2024-04,Spain,5711,slt1_for_lt_total_net
2024-04,Spain,1628,slt2_us_lt_total_net
2024-04,Sweden,1918,slt1_for_lt_total_net
2024-04,Sweden,-260,slt2_us_lt_total_net
2024-04,Switzerland,6289,slt1_for_lt_total_net
2024-04,Switzerland,1455,slt2_us_lt_total_net
2024-04,Syria,0,slt1_for_lt_total_net
2024-04,Taiwan,8169,slt1_for_lt_total_net
2024-04,Taiwan,1596,slt2_us_lt_total_net
2024-04,Thailand,-497,slt1_for_lt_total_net
2024-04,Thailand,-293,slt2_us_lt_total_net
2024-04,Total Africa,-833,slt1_for_lt_total_net
2024-04,Total Africa,807,slt2_us_lt_total_net
2024-04,Total Asia,57014,slt1_for_lt_total_net
2024-04,Total Asia,-2144,slt2_us_lt_total_net
2024-04,Total Caribbean,31235,slt1_for_lt_total_net
2024-04,Total Caribbean,-11634,slt2_us_lt_total_net
2024-04,Total Europe,17232,slt1_for_lt_total_net
2024-04,Total Europe,27658,slt2_us_lt_total_net
2024-04,Total IROs,4488,slt1_for_lt_total_net
2024-04,Total IROs,3565,slt2_us_lt_total_net
2024-04,Total Latin America,6946,slt1_for_lt_total_net
2024-04,Total Latin America,-313,slt2_us_lt_total_net
2024-04,Total Other,3051,slt1_for_lt_total_net
2024-04,Total Other,247,slt2_us_lt_total_net
2024-04,Total Regional Orgs.,125,slt1_for_lt_total_net
2024-04,Total Regional Orgs.,1825,slt2_us_lt_total_net
2024-04,Trinidad and Tobago,-211,slt1_for_lt_total_net
2024-04,Trinidad and Tobago,-4,slt2_us_lt_total_net
2024-04,Turkey,25,slt1_for_lt_total_net
2024-04,Turkey,239,slt2_us_lt_total_net
2024-04,Ukraine,319,slt1_for_lt_total_net
2024-04,Ukraine,-11,slt2_us_lt_total_net
2024-04,United Arab Emirates,-1918,slt1_for_lt_total_net
2024-04,United Arab Emirates,609,slt2_us_lt_total_net
2024-04,United Kingdom,-1501,slt1_for_lt_total_net
2024-04,United Kingdom,9241,slt2_us_lt_total_net
2024-04,Uruguay,181,slt1_for_lt_total_net
2024-04,Uruguay,-17,slt2_us_lt_total_net
2024-04,Venezuela,17,slt1_for_lt_total_net
2024-04,Venezuela,-110,slt2_us_lt_total_net
2024-05,All Countries,68168,slt1_for_lt_total_net
2024-05,All Countries,80202,slt2_us_lt_total_net
2024-05,Anguilla,-3865,slt1_for_lt_total_net
2024-05,Argentina,180,slt1_for_lt_total_net
2024-05,Argentina,18,slt2_us_lt_total_net
2024-05,Aruba,84,slt1_for_lt_total_net
2024-05,Aruba,-3,slt2_us_lt_total_net
2024-05,Australia,1471,slt1_for_lt_total_net
2024-05,Australia,2244,slt2_us_lt_total_net
2024-05,Austria,-90,slt1_for_lt_total_net
2024-05,Austria,250,slt2_us_lt_total_net
2024-05,Bahamas,528,slt1_for_lt_total_net
2024-05,Bahamas,44,slt2_us_lt_total_net
2024-05,Barbados,24,slt1_for_lt_total_net
2024-05,Barbados,-4,slt2_us_lt_total_net
2024-05,Belgium,-3105,slt1_for_lt_total_net
2024-05,Belgium,805,slt2_us_lt_total_net
2024-05,Bermuda,3155,slt1_for_lt_total_net
2024-05,Bermuda,208,slt2_us_lt_total_net
2024-05,Brazil,1451,slt1_for_lt_total_net
2024-05,Brazil,1168,slt2_us_lt_total_net
2024-05,British Virgin Islands,-1361,slt1_for_lt_total_net
2024-05,British Virgin Islands,-344,slt2_us_lt_total_net
2024-05,Bulgaria,-41,slt1_for_lt_total_net
2024-05,Bulgaria,-6,slt2_us_lt_total_net
2024-05,Canada,6617,slt1_for_lt_total_net
2024-05,Canada,151,slt2_us_lt_total_net
2024-05,Cayman Islands,18695,slt1_for_lt_total_net
2024-05,Cayman Islands,11776,slt2_us_lt_total_net
2024-05,Chile,262,slt1_for_lt_total_net
2024-05,Chile,352,slt2_us_lt_total_net
2024-05,"China, Mainland",-40076,slt1_for_lt_total_net
2024-05,"China, Mainland",4241,slt2_us_lt_total_net
2024-05,Colombia,3105,slt1_for_lt_total_net
2024-05,Colombia,193,slt2_us_lt_total_net
2024-05,Costa Rica,110,slt1_for_lt_total_net
2024-05,Costa Rica,7,slt2_us_lt_total_net
2024-05,Cuba,0,slt1_for_lt_total_net
2024-05,Cuba,0,slt2_us_lt_total_net
2024-05,Curacao,73,slt1_for_lt_total_net
2024-05,Curacao,-641,slt2_us_lt_total_net
2024-05,Cyprus,-578,slt1_for_lt_total_net
2024-05,Cyprus,-79,slt2_us_lt_total_net
2024-05,Czech Republic,1286,slt1_for_lt_total_net
2024-05,Czech Republic,50,slt2_us_lt_total_net
2024-05,Denmark,931,slt1_for_lt_total_net
2024-05,Denmark,716,slt2_us_lt_total_net
2024-05,Ecuador,23,slt1_for_lt_total_net
2024-05,Ecuador,-30,slt2_us_lt_total_net
2024-05,Egypt,2,slt1_for_lt_total_net
2024-05,Egypt,50,slt2_us_lt_total_net
2024-05,Finland,-1019,slt1_for_lt_total_net
2024-05,Finland,-258,slt2_us_lt_total_net
2024-05,France,5351,slt1_for_lt_total_net
2024-05,France,4256,slt2_us_lt_total_net
2024-05,Germany,-20913,slt1_for_lt_total_net
2024-05,Germany,6075,slt2_us_lt_total_net
2024-05,Grand Total,78667,slt1_for_lt_total_net
2024-05,Grand Total,82016,slt2_us_lt_total_net
2024-05,Greece,-79,slt1_for_lt_total_net
2024-05,Greece,374,slt2_us_lt_total_net
2024-05,Guatemala,155,slt1_for_lt_total_net
2024-05,Guatemala,31,slt2_us_lt_total_net
2024-05,Guernsey,223,slt1_for_lt_total_net
2024-05,Guernsey,282,slt2_us_lt_total_net
2024-05,Hong Kong,3871,slt1_for_lt_total_net
2024-05,Hong Kong,965,slt2_us_lt_total_net
2024-05,Hungary,-94,slt1_for_lt_total_net
2024-05,Hungary,-121,slt2_us_lt_total_net
2024-05,India,1768,slt1_for_lt_total_net
2024-05,India,-785,slt2_us_lt_total_net
2024-05,Indonesia,-1218,slt1_for_lt_total_net
2024-05,Indonesia,-50,slt2_us_lt_total_net
2024-05,International,9980,slt1_for_lt_total_net
2024-05,International,364,slt2_us_lt_total_net
2024-05,Ireland,10701,slt1_for_lt_total_net
2024-05,Ireland,4654,slt2_us_lt_total_net
2024-05,Israel,2628,slt1_for_lt_total_net
2024-05,Israel,753,slt2_us_lt_total_net
2024-05,Italy,528,slt1_for_lt_total_net
2024-05,Italy,3876,slt2_us_lt_total_net
2024-05,Jamaica,-31,slt1_for_lt_total_net
2024-05,Jamaica,-6,slt2_us_lt_total_net
2024-05,Japan,-10959,slt1_for_lt_total_net
2024-05,Japan,8941,slt2_us_lt_total_net
2024-05,Jersey,5,slt1_for_lt_total_net
2024-05,Jersey,1915,slt2_us_lt_total_net
2024-05,Kazakhstan,1084,slt1_for_lt_total_net
2024-05,Kazakhstan,-103,slt2_us_lt_total_net
2024-05,"Korea, South",1817,slt1_for_lt_total_net
2024-05,"Korea, South",2278,slt2_us_lt_total_net
2024-05,Kuwait,-2240,slt1_for_lt_total_net
2024-05,Kuwait,53,slt2_us_lt_total_net
2024-05,Lebanon,6,slt1_for_lt_total_net
2024-05,Lebanon,5,slt2_us_lt_total_net
2024-05,Liberia,12,slt1_for_lt_total_net
2024-05,Liberia,151,slt2_us_lt_total_net
2024-05,Luxembourg,18253,slt1_for_lt_total_net
2024-05,Luxembourg,5187,slt2_us_lt_total_net
2024-05,Malaysia,990,slt1_for_lt_total_net
2024-05,Malaysia,366,slt2_us_lt_total_net
2024-05,Mauritius,-13,slt1_for_lt_total_net
2024-05,Mauritius,-24,slt2_us_lt_total_net
2024-05,Memo: Euro Area,9383,slt1_for_lt_total_net
2024-05,Memo: Euro Area,26125,slt2_us_lt_total_net
2024-05,Memo: European Union,16591,slt1_for_lt_total_net
2024-05,Memo: European Union,27905,slt2_us_lt_total_net
2024-05,Mexico,5462,slt1_for_lt_total_net
2024-05,Mexico,481,slt2_us_lt_total_net
2024-05,Monaco,-104,slt1_for_lt_total_net
2024-05,Monaco,-16,slt2_us_lt_total_net
2024-05,Morocco,39,slt1_for_lt_total_net
2024-05,Morocco,736,slt2_us_lt_total_net
2024-05,Netherlands,490,slt1_for_lt_total_net
2024-05,Netherlands,512,slt2_us_lt_total_net
2024-05,New Zealand,515,slt1_for_lt_total_net
2024-05,New Zealand,-276,slt2_us_lt_total_net
2024-05,Norway,7750,slt1_for_lt_total_net
2024-05,Norway,-361,slt2_us_lt_total_net
2024-05,Of Which: Asset-Backed Securities,-11845,slt1_for_lt_total_net
2024-05,Of Which: Asset-Backed Securities,6366,slt2_us_lt_total_net
2024-05,Of Which: Depository Institutions,7281,slt1_for_lt_total_net
2024-05,Of Which: Depository Institutions,8361,slt2_us_lt_total_net
2024-05,Of Which: Foreign Non-Official,89128,slt1_for_lt_total_net
2024-05,Of Which: Foreign Non-Official Asset-Backed Securities,-9726,slt1_for_lt_total_net
2024-05,Of Which: Foreign Non-Official Depository Institutions,6811,slt1_for_lt_total_net
2024-05,Of Which: Foreign Non-Official Fund Shares,5171,slt1_for_lt_total_net
2024-05,Of Which: Foreign Non-Official Non-Financial Organizations,11624,slt1_for_lt_total_net
2024-05,Of Which: Foreign Non-Official Other Financial Organizations,22594,slt1_for_lt_total_net
2024-05,Of Which: Foreign Non-Official State & Local General Government,555,slt1_for_lt_total_net
2024-05,Of Which: Foreign Official,-10461,slt1_for_lt_total_net
2024-05,Of Which: Foreign Official Asset-Backed Securities,-2119,slt1_for_lt_total_net
2024-05,Of Which: Foreign Official Depository Institutions,470,slt1_for_lt_total_net
2024-05,Of Which: Foreign Official Fund Shares,2029,slt1_for_lt_total_net
2024-05,Of Which: Foreign Official Non-Financial Organizations,953,slt1_for_lt_total_net
2024-05,Of Which: Foreign Official Other Financial Organizations,3970,slt1_for_lt_total_net
2024-05,Of Which: Foreign Official State & Local General Government,335,slt1_for_lt_total_net
2024-05,Of Which: Fund Shares,7200,slt1_for_lt_total_net
2024-05,Of Which: Fund Shares,10218,slt2_us_lt_total_net
2024-05,Of Which: Non-Financial Organizations,12577,slt1_for_lt_total_net
2024-05,Of Which: Non-Financial Organizations,7167,slt2_us_lt_total_net
2024-05,Of Which: Other Financial Organizations,26564,slt1_for_lt_total_net
2024-05,Of Which: Other Financial Organizations,66127,slt2_us_lt_total_net
2024-05,Of Which: State & Local General Government,890,slt1_for_lt_total_net
2024-05,Pakistan,1,slt1_for_lt_total_net
2024-05,Pakistan,29,slt2_us_lt_total_net
2024-05,Panama,247,slt1_for_lt_total_net
2024-05,Panama,65,slt2_us_lt_total_net
2024-05,Peru,3090,slt1_for_lt_total_net
2024-05,Peru,-236,slt2_us_lt_total_net
2024-05,Philippines,1168,slt1_for_lt_total_net
2024-05,Philippines,471,slt2_us_lt_total_net
2024-05,Poland,1010,slt1_for_lt_total_net
2024-05,Poland,-203,slt2_us_lt_total_net
2024-05,Portugal,23,slt1_for_lt_total_net
2024-05,Portugal,396,slt2_us_lt_total_net
2024-05,Romania,257,slt1_for_lt_total_net
2024-05,Romania,703,slt2_us_lt_total_net
2024-05,Russia,-7,slt1_for_lt_total_net
2024-05,Russia,-52,slt2_us_lt_total_net
2024-05,Saint Kitts and Nevis,96,slt1_for_lt_total_net
2024-05,Saudi Arabia,297,slt1_for_lt_total_net
2024-05,Serbia,0,slt1_for_lt_total_net
2024-05,Serbia,-25,slt2_us_lt_total_net
2024-05,Singapore,11183,slt1_for_lt_total_net
2024-05,Singapore,48,slt2_us_lt_total_net
2024-05,South Africa,-492,slt1_for_lt_total_net
2024-05,South Africa,497,slt2_us_lt_total_net
2024-05,Spain,-682,slt1_for_lt_total_net
2024-05,Spain,-315,slt2_us_lt_total_net
2024-05,Sweden,3859,slt1_for_lt_total_net
2024-05,Sweden,641,slt2_us_lt_total_net
2024-05,Switzerland,1872,slt1_for_lt_total_net
2024-05,Switzerland,1377,slt2_us_lt_total_net
2024-05,Syria,0,slt1_for_lt_total_net
2024-05,Taiwan,4869,slt1_for_lt_total_net
2024-05,Taiwan,5424,slt2_us_lt_total_net
2024-05,Thailand,10,slt1_for_lt_total_net
2024-05,Thailand,166,slt2_us_lt_total_net
2024-05,Total Africa,-302,slt1_for_lt_total_net
2024-05,Total Africa,1212,slt2_us_lt_total_net
2024-05,Total Asia,-25460,slt1_for_lt_total_net
2024-05,Total Asia,23005,slt2_us_lt_total_net
2024-05,Total Caribbean,17548,slt1_for_lt_total_net
2024-05,Total Caribbean,10929,slt2_us_lt_total_net
2024-05,Total Europe,54389,slt1_for_lt_total_net
2024-05,Total Europe,40651,slt2_us_lt_total_net
2024-05,Total IROs,10499,slt1_for_lt_total_net
2024-05,Total IROs,1814,slt2_us_lt_total_net
2024-05,Total Latin America,13536,slt1_for_lt_total_net
2024-05,Total Latin America,2066,slt2_us_lt_total_net
2024-05,Total Other,2009,slt1_for_lt_total_net
2024-05,Total Other,2188,slt2_us_lt_total_net
2024-05,Total Regional Orgs.,519,slt1_for_lt_total_net
2024-05,Total Regional Orgs.,1450,slt2_us_lt_total_net
2024-05,Trinidad and Tobago,51,slt1_for_lt_total_net
2024-05,Trinidad and Tobago,-7,slt2_us_lt_total_net
2024-05,Turkey,124,slt1_for_lt_total_net
2024-05,Turkey,-184,slt2_us_lt_total_net
2024-05,Ukraine,397,slt1_for_lt_total_net
2024-05,Ukraine,-4,slt2_us_lt_total_net
2024-05,United Arab Emirates,2347,slt1_for_lt_total_net
2024-05,United Arab Emirates,629,slt2_us_lt_total_net
2024-05,United Kingdom,26115,slt1_for_lt_total_net
2024-05,United Kingdom,9312,slt2_us_lt_total_net
2024-05,Uruguay,-287,slt1_for_lt_total_net
2024-05,Uruguay,39,slt2_us_lt_total_net
2024-05,Venezuela,27,slt1_for_lt_total_net
2024-05,Venezuela,50,slt2_us_lt_total_net
2024-06,All Countries,70426,slt1_for_lt_total_net
2024-06,All Countries,40303,slt2_us_lt_total_net
2024-06,Anguilla,-6,slt1_for_lt_total_net
2024-06,Argentina,169,slt1_for_lt_total_net
2024-06,Argentina,169,slt2_us_lt_total_net
2024-06,Aruba,2,slt1_for_lt_total_net
2024-06,Aruba,0,slt2_us_lt_total_net
2024-06,Australia,5224,slt1_for_lt_total_net
2024-06,Australia,1988,slt2_us_lt_total_net
2024-06,Austria,495,slt1_for_lt_total_net
2024-06,Austria,-310,slt2_us_lt_total_net
2024-06,Bahamas,-895,slt1_for_lt_total_net
2024-06,Bahamas,27,slt2_us_lt_total_net
2024-06,Barbados,12,slt1_for_lt_total_net
2024-06,Barbados,-4,slt2_us_lt_total_net
2024-06,Belgium,-4361,slt1_for_lt_total_net
2024-06,Belgium,-796,slt2_us_lt_total_net
2024-06,Bermuda,2662,slt1_for_lt_total_net
2024-06,Bermuda,2188,slt2_us_lt_total_net
2024-06,Brazil,4154,slt1_for_lt_total_net
2024-06,Brazil,3229,slt2_us_lt_total_net
2024-06,British Virgin Islands,-3708,slt1_for_lt_total_net
2024-06,British Virgin Islands,116,slt2_us_lt_total_net
2024-06,Bulgaria,-20,slt1_for_lt_total_net
2024-06,Bulgaria,-14,slt2_us_lt_total_net
2024-06,Canada,20322,slt1_for_lt_total_net
2024-06,Canada,14367,slt2_us_lt_total_net
2024-06,Cayman Islands,14246,slt1_for_lt_total_net
2024-06,Cayman Islands,-1976,slt2_us_lt_total_net
2024-06,Chile,-6141,slt1_for_lt_total_net
2024-06,Chile,-189,slt2_us_lt_total_net
2024-06,"China, Mainland",3762,slt1_for_lt_total_net
2024-06,"China, Mainland",-3284,slt2_us_lt_total_net
2024-06,Colombia,2136,slt1_for_lt_total_net
2024-06,Colombia,762,slt2_us_lt_total_net
2024-06,Costa Rica,-560,slt1_for_lt_total_net
2024-06,Costa Rica,-34,slt2_us_lt_total_net
2024-06,Cuba,1,slt1_for_lt_total_net
2024-06,Cuba,0,slt2_us_lt_total_net
2024-06,Curacao,26,slt1_for_lt_total_net
2024-06,Curacao,-35,slt2_us_lt_total_net
2024-06,Cyprus,238,slt1_for_lt_total_net
2024-06,Cyprus,47,slt2_us_lt_total_net
2024-06,Czech Republic,241,slt1_for_lt_total_net
2024-06,Czech Republic,47,slt2_us_lt_total_net
2024-06,Denmark,311,slt1_for_lt_total_net
2024-06,Denmark,70,slt2_us_lt_total_net
2024-06,Ecuador,8,slt1_for_lt_total_net
2024-06,Ecuador,-18,slt2_us_lt_total_net
2024-06,Egypt,8,slt1_for_lt_total_net
2024-06,Egypt,-41,slt2_us_lt_total_net
2024-06,Finland,1412,slt1_for_lt_total_net
2024-06,Finland,250,slt2_us_lt_total_net
2024-06,France,20346,slt1_for_lt_total_net
2024-06,France,442,slt2_us_lt_total_net
2024-06,Germany,1056,slt1_for_lt_total_net
2024-06,Germany,1912,slt2_us_lt_total_net
2024-06,Grand Total,64055,slt1_for_lt_total_net
2024-06,Grand Total,40032,slt2_us_lt_total_net
2024-06,Greece,-42,slt1_for_lt_total_net
2024-06,Greece,83,slt2_us_lt_total_net
2024-06,Guatemala,125,slt1_for_lt_total_net
2024-06,Guatemala,-54,slt2_us_lt_total_net
2024-06,Guernsey,-173,slt1_for_lt_total_net
2024-06,Guernsey,-559,slt2_us_lt_total_net
2024-06,Hong Kong,1839,slt1_for_lt_total_net
2024-06,Hong Kong,-1100,slt2_us_lt_total_net
2024-06,Hungary,124,slt1_for_lt_total_net
2024-06,Hungary,100,slt2_us_lt_total_net
2024-06,India,4314,slt1_for_lt_total_net
2024-06,India,6280,slt2_us_lt_total_net
2024-06,Indonesia,578,slt1_for_lt_total_net
2024-06,Indonesia,362,slt2_us_lt_total_net
2024-06,International,-7076,slt1_for_lt_total_net
2024-06,International,-477,slt2_us_lt_total_net
2024-06,Ireland,19662,slt1_for_lt_total_net
2024-06,Ireland,522,slt2_us_lt_total_net
2024-06,Israel,1347,slt1_for_lt_total_net
2024-06,Israel,420,slt2_us_lt_total_net
2024-06,Italy,-175,slt1_for_lt_total_net
2024-06,Italy,-1369,slt2_us_lt_total_net
2024-06,Jamaica,40,slt1_for_lt_total_net
2024-06,Jamaica,16,slt2_us_lt_total_net
2024-06,Japan,-48431,slt1_for_lt_total_net
2024-06,Japan,-6398,slt2_us_lt_total_net
2024-06,Jersey,-464,slt1_for_lt_total_net
2024-06,Jersey,4858,slt2_us_lt_total_net
2024-06,Kazakhstan,-28,slt1_for_lt_total_net
2024-06,Kazakhstan,-49,slt2_us_lt_total_net
2024-06,"Korea, South",-2722,slt1_for_lt_total_net
2024-06,"Korea, South",1697,slt2_us_lt_total_net
2024-06,Kuwait,-824,slt1_for_lt_total_net
2024-06,Kuwait,121,slt2_us_lt_total_net
2024-06,Lebanon,16,slt1_for_lt_total_net
2024-06,Lebanon,0,slt2_us_lt_total_net
2024-06,Liberia,11,slt1_for_lt_total_net
2024-06,Liberia,-357,slt2_us_lt_total_net
2024-06,Luxembourg,-11860,slt1_for_lt_total_net
2024-06,Luxembourg,1777,slt2_us_lt_total_net
2024-06,Malaysia,81,slt1_for_lt_total_net
2024-06,Malaysia,385,slt2_us_lt_total_net
2024-06,Mauritius,22,slt1_for_lt_total_net
2024-06,Mauritius,-239,slt2_us_lt_total_net
2024-06,Memo: Euro Area,38999,slt1_for_lt_total_net
2024-06,Memo: Euro Area,6072,slt2_us_lt_total_net
2024-06,Memo: European Union,45058,slt1_for_lt_total_net
2024-06,Memo: European Union,4884,slt2_us_lt_total_net
2024-06,Mexico,-2998,slt1_for_lt_total_net
2024-06,Mexico,-161,slt2_us_lt_total_net
2024-06,Monaco,-156,slt1_for_lt_total_net
2024-06,Monaco,19,slt2_us_lt_total_net
2024-06,Morocco,26,slt1_for_lt_total_net
2024-06,Morocco,11,slt2_us_lt_total_net
2024-06,Netherlands,10091,slt1_for_lt_total_net
2024-06,Netherlands,3795,slt2_us_lt_total_net
2024-06,New Zealand,709,slt1_for_lt_total_net
2024-06,New Zealand,20,slt2_us_lt_total_net
2024-06,Norway,12746,slt1_for_lt_total_net
2024-06,Norway,-484,slt2_us_lt_total_net
2024-06,Of Which: Asset-Backed Securities,7180,slt1_for_lt_total_net
2024-06,Of Which: Asset-Backed Securities,2319,slt2_us_lt_total_net
2024-06,Of Which: Depository Institutions,-1017,slt1_for_lt_total_net
2024-06,Of Which: Depository Institutions,-9312,slt2_us_lt_total_net
2024-06,Of Which: Foreign Non-Official,65765,slt1_for_lt_total_net
2024-06,Of Which: Foreign Non-Official Asset-Backed Securities,9334,slt1_for_lt_total_net
2024-06,Of Which: Foreign Non-Official Depository Institutions,-799,slt1_for_lt_total_net
2024-06,Of Which: Foreign Non-Official Fund Shares,13307,slt1_for_lt_total_net
2024-06,Of Which: Foreign Non-Official Non-Financial Organizations,55699,slt1_for_lt_total_net
2024-06,Of Which: Foreign Non-Official Other Financial Organizations,-7159,slt1_for_lt_total_net
2024-06,Of Which: Foreign Non-Official State & Local General Government,456,slt1_for_lt_total_net
2024-06,Of Which: Foreign Official,-1710,slt1_for_lt_total_net
2024-06,Of Which: Foreign Official Asset-Backed Securities,-2154,slt1_for_lt_total_net
2024-06,Of Which: Foreign Official Depository Institutions,-218,slt1_for_lt_total_net
2024-06,Of Which: Foreign Official Fund Shares,-847,slt1_for_lt_total_net
2024-06,Of Which: Foreign Official Non-Financial Organizations,10487,slt1_for_lt_total_net
2024-06,Of Which: Foreign Official Other Financial Organizations,-794,slt1_for_lt_total_net
2024-06,Of Which: Foreign Official State & Local General Government,91,slt1_for_lt_total_net
2024-06,Of Which: Fund Shares,12460,slt1_for_lt_total_net
2024-06,Of Which: Fund Shares,1346,slt2_us_lt_total_net
2024-06,Of Which: Non-Financial Organizations,66186,slt1_for_lt_total_net
2024-06,Of Which: Non-Financial Organizations,13107,slt2_us_lt_total_net
2024-06,Of Which: Other Financial Organizations,-7953,slt1_for_lt_total_net
2024-06,Of Which: Other Financial Organizations,36137,slt2_us_lt_total_net
2024-06,Of Which: State & Local General Government,547,slt1_for_lt_total_net
2024-06,Pakistan,-1,slt1_for_lt_total_net
2024-06,Pakistan,-10,slt2_us_lt_total_net
2024-06,Panama,-61,slt1_for_lt_total_net
2024-06,Panama,240,slt2_us_lt_total_net
2024-06,Peru,-392,slt1_for_lt_total_net
2024-06,Peru,-46,slt2_us_lt_total_net
2024-06,Philippines,1357,slt1_for_lt_total_net
2024-06,Philippines,39,slt2_us_lt_total_net
2024-06,Poland,2699,slt1_for_lt_total_net
2024-06,Poland,250,slt2_us_lt_total_net
2024-06,Portugal,57,slt1_for_lt_total_net
2024-06,Portugal,-23,slt2_us_lt_total_net
2024-06,Romania,45,slt1_for_lt_total_net
2024-06,Romania,-211,slt2_us_lt_total_net
2024-06,Russia,-2,slt1_for_lt_total_net
2024-06,Russia,-76,slt2_us_lt_total_net
2024-06,Saint Kitts and Nevis,102,slt1_for_lt_total_net
2024-06,Saudi Arabia,1771,slt1_for_lt_total_net
2024-06,Serbia,0,slt1_for_lt_total_net
2024-06,Serbia,586,slt2_us_lt_total_net
2024-06,Singapore,13075,slt1_for_lt_total_net
2024-06,Singapore,-297,slt2_us_lt_total_net
2024-06,South Africa,688,slt1_for_lt_total_net
2024-06,South Africa,-292,slt2_us_lt_total_net
2024-06,Spain,2155,slt1_for_lt_total_net
2024-06,Spain,-268,slt2_us_lt_total_net
2024-06,Sweden,2659,slt1_for_lt_total_net
2024-06,Sweden,-1430,slt2_us_lt_total_net
2024-06,Switzerland,-4830,slt1_for_lt_total_net
2024-06,Switzerland,911,slt2_us_lt_total_net
2024-06,Syria,0,slt1_for_lt_total_net
2024-06,Taiwan,66,slt1_for_lt_total_net
2024-06,Taiwan,-508,slt2_us_lt_total_net
2024-06,Thailand,2231,slt1_for_lt_total_net
2024-06,Thailand,-252,slt2_us_lt_total_net
2024-06,Total Africa,770,slt1_for_lt_total_net
2024-06,Total Africa,-1079,slt2_us_lt_total_net
2024-06,Total Asia,-25317,slt1_for_lt_total_net
2024-06,Total Asia,-1252,slt2_us_lt_total_net
2024-06,Total Caribbean,12698,slt1_for_lt_total_net
2024-06,Total Caribbean,873,slt2_us_lt_total_net
2024-06,Total Europe,59249,slt1_for_lt_total_net
2024-06,Total Europe,21348,slt2_us_lt_total_net
2024-06,Total IROs,-6371,slt1_for_lt_total_net
2024-06,Total IROs,-271,slt2_us_lt_total_net
2024-06,Total Latin America,-3455,slt1_for_lt_total_net
2024-06,Total Latin America,3897,slt2_us_lt_total_net
2024-06,Total Other,5990,slt1_for_lt_total_net
2024-06,Total Other,2149,slt2_us_lt_total_net
2024-06,Total Regional Orgs.,705,slt1_for_lt_total_net
2024-06,Total Regional Orgs.,206,slt2_us_lt_total_net
2024-06,Trinidad and Tobago,-19,slt1_for_lt_total_net
2024-06,Trinidad and Tobago,522,slt2_us_lt_total_net
2024-06,Turkey,147,slt1_for_lt_total_net
2024-06,Turkey,-408,slt2_us_lt_total_net
2024-06,Ukraine,1625,slt1_for_lt_total_net
2024-06,Ukraine,-11,slt2_us_lt_total_net
2024-06,United Arab Emirates,-2062,slt1_for_lt_total_net
2024-06,United Arab Emirates,335,slt2_us_lt_total_net
2024-06,United Kingdom,5052,slt1_for_lt_total_net
2024-06,United Kingdom,11766,slt2_us_lt_total_net
2024-06,Uruguay,-352,slt1_for_lt_total_net
2024-06,Uruguay,-21,slt2_us_lt_total_net
2024-06,Venezuela,76,slt1_for_lt_total_net
2024-06,Venezuela,-18,slt2_us_lt_total_net
2024-07,All Countries,111775,slt1_for_lt_total_net
2024-07,All Countries,12362,slt2_us_lt_total_net
2024-07,Anguilla,70,slt1_for_lt_total_net
2024-07,Argentina,230,slt1_for_lt_total_net
2024-07,Argentina,288,slt2_us_lt_total_net
2024-07,Aruba,114,slt1_for_lt_total_net
2024-07,Aruba,0,slt2_us_lt_total_net
2024-07,Australia,14266,slt1_for_lt_total_net
2024-07,Australia,1368,slt2_us_lt_total_net
2024-07,Austria,-109,slt1_for_lt_total_net
2024-07,Austria,-266,slt2_us_lt_total_net
2024-07,Bahamas,3422,slt1_for_lt_total_net
2024-07,Bahamas,21,slt2_us_lt_total_net
2024-07,Barbados,118,slt1_for_lt_total_net
2024-07,Barbados,-5,slt2_us_lt_total_net
2024-07,Belgium,-8969,slt1_for_lt_total_net
2024-07,Belgium,154,slt2_us_lt_total_net
2024-07,Bermuda,4142,slt1_for_lt_total_net
2024-07,Bermuda,-185,slt2_us_lt_total_net
2024-07,Brazil,-348,slt1_for_lt_total_net
2024-07,Brazil,-568,slt2_us_lt_total_net
2024-07,British Virgin Islands,475,slt1_for_lt_total_net
2024-07,British Virgin Islands,63,slt2_us_lt_total_net
2024-07,Bulgaria,30,slt1_for_lt_total_net
2024-07,Bulgaria,13,slt2_us_lt_total_net
2024-07,Canada,6977,slt1_for_lt_total_net
2024-07,Canada,952,slt2_us_lt_total_net
2024-07,Cayman Islands,32402,slt1_for_lt_total_net
2024-07,Cayman Islands,-13722,slt2_us_lt_total_net
2024-07,Chile,350,slt1_for_lt_total_net
2024-07,Chile,289,slt2_us_lt_total_net
2024-07,"China, Mainland",-30883,slt1_for_lt_total_net
2024-07,"China, Mainland",-2401,slt2_us_lt_total_net
2024-07,Colombia,319,slt1_for_lt_total_net
2024-07,Colombia,-205,slt2_us_lt_total_net
2024-07,Costa Rica,303,slt1_for_lt_total_net
2024-07,Costa Rica,57,slt2_us_lt_total_net
2024-07,Cuba,-1,slt1_for_lt_total_net
2024-07,Cuba,0,slt2_us_lt_total_net
2024-07,Curacao,41,slt1_for_lt_total_net
2024-07,Curacao,271,slt2_us_lt_total_net
2024-07,Cyprus,72,slt1_for_lt_total_net
2024-07,Cyprus,-19,slt2_us_lt_total_net
2024-07,Czech Republic,408,slt1_for_lt_total_net
2024-07,Czech Republic,-44,slt2_us_lt_total_net
2024-07,Denmark,1368,slt1_for_lt_total_net
2024-07,Denmark,-327,slt2_us_lt_total_net
2024-07,Ecuador,-1,slt1_for_lt_total_net
2024-07,Ecuador,57,slt2_us_lt_total_net
2024-07,Egypt,2,slt1_for_lt_total_net
2024-07,Egypt,1,slt2_us_lt_total_net
2024-07,Finland,356,slt1_for_lt_total_net
2024-07,Finland,60,slt2_us_lt_total_net
2024-07,France,10092,slt1_for_lt_total_net
2024-07,France,-1996,slt2_us_lt_total_net
2024-07,Germany,8838,slt1_for_lt_total_net
2024-07,Germany,2831,slt2_us_lt_total_net
2024-07,Grand Total,118260,slt1_for_lt_total_net
2024-07,Grand Total,15402,slt2_us_lt_total_net
2024-07,Greece,72,slt1_for_lt_total_net
2024-07,Greece,49,slt2_us_lt_total_net
2024-07,Guatemala,432,slt1_for_lt_total_net
2024-07,Guatemala,44,slt2_us_lt_total_net
2024-07,Guernsey,26,slt1_for_lt_total_net
2024-07,Guernsey,-139,slt2_us_lt_total_net
2024-07,Hong Kong,14276,slt1_for_lt_total_net
2024-07,Hong Kong,-727,slt2_us_lt_total_net
2024-07,Hungary,-129,slt1_for_lt_total_net
2024-07,Hungary,13,slt2_us_lt_total_net
2024-07,India,-8639,slt1_for_lt_total_net
2024-07,India,763,slt2_us_lt_total_net
2024-07,Indonesia,-1695,slt1_for_lt_total_net
2024-07,Indonesia,536,slt2_us_lt_total_net
2024-07,International,4613,slt1_for_lt_total_net
2024-07,International,2811,slt2_us_lt_total_net
2024-07,Ireland,19381,slt1_for_lt_total_net
2024-07,Ireland,4314,slt2_us_lt_total_net
2024-07,Israel,2123,slt1_for_lt_total_net
2024-07,Israel,429,slt2_us_lt_total_net
2024-07,Italy,1525,slt1_for_lt_total_net
2024-07,Italy,480,slt2_us_lt_total_net
2024-07,Jamaica,97,slt1_for_lt_total_net
2024-07,Jamaica,-4,slt2_us_lt_total_net
2024-07,Japan,-15112,slt1_for_lt_total_net
2024-07,Japan,4153,slt2_us_lt_total_net
2024-07,Jersey,-46,slt1_for_lt_total_net
2024-07,Jersey,1653,slt2_us_lt_total_net
2024-07,Kazakhstan,-173,slt1_for_lt_total_net
2024-07,Kazakhstan,-45,slt2_us_lt_total_net
2024-07,"Korea, South",6502,slt1_for_lt_total_net
2024-07,"Korea, South",350,slt2_us_lt_total_net
2024-07,Kuwait,525,slt1_for_lt_total_net
2024-07,Kuwait,31,slt2_us_lt_total_net
2024-07,Lebanon,-10,slt1_for_lt_total_net
2024-07,Lebanon,-1,slt2_us_lt_total_net
2024-07,Liberia,12,slt1_for_lt_total_net
2024-07,Liberia,7,slt2_us_lt_total_net
2024-07,Luxembourg,4262,slt1_for_lt_total_net
2024-07,Luxembourg,-711,slt2_us_lt_total_net
2024-07,Malaysia,326,slt1_for_lt_total_net
2024-07,Malaysia,398,slt2_us_lt_total_net
2024-07,Mauritius,-80,slt1_for_lt_total_net
2024-07,Mauritius,-210,slt2_us_lt_total_net
2024-07,Memo: Euro Area,43230,slt1_for_lt_total_net
2024-07,Memo: Euro Area,6773,slt2_us_lt_total_net
2024-07,Memo: European Union,46636,slt1_for_lt_total_net
2024-07,Memo: European Union,8805,slt2_us_lt_total_net
2024-07,Mexico,1002,slt1_for_lt_total_net
2024-07,Mexico,-110,slt2_us_lt_total_net
2024-07,Monaco,129,slt1_for_lt_total_net
2024-07,Monaco,-12,slt2_us_lt_total_net
2024-07,Morocco,-18,slt1_for_lt_total_net
2024-07,Morocco,9,slt2_us_lt_total_net
2024-07,Netherlands,7230,slt1_for_lt_total_net
2024-07,Netherlands,-2416,slt2_us_lt_total_net
2024-07,New Zealand,-230,slt1_for_lt_total_net
2024-07,New Zealand,344,slt2_us_lt_total_net
2024-07,Norway,1268,slt1_for_lt_total_net
2024-07,Norway,-205,slt2_us_lt_total_net
2024-07,Of Which: Asset-Backed Securities,3927,slt1_for_lt_total_net
2024-07,Of Which: Asset-Backed Securities,-9807,slt2_us_lt_total_net
2024-07,Of Which: Depository Institutions,6566,slt1_for_lt_total_net
2024-07,Of Which: Depository Institutions,409,slt2_us_lt_total_net
2024-07,Of Which: Foreign Non-Official,156433,slt1_for_lt_total_net
2024-07,Of Which: Foreign Non-Official Asset-Backed Securities,7655,slt1_for_lt_total_net
2024-07,Of Which: Foreign Non-Official Depository Institutions,6241,slt1_for_lt_total_net
2024-07,Of Which: Foreign Non-Official Fund Shares,26524,slt1_for_lt_total_net
2024-07,Of Which: Foreign Non-Official Non-Financial Organizations,-1165,slt1_for_lt_total_net
2024-07,Of Which: Foreign Non-Official Other Financial Organizations,52753,slt1_for_lt_total_net
2024-07,Of Which: Foreign Non-Official State & Local General Government,-842,slt1_for_lt_total_net
2024-07,Of Which: Foreign Official,-38173,slt1_for_lt_total_net
2024-07,Of Which: Foreign Official Asset-Backed Securities,-3728,slt1_for_lt_total_net
2024-07,Of Which: Foreign Official Depository Institutions,325,slt1_for_lt_total_net
2024-07,Of Which: Foreign Official Fund Shares,1683,slt1_for_lt_total_net
2024-07,Of Which: Foreign Official Non-Financial Organizations,-6190,slt1_for_lt_total_net
2024-07,Of Which: Foreign Official Other Financial Organizations,6827,slt1_for_lt_total_net
2024-07,Of Which: Foreign Official State & Local General Government,-40,slt1_for_lt_total_net
2024-07,Of Which: Fund Shares,28207,slt1_for_lt_total_net
2024-07,Of Which: Fund Shares,-7103,slt2_us_lt_total_net
2024-07,Of Which: Non-Financial Organizations,-7355,slt1_for_lt_total_net
2024-07,Of Which: Non-Financial Organizations,1922,slt2_us_lt_total_net
2024-07,Of Which: Other Financial Organizations,59580,slt1_for_lt_total_net
2024-07,Of Which: Other Financial Organizations,12008,slt2_us_lt_total_net
2024-07,Of Which: State & Local General Government,-882,slt1_for_lt_total_net
2024-07,Pakistan,-3,slt1_for_lt_total_net
2024-07,Pakistan,-19,slt2_us_lt_total_net
2024-07,Panama,464,slt1_for_lt_total_net
2024-07,Panama,-244,slt2_us_lt_total_net
2024-07,Peru,-1971,slt1_for_lt_total_net
2024-07,Peru,-173,slt2_us_lt_total_net
2024-07,Philippines,1506,slt1_for_lt_total_net
2024-07,Philippines,301,slt2_us_lt_total_net
2024-07,Poland,-515,slt1_for_lt_total_net
2024-07,Poland,1742,slt2_us_lt_total_net
2024-07,Portugal,-59,slt1_for_lt_total_net
2024-07,Portugal,85,slt2_us_lt_total_net
2024-07,Romania,276,slt1_for_lt_total_net
2024-07,Romania,-72,slt2_us_lt_total_net
2024-07,Russia,-33,slt1_for_lt_total_net
2024-07,Russia,-54,slt2_us_lt_total_net
2024-07,Saint Kitts and Nevis,146,slt1_for_lt_total_net
2024-07,Saudi Arabia,-222,slt1_for_lt_total_net
2024-07,Serbia,-139,slt1_for_lt_total_net
2024-07,Serbia,-61,slt2_us_lt_total_net
2024-07,Singapore,12522,slt1_for_lt_total_net
2024-07,Singapore,-484,slt2_us_lt_total_net
2024-07,South Africa,-644,slt1_for_lt_total_net
2024-07,South Africa,397,slt2_us_lt_total_net
2024-07,Spain,156,slt1_for_lt_total_net
2024-07,Spain,4109,slt2_us_lt_total_net
2024-07,Sweden,1968,slt1_for_lt_total_net
2024-07,Sweden,707,slt2_us_lt_total_net
2024-07,Switzerland,3339,slt1_for_lt_total_net
2024-07,Switzerland,26,slt2_us_lt_total_net
2024-07,Syria,0,slt1_for_lt_total_net
2024-07,Taiwan,1410,slt1_for_lt_total_net
2024-07,Taiwan,-1790,slt2_us_lt_total_net
2024-07,Thailand,-159,slt1_for_lt_total_net
2024-07,Thailand,127,slt2_us_lt_total_net
2024-07,Total Africa,353,slt1_for_lt_total_net
2024-07,Total Africa,250,slt2_us_lt_total_net
2024-07,Total Asia,-19583,slt1_for_lt_total_net
2024-07,Total Asia,4823,slt2_us_lt_total_net
2024-07,Total Caribbean,41313,slt1_for_lt_total_net
2024-07,Total Caribbean,-13076,slt2_us_lt_total_net
2024-07,Total Europe,69327,slt1_for_lt_total_net
2024-07,Total Europe,18215,slt2_us_lt_total_net
2024-07,Total IROs,6485,slt1_for_lt_total_net
2024-07,Total IROs,3040,slt2_us_lt_total_net
2024-07,Total Latin America,-281,slt1_for_lt_total_net
2024-07,Total Latin America,-610,slt2_us_lt_total_net
2024-07,Total Other,13886,slt1_for_lt_total_net
2024-07,Total Other,1808,slt2_us_lt_total_net
2024-07,Total Regional Orgs.,1872,slt1_for_lt_total_net
2024-07,Total Regional Orgs.,229,slt2_us_lt_total_net
2024-07,Trinidad and Tobago,147,slt1_for_lt_total_net
2024-07,Trinidad and Tobago,1,slt2_us_lt_total_net
2024-07,Turkey,1576,slt1_for_lt_total_net
2024-07,Turkey,1215,slt2_us_lt_total_net
2024-07,Ukraine,733,slt1_for_lt_total_net
2024-07,Ukraine,-41,slt2_us_lt_total_net
2024-07,United Arab Emirates,422,slt1_for_lt_total_net
2024-07,United Arab Emirates,978,slt2_us_lt_total_net
2024-07,United Kingdom,16018,slt1_for_lt_total_net
2024-07,United Kingdom,6787,slt2_us_lt_total_net
2024-07,Uruguay,-807,slt1_for_lt_total_net
2024-07,Uruguay,-30,slt2_us_lt_total_net
2024-07,Venezuela,65,slt1_for_lt_total_net
2024-07,Venezuela,-3,slt2_us_lt_total_net
2024-08,All Countries,100242,slt1_for_lt_total_net
2024-08,All Countries,13931,slt2_us_lt_total_net
2024-08,Anguilla,-17,slt1_for_lt_total_net
2024-08,Argentina,246,slt1_for_lt_total_net
2024-08,Argentina,270,slt2_us_lt_total_net
2024-08,Aruba,25,slt1_for_lt_total_net
2024-08,Aruba,0,slt2_us_lt_total_net
2024-08,Australia,-2027,slt1_for_lt_total_net
2024-08,Australia,-1020,slt2_us_lt_total_net
2024-08,Austria,88,slt1_for_lt_total_net
2024-08,Austria,275,slt2_us_lt_total_net
2024-08,Bahamas,203,slt1_for_lt_total_net
2024-08,Bahamas,-57,slt2_us_lt_total_net
2024-08,Barbados,97,slt1_for_lt_total_net
2024-08,Barbados,-6,slt2_us_lt_total_net
2024-08,Belgium,1596,slt1_for_lt_total_net
2024-08,Belgium,-117,slt2_us_lt_total_net
2024-08,Bermuda,5389,slt1_for_lt_total_net
2024-08,Bermuda,-675,slt2_us_lt_total_net
2024-08,Brazil,2938,slt1_for_lt_total_net
2024-08,Brazil,4458,slt2_us_lt_total_net
2024-08,British Virgin Islands,-4218,slt1_for_lt_total_net
2024-08,British Virgin Islands,-230,slt2_us_lt_total_net
2024-08,Bulgaria,-10,slt1_for_lt_total_net
2024-08,Bulgaria,21,slt2_us_lt_total_net
2024-08,Canada,4124,slt1_for_lt_total_net
2024-08,Canada,3358,slt2_us_lt_total_net
2024-08,Cayman Islands,20582,slt1_for_lt_total_net
2024-08,Cayman Islands,-63,slt2_us_lt_total_net
2024-08,Chile,604,slt1_for_lt_total_net
2024-08,Chile,-164,slt2_us_lt_total_net
2024-08,"China, Mainland",-19605,slt1_for_lt_total_net
2024-08,"China, Mainland",-322,slt2_us_lt_total_net
2024-08,Colombia,1321,slt1_for_lt_total_net
2024-08,Colombia,171,slt2_us_lt_total_net
2024-08,Costa Rica,74,slt1_for_lt_total_net
2024-08,Costa Rica,-38,slt2_us_lt_total_net
2024-08,Cuba,0,slt1_for_lt_total_net
2024-08,Cuba,0,slt2_us_lt_total_net
2024-08,Curacao,75,slt1_for_lt_total_net
2024-08,Curacao,57,slt2_us_lt_total_net
2024-08,Cyprus,114,slt1_for_lt_total_net
2024-08,Cyprus,-15,slt2_us_lt_total_net
2024-08,Czech Republic,-517,slt1_for_lt_total_net
2024-08,Czech Republic,-110,slt2_us_lt_total_net
2024-08,Denmark,1735,slt1_for_lt_total_net
2024-08,Denmark,705,slt2_us_lt_total_net
2024-08,Ecuador,-15,slt1_for_lt_total_net
2024-08,Ecuador,34,slt2_us_lt_total_net
2024-08,Egypt,-2,slt1_for_lt_total_net
2024-08,Egypt,-23,slt2_us_lt_total_net
2024-08,Finland,341,slt1_for_lt_total_net
2024-08,Finland,-87,slt2_us_lt_total_net
2024-08,France,14398,slt1_for_lt_total_net
2024-08,France,223,slt2_us_lt_total_net
2024-08,Germany,-7443,slt1_for_lt_total_net
2024-08,Germany,-133,slt2_us_lt_total_net
2024-08,Grand Total,98114,slt1_for_lt_total_net
2024-08,Grand Total,7187,slt2_us_lt_total_net
2024-08,Greece,-52,slt1_for_lt_total_net
2024-08,Greece,75,slt2_us_lt_total_net
2024-08,Guatemala,98,slt1_for_lt_total_net
2024-08,Guatemala,11,slt2_us_lt_total_net
2024-08,Guernsey,535,slt1_for_lt_total_net
2024-08,Guernsey,-56,slt2_us_lt_total_net
2024-08,Hong Kong,2195,slt1_for_lt_total_net
2024-08,Hong Kong,-1500,slt2_us_lt_total_net
2024-08,Hungary,202,slt1_for_lt_total_net
2024-08,Hungary,-140,slt2_us_lt_total_net
2024-08,India,376,slt1_for_lt_total_net
2024-08,India,4047,slt2_us_lt_total_net
2024-08,Indonesia,-297,slt1_for_lt_total_net
2024-08,Indonesia,748,slt2_us_lt_total_net
2024-08,International,-3727,slt1_for_lt_total_net
2024-08,International,-1516,slt2_us_lt_total_net
2024-08,Ireland,24099,slt1_for_lt_total_net
2024-08,Ireland,2503,slt2_us_lt_total_net
2024-08,Israel,-3929,slt1_for_lt_total_net
2024-08,Israel,243,slt2_us_lt_total_net
2024-08,Italy,752,slt1_for_lt_total_net
2024-08,Italy,-84,slt2_us_lt_total_net
2024-08,Jamaica,87,slt1_for_lt_total_net
2024-08,Jamaica,-24,slt2_us_lt_total_net
2024-08,Japan,-1326,slt1_for_lt_total_net
2024-08,Japan,-354,slt2_us_lt_total_net
2024-08,Jersey,60,slt1_for_lt_total_net
2024-08,Jersey,1872,slt2_us_lt_total_net
2024-08,Kazakhstan,118,slt1_for_lt_total_net
2024-08,Kazakhstan,70,slt2_us_lt_total_net
2024-08,"Korea, South",3340,slt1_for_lt_total_net
2024-08,"Korea, South",-331,slt2_us_lt_total_net
2024-08,Kuwait,-1376,slt1_for_lt_total_net
2024-08,Kuwait,84,slt2_us_lt_total_net
2024-08,Lebanon,12,slt1_for_lt_total_net
2024-08,Lebanon,0,slt2_us_lt_total_net
2024-08,Liberia,11,slt1_for_lt_total_net
2024-08,Liberia,365,slt2_us_lt_total_net
2024-08,Luxembourg,-4725,slt1_for_lt_total_net
2024-08,Luxembourg,-828,slt2_us_lt_total_net
2024-08,Malaysia,1893,slt1_for_lt_total_net
2024-08,Malaysia,497,slt2_us_lt_total_net
2024-08,Mauritius,241,slt1_for_lt_total_net
2024-08,Mauritius,-218,slt2_us_lt_total_net
2024-08,Memo: Euro Area,30835,slt1_for_lt_total_net
2024-08,Memo: Euro Area,2845,slt2_us_lt_total_net
2024-08,Memo: European Union,35950,slt1_for_lt_total_net
2024-08,Memo: European Union,2418,slt2_us_lt_total_net
2024-08,Mexico,-991,slt1_for_lt_total_net
2024-08,Mexico,1108,slt2_us_lt_total_net
2024-08,Monaco,57,slt1_for_lt_total_net
2024-08,Monaco,16,slt2_us_lt_total_net
2024-08,Morocco,341,slt1_for_lt_total_net
2024-08,Morocco,-10,slt2_us_lt_total_net
2024-08,Netherlands,3506,slt1_for_lt_total_net
2024-08,Netherlands,-750,slt2_us_lt_total_net
2024-08,New Zealand,628,slt1_for_lt_total_net
2024-08,New Zealand,94,slt2_us_lt_total_net
2024-08,Norway,3407,slt1_for_lt_total_net
2024-08,Norway,-227,slt2_us_lt_total_net
2024-08,Of Which: Asset-Backed Securities,11271,slt1_for_lt_total_net
2024-08,Of Which: Asset-Backed Securities,-335,slt2_us_lt_total_net
2024-08,Of Which: Depository Institutions,809,slt1_for_lt_total_net
2024-08,Of Which: Depository Institutions,-10067,slt2_us_lt_total_net
2024-08,Of Which: Foreign Non-Official,130819,slt1_for_lt_total_net
2024-08,Of Which: Foreign Non-Official Asset-Backed Securities,15555,slt1_for_lt_total_net
2024-08,Of Which: Foreign Non-Official Depository Institutions,846,slt1_for_lt_total_net
2024-08,Of Which: Foreign Non-Official Fund Shares,4100,slt1_for_lt_total_net
2024-08,Of Which: Foreign Non-Official Non-Financial Organizations,55632,slt1_for_lt_total_net
2024-08,Of Which: Foreign Non-Official Other Financial Organizations,8823,slt1_for_lt_total_net
2024-08,Of Which: Foreign Non-Official State & Local General Government,45,slt1_for_lt_total_net
2024-08,Of Which: Foreign Official,-32705,slt1_for_lt_total_net
2024-08,Of Which: Foreign Official Asset-Backed Securities,-4284,slt1_for_lt_total_net
2024-08,Of Which: Foreign Official Depository Institutions,-37,slt1_for_lt_total_net
2024-08,Of Which: Foreign Official Fund Shares,-183,slt1_for_lt_total_net
2024-08,Of Which: Foreign Official Non-Financial Organizations,3724,slt1_for_lt_total_net
2024-08,Of Which: Foreign Official Other Financial Organizations,-800,slt1_for_lt_total_net
2024-08,Of Which: Foreign Official State & Local General Government,-52,slt1_for_lt_total_net
2024-08,Of Which: Fund Shares,3917,slt1_for_lt_total_net
2024-08,Of Which: Fund Shares,2157,slt2_us_lt_total_net
2024-08,Of Which: Non-Financial Organizations,59356,slt1_for_lt_total_net
2024-08,Of Which: Non-Financial Organizations,4833,slt2_us_lt_total_net
2024-08,Of Which: Other Financial Organizations,8023,slt1_for_lt_total_net
2024-08,Of Which: Other Financial Organizations,11797,slt2_us_lt_total_net
2024-08,Of Which: State & Local General Government,-7,slt1_for_lt_total_net
2024-08,Pakistan,-1,slt1_for_lt_total_net
2024-08,Pakistan,21,slt2_us_lt_total_net
2024-08,Panama,629,slt1_for_lt_total_net
2024-08,Panama,-30,slt2_us_lt_total_net
2024-08,Peru,693,slt1_for_lt_total_net
2024-08,Peru,731,slt2_us_lt_total_net
2024-08,Philippines,1212,slt1_for_lt_total_net
2024-08,Philippines,-14,slt2_us_lt_total_net
2024-08,Poland,177,slt1_for_lt_total_net
2024-08,Poland,-322,slt2_us_lt_total_net
2024-08,Portugal,-82,slt1_for_lt_total_net
2024-08,Portugal,15,slt2_us_lt_total_net
2024-08,Romania,-201,slt1_for_lt_total_net
2024-08,Romania,-231,slt2_us_lt_total_net
2024-08,Russia,-42,slt1_for_lt_total_net
2024-08,Russia,-628,slt2_us_lt_total_net
2024-08,Saint Kitts and Nevis,16,slt1_for_lt_total_net
2024-08,Saudi Arabia,243,slt1_for_lt_total_net
2024-08,Serbia,101,slt1_for_lt_total_net
2024-08,Serbia,-1,slt2_us_lt_total_net
2024-08,Singapore,9057,slt1_for_lt_total_net
2024-08,Singapore,-670,slt2_us_lt_total_net
2024-08,South Africa,83,slt1_for_lt_total_net
2024-08,South Africa,61,slt2_us_lt_total_net
2024-08,Spain,-2087,slt1_for_lt_total_net
2024-08,Spain,1748,slt2_us_lt_total_net
2024-08,Sweden,3729,slt1_for_lt_total_net
2024-08,Sweden,-350,slt2_us_lt_total_net
2024-08,Switzerland,5656,slt1_for_lt_total_net
2024-08,Switzerland,-329,slt2_us_lt_total_net
2024-08,Syria,0,slt1_for_lt_total_net
2024-08,Taiwan,7586,slt1_for_lt_total_net
2024-08,Taiwan,-1619,slt2_us_lt_total_net
2024-08,Thailand,335,slt1_for_lt_total_net
2024-08,Thailand,252,slt2_us_lt_total_net
2024-08,Total Africa,1127,slt1_for_lt_total_net
2024-08,Total Africa,-29,slt2_us_lt_total_net
2024-08,Total Asia,2091,slt1_for_lt_total_net
2024-08,Total Asia,1602,slt2_us_lt_total_net
2024-08,Total Caribbean,22092,slt1_for_lt_total_net
2024-08,Total Caribbean,-1086,slt2_us_lt_total_net
2024-08,Total Europe,65935,slt1_for_lt_total_net
2024-08,Total Europe,4696,slt2_us_lt_total_net
2024-08,Total IROs,-2128,slt1_for_lt_total_net
2024-08,Total IROs,-6744,slt2_us_lt_total_net
2024-08,Total Latin America,5884,slt1_for_lt_total_net
2024-08,Total Latin America,6449,slt2_us_lt_total_net
2024-08,Total Other,-1246,slt1_for_lt_total_net
2024-08,Total Other,-1059,slt2_us_lt_total_net
2024-08,Total Regional Orgs.,1599,slt1_for_lt_total_net
2024-08,Total Regional Orgs.,-5228,slt2_us_lt_total_net
2024-08,Trinidad and Tobago,105,slt1_for_lt_total_net
2024-08,Trinidad and Tobago,-16,slt2_us_lt_total_net
2024-08,Turkey,34,slt1_for_lt_total_net
2024-08,Turkey,-57,slt2_us_lt_total_net
2024-08,Ukraine,4580,slt1_for_lt_total_net
2024-08,Ukraine,-52,slt2_us_lt_total_net
2024-08,United Arab Emirates,792,slt1_for_lt_total_net
2024-08,United Arab Emirates,316,slt2_us_lt_total_net
2024-08,United Kingdom,14918,slt1_for_lt_total_net
2024-08,United Kingdom,1805,slt2_us_lt_total_net
2024-08,Uruguay,373,slt1_for_lt_total_net
2024-08,Uruguay,-15,slt2_us_lt_total_net
2024-08,Venezuela,44,slt1_for_lt_total_net
2024-08,Venezuela,-11,slt2_us_lt_total_net
2024-09,All Countries,246839,slt1_for_lt_total_net
2024-09,All Countries,35194,slt2_us_lt_total_net
2024-09,Anguilla,-26,slt1_for_lt_total_net
2024-09,Argentina,-124,slt1_for_lt_total_net
2024-09,Argentina,-187,slt2_us_lt_total_net
2024-09,Aruba,116,slt1_for_lt_total_net
2024-09,Aruba,37,slt2_us_lt_total_net
2024-09,Australia,10038,slt1_for_lt_total_net
2024-09,Australia,3666,slt2_us_lt_total_net
2024-09,Austria,1398,slt1_for_lt_total_net
2024-09,Austria,-182,slt2_us_lt_total_net
2024-09,Bahamas,-2494,slt1_for_lt_total_net
2024-09,Bahamas,16,slt2_us_lt_total_net
2024-09,Barbados,-32,slt1_for_lt_total_net
2024-09,Barbados,-8,slt2_us_lt_total_net
2024-09,Belgium,17984,slt1_for_lt_total_net
2024-09,Belgium,-109,slt2_us_lt_total_net
2024-09,Bermuda,2090,slt1_for_lt_total_net
2024-09,Bermuda,339,slt2_us_lt_total_net
2024-09,Brazil,270,slt1_for_lt_total_net
2024-09,Brazil,1192,slt2_us_lt_total_net
2024-09,British Virgin Islands,6364,slt1_for_lt_total_net
2024-09,British Virgin Islands,171,slt2_us_lt_total_net
2024-09,Bulgaria,14,slt1_for_lt_total_net
2024-09,Bulgaria,424,slt2_us_lt_total_net
2024-09,Canada,22320,slt1_for_lt_total_net
2024-09,Canada,9292,slt2_us_lt_total_net
2024-09,Cayman Islands,61629,slt1_for_lt_total_net
2024-09,Cayman Islands,3019,slt2_us_lt_total_net
2024-09,Chile,2407,slt1_for_lt_total_net
2024-09,Chile,-86,slt2_us_lt_total_net
2024-09,"China, Mainland",-20700,slt1_for_lt_total_net
2024-09,"China, Mainland",5092,slt2_us_lt_total_net
2024-09,Colombia,-807,slt1_for_lt_total_net
2024-09,Colombia,-4820,slt2_us_lt_total_net
2024-09,Costa Rica,-14,slt1_for_lt_total_net
2024-09,Costa Rica,10,slt2_us_lt_total_net
2024-09,Cuba,0,slt1_for_lt_total_net
2024-09,Cuba,0,slt2_us_lt_total_net
2024-09,Curacao,68,slt1_for_lt_total_net
2024-09,Curacao,-3,slt2_us_lt_total_net
2024-09,Cyprus,-110,slt1_for_lt_total_net
2024-09,Cyprus,-16,slt2_us_lt_total_net
2024-09,Czech Republic,213,slt1_for_lt_total_net
2024-09,Czech Republic,5,slt2_us_lt_total_net
2024-09,Denmark,1967,slt1_for_lt_total_net
2024-09,Denmark,-885,slt2_us_lt_total_net
2024-09,Ecuador,-10,slt1_for_lt_total_net
2024-09,Ecuador,22,slt2_us_lt_total_net
2024-09,Egypt,-2,slt1_for_lt_total_net
2024-09,Egypt,102,slt2_us_lt_total_net
2024-09,Finland,108,slt1_for_lt_total_net
2024-09,Finland,1322,slt2_us_lt_total_net
2024-09,France,20709,slt1_for_lt_total_net
2024-09,France,2870,slt2_us_lt_total_net
2024-09,Germany,7499,slt1_for_lt_total_net
2024-09,Germany,-2856,slt2_us_lt_total_net
2024-09,Grand Total,246240,slt1_for_lt_total_net
2024-09,Grand Total,36236,slt2_us_lt_total_net
2024-09,Greece,-2,slt1_for_lt_total_net
2024-09,Greece,0,slt2_us_lt_total_net
2024-09,Guatemala,1330,slt1_for_lt_total_net
2024-09,Guatemala,-10,slt2_us_lt_total_net
2024-09,Guernsey,1167,slt1_for_lt_total_net
2024-09,Guernsey,131,slt2_us_lt_total_net
2024-09,Hong Kong,-5366,slt1_for_lt_total_net
2024-09,Hong Kong,-280,slt2_us_lt_total_net
2024-09,Hungary,69,slt1_for_lt_total_net
2024-09,Hungary,97,slt2_us_lt_total_net
2024-09,India,-4247,slt1_for_lt_total_net
2024-09,India,8128,slt2_us_lt_total_net
2024-09,Indonesia,9128,slt1_for_lt_total_net
2024-09,Indonesia,510,slt2_us_lt_total_net
2024-09,International,-1246,slt1_for_lt_total_net
2024-09,International,761,slt2_us_lt_total_net
2024-09,Ireland,21451,slt1_for_lt_total_net
2024-09,Ireland,5818,slt2_us_lt_total_net
2024-09,Israel,4136,slt1_for_lt_total_net
2024-09,Israel,357,slt2_us_lt_total_net
2024-09,Italy,547,slt1_for_lt_total_net
2024-09,Italy,-1202,slt2_us_lt_total_net
2024-09,Jamaica,-2,slt1_for_lt_total_net
2024-09,Jamaica,10,slt2_us_lt_total_net
2024-09,Japan,-16313,slt1_for_lt_total_net
2024-09,Japan,-5948,slt2_us_lt_total_net
2024-09,Jersey,-6,slt1_for_lt_total_net
2024-09,Jersey,313,slt2_us_lt_total_net
2024-09,Kazakhstan,-47,slt1_for_lt_total_net
2024-09,Kazakhstan,-112,slt2_us_lt_total_net
2024-09,"Korea, South",6476,slt1_for_lt_total_net
2024-09,"Korea, South",-2304,slt2_us_lt_total_net
2024-09,Kuwait,-229,slt1_for_lt_total_net
2024-09,Kuwait,150,slt2_us_lt_total_net
2024-09,Lebanon,9,slt1_for_lt_total_net
2024-09,Lebanon,-4,slt2_us_lt_total_net
2024-09,Liberia,-6,slt1_for_lt_total_net
2024-09,Liberia,264,slt2_us_lt_total_net
2024-09,Luxembourg,7316,slt1_for_lt_total_net
2024-09,Luxembourg,5628,slt2_us_lt_total_net
2024-09,Malaysia,448,slt1_for_lt_total_net
2024-09,Malaysia,270,slt2_us_lt_total_net
2024-09,Mauritius,24,slt1_for_lt_total_net
2024-09,Mauritius,-182,slt2_us_lt_total_net
2024-09,Memo: Euro Area,101234,slt1_for_lt_total_net
2024-09,Memo: Euro Area,11692,slt2_us_lt_total_net
2024-09,Memo: European Union,110770,slt1_for_lt_total_net
2024-09,Memo: European Union,11862,slt2_us_lt_total_net
2024-09,Mexico,-1821,slt1_for_lt_total_net
2024-09,Mexico,92,slt2_us_lt_total_net
2024-09,Monaco,11,slt1_for_lt_total_net
2024-09,Monaco,2,slt2_us_lt_total_net
2024-09,Morocco,-143,slt1_for_lt_total_net
2024-09,Morocco,-18,slt2_us_lt_total_net
2024-09,Netherlands,22307,slt1_for_lt_total_net
2024-09,Netherlands,-223,slt2_us_lt_total_net
2024-09,New Zealand,1933,slt1_for_lt_total_net
2024-09,New Zealand,202,slt2_us_lt_total_net
2024-09,Norway,9160,slt1_for_lt_total_net
2024-09,Norway,-997,slt2_us_lt_total_net
2024-09,Of Which: Asset-Backed Securities,19792,slt1_for_lt_total_net
2024-09,Of Which: Asset-Backed Securities,-423,slt2_us_lt_total_net
2024-09,Of Which: Depository Institutions,1781,slt1_for_lt_total_net
2024-09,Of Which: Depository Institutions,5120,slt2_us_lt_total_net
2024-09,Of Which: Foreign Non-Official,241094,slt1_for_lt_total_net
2024-09,Of Which: Foreign Non-Official Asset-Backed Securities,21858,slt1_for_lt_total_net
2024-09,Of Which: Foreign Non-Official Depository Institutions,2001,slt1_for_lt_total_net
2024-09,Of Which: Foreign Non-Official Fund Shares,41705,slt1_for_lt_total_net
2024-09,Of Which: Foreign Non-Official Non-Financial Organizations,70481,slt1_for_lt_total_net
2024-09,Of Which: Foreign Non-Official Other Financial Organizations,81641,slt1_for_lt_total_net
2024-09,Of Which: Foreign Non-Official State & Local General Government,-395,slt1_for_lt_total_net
2024-09,Of Which: Foreign Official,5146,slt1_for_lt_total_net
2024-09,Of Which: Foreign Official Asset-Backed Securities,-2066,slt1_for_lt_total_net
2024-09,Of Which: Foreign Official Depository Institutions,-220,slt1_for_lt_total_net
2024-09,Of Which: Foreign Official Fund Shares,866,slt1_for_lt_total_net
2024-09,Of Which: Foreign Official Non-Financial Organizations,8670,slt1_for_lt_total_net
2024-09,Of Which: Foreign Official Other Financial Organizations,4540,slt1_for_lt_total_net
2024-09,Of Which: Foreign Official State & Local General Government,21,slt1_for_lt_total_net
2024-09,Of Which: Fund Shares,42571,slt1_for_lt_total_net
2024-09,Of Which: Fund Shares,3121,slt2_us_lt_total_net
2024-09,Of Which: Non-Financial Organizations,79151,slt1_for_lt_total_net
2024-09,Of Which: Non-Financial Organizations,4510,slt2_us_lt_total_net
2024-09,Of Which: Other Financial Organizations,86181,slt1_for_lt_total_net
2024-09,Of Which: Other Financial Organizations,26050,slt2_us_lt_total_net
2024-09,Of Which: State & Local General Government,-374,slt1_for_lt_total_net
2024-09,Pakistan,-4,slt1_for_lt_total_net
2024-09,Pakistan,-2,slt2_us_lt_total_net
2024-09,Panama,-416,slt1_for_lt_total_net
2024-09,Panama,203,slt2_us_lt_total_net
2024-09,Peru,1236,slt1_for_lt_total_net
2024-09,Peru,899,slt2_us_lt_total_net
2024-09,Philippines,1611,slt1_for_lt_total_net
2024-09,Philippines,558,slt2_us_lt_total_net
2024-09,Poland,496,slt1_for_lt_total_net
2024-09,Poland,239,slt2_us_lt_total_net
2024-09,Portugal,-20,slt1_for_lt_total_net
2024-09,Portugal,24,slt2_us_lt_total_net
2024-09,Romania,910,slt1_for_lt_total_net
2024-09,Romania,790,slt2_us_lt_total_net
2024-09,Russia,7,slt1_for_lt_total_net
2024-09,Russia,-90,slt2_us_lt_total_net
2024-09,Saint Kitts and Nevis,35,slt1_for_lt_total_net
2024-09,Saudi Arabia,1426,slt1_for_lt_total_net
2024-09,Serbia,-90,slt1_for_lt_total_net
2024-09,Serbia,-26,slt2_us_lt_total_net
2024-09,Singapore,20970,slt1_for_lt_total_net
2024-09,Singapore,1377,slt2_us_lt_total_net
2024-09,South Africa,-335,slt1_for_lt_total_net
2024-09,South Africa,566,slt2_us_lt_total_net
2024-09,Spain,2219,slt1_for_lt_total_net
2024-09,Spain,586,slt2_us_lt_total_net
2024-09,Sweden,5867,slt1_for_lt_total_net
2024-09,Sweden,-500,slt2_us_lt_total_net
2024-09,Switzerland,2029,slt1_for_lt_total_net
2024-09,Switzerland,-6712,slt2_us_lt_total_net
2024-09,Syria,0,slt1_for_lt_total_net
2024-09,Taiwan,4470,slt1_for_lt_total_net
2024-09,Taiwan,958,slt2_us_lt_total_net
2024-09,Thailand,6396,slt1_for_lt_total_net
2024-09,Thailand,428,slt2_us_lt_total_net
2024-09,Total Africa,608,slt1_for_lt_total_net
2024-09,Total Africa,538,slt2_us_lt_total_net
2024-09,Total Asia,3875,slt1_for_lt_total_net
2024-09,Total Asia,11188,slt2_us_lt_total_net
2024-09,Total Caribbean,67759,slt1_for_lt_total_net
2024-09,Total Caribbean,3570,slt2_us_lt_total_net
2024-09,Total Europe,138285,slt1_for_lt_total_net
2024-09,Total Europe,8871,slt2_us_lt_total_net
2024-09,Total IROs,-599,slt1_for_lt_total_net
2024-09,Total IROs,1042,slt2_us_lt_total_net
2024-09,Total Latin America,1659,slt1_for_lt_total_net
2024-09,Total Latin America,-2287,slt2_us_lt_total_net
2024-09,Total Other,12097,slt1_for_lt_total_net
2024-09,Total Other,4022,slt2_us_lt_total_net
2024-09,Total Regional Orgs.,647,slt1_for_lt_total_net
2024-09,Total Regional Orgs.,281,slt2_us_lt_total_net
2024-09,Trinidad and Tobago,35,slt1_for_lt_total_net
2024-09,Trinidad and Tobago,3,slt2_us_lt_total_net
2024-09,Turkey,84,slt1_for_lt_total_net
2024-09,Turkey,17,slt2_us_lt_total_net
2024-09,Ukraine,-78,slt1_for_lt_total_net
2024-09,Ukraine,-2,slt2_us_lt_total_net
2024-09,United Arab Emirates,-5486,slt1_for_lt_total_net
2024-09,United Arab Emirates,1221,slt2_us_lt_total_net
2024-09,United Kingdom,15833,slt1_for_lt_total_net
2024-09,United Kingdom,4411,slt2_us_lt_total_net
2024-09,Uruguay,274,slt1_for_lt_total_net
2024-09,Uruguay,351,slt2_us_lt_total_net
2024-09,Venezuela,-10,slt1_for_lt_total_net
2024-09,Venezuela,12,slt2_us_lt_total_net
2024-10,All Countries,110875,slt1_for_lt_total_net
2024-10,All Countries,-4864,slt2_us_lt_total_net
2024-10,Anguilla,-39,slt1_for_lt_total_net
2024-10,Argentina,111,slt1_for_lt_total_net
2024-10,Argentina,91,slt2_us_lt_total_net
2024-10,Aruba,57,slt1_for_lt_total_net
2024-10,Aruba,0,slt2_us_lt_total_net
2024-10,Australia,-1014,slt1_for_lt_total_net
2024-10,Australia,-1078,slt2_us_lt_total_net
2024-10,Austria,126,slt1_for_lt_total_net
2024-10,Austria,64,slt2_us_lt_total_net
2024-10,Bahamas,563,slt1_for_lt_total_net
2024-10,Bahamas,4,slt2_us_lt_total_net
2024-10,Barbados,139,slt1_for_lt_total_net
2024-10,Barbados,-8,slt2_us_lt_total_net
2024-10,Belgium,-10157,slt1_for_lt_total_net
2024-10,Belgium,770,slt2_us_lt_total_net
2024-10,Bermuda,4033,slt1_for_lt_total_net
2024-10,Bermuda,13,slt2_us_lt_total_net
2024-10,Brazil,-468,slt1_for_lt_total_net
2024-10,Brazil,1662,slt2_us_lt_total_net
2024-10,British Virgin Islands,3254,slt1_for_lt_total_net
2024-10,British Virgin Islands,-670,slt2_us_lt_total_net
2024-10,Bulgaria,32,slt1_for_lt_total_net
2024-10,Bulgaria,-121,slt2_us_lt_total_net
2024-10,Canada,-19876,slt1_for_lt_total_net
2024-10,Canada,9820,slt2_us_lt_total_net
2024-10,Cayman Islands,7401,slt1_for_lt_total_net
2024-10,Cayman Islands,-13398,slt2_us_lt_total_net
2024-10,Chile,1083,slt1_for_lt_total_net
2024-10,Chile,-240,slt2_us_lt_total_net
2024-10,"China, Mainland",-5587,slt1_for_lt_total_net
2024-10,"China, Mainland",-187,slt2_us_lt_total_net
2024-10,Colombia,599,slt1_for_lt_total_net
2024-10,Colombia,292,slt2_us_lt_total_net
2024-10,Costa Rica,14,slt1_for_lt_total_net
2024-10,Costa Rica,7,slt2_us_lt_total_net
2024-10,Cuba,0,slt1_for_lt_total_net
2024-10,Cuba,0,slt2_us_lt_total_net
2024-10,Curacao,180,slt1_for_lt_total_net
2024-10,Curacao,200,slt2_us_lt_total_net
2024-10,Cyprus,106,slt1_for_lt_total_net
2024-10,Cyprus,-11,slt2_us_lt_total_net
2024-10,Czech Republic,-25,slt1_for_lt_total_net
2024-10,Czech Republic,29,slt2_us_lt_total_net
2024-10,Denmark,-3045,slt1_for_lt_total_net
2024-10,Denmark,1880,slt2_us_lt_total_net
2024-10,Ecuador,-15,slt1_for_lt_total_net
2024-10,Ecuador,-76,slt2_us_lt_total_net
2024-10,Egypt,-4,slt1_for_lt_total_net
2024-10,Egypt,807,slt2_us_lt_total_net
2024-10,Finland,1424,slt1_for_lt_total_net
2024-10,Finland,27,slt2_us_lt_total_net
2024-10,France,10905,slt1_for_lt_total_net
2024-10,France,-1461,slt2_us_lt_total_net
2024-10,Germany,-3069,slt1_for_lt_total_net
2024-10,Germany,2177,slt2_us_lt_total_net
2024-10,Grand Total,117762,slt1_for_lt_total_net
2024-10,Grand Total,-678,slt2_us_lt_total_net
2024-10,Greece,113,slt1_for_lt_total_net
2024-10,Greece,138,slt2_us_lt_total_net
2024-10,Guatemala,1263,slt1_for_lt_total_net
2024-10,Guatemala,-5,slt2_us_lt_total_net
2024-10,Guernsey,1912,slt1_for_lt_total_net
2024-10,Guernsey,47,slt2_us_lt_total_net
2024-10,Hong Kong,23810,slt1_for_lt_total_net
2024-10,Hong Kong,801,slt2_us_lt_total_net
2024-10,Hungary,97,slt1_for_lt_total_net
2024-10,Hungary,-17,slt2_us_lt_total_net
2024-10,India,7104,slt1_for_lt_total_net
2024-10,India,-5414,slt2_us_lt_total_net
2024-10,Indonesia,2340,slt1_for_lt_total_net
2024-10,Indonesia,-245,slt2_us_lt_total_net
2024-10,International,8234,slt1_for_lt_total_net
2024-10,International,244,slt2_us_lt_total_net
2024-10,Ireland,-20354,slt1_for_lt_total_net
2024-10,Ireland,-2870,slt2_us_lt_total_net
2024-10,Israel,3525,slt1_for_lt_total_net
2024-10,Israel,40,slt2_us_lt_total_net
2024-10,Italy,303,slt1_for_lt_total_net
2024-10,Italy,1437,slt2_us_lt_total_net
2024-10,Jamaica,-51,slt1_for_lt_total_net
2024-10,Jamaica,8,slt2_us_lt_total_net
2024-10,Japan,49297,slt1_for_lt_total_net
2024-10,Japan,675,slt2_us_lt_total_net
2024-10,Jersey,585,slt1_for_lt_total_net
2024-10,Jersey,-61,slt2_us_lt_total_net
2024-10,Kazakhstan,228,slt1_for_lt_total_net
2024-10,Kazakhstan,280,slt2_us_lt_total_net
2024-10,"Korea, South",501,slt1_for_lt_total_net
2024-10,"Korea, South",-1430,slt2_us_lt_total_net
2024-10,Kuwait,957,slt1_for_lt_total_net
2024-10,Kuwait,119,slt2_us_lt_total_net
2024-10,Lebanon,19,slt1_for_lt_total_net
2024-10,Lebanon,-4,slt2_us_lt_total_net
2024-10,Liberia,38,slt1_for_lt_total_net
2024-10,Liberia,-21,slt2_us_lt_total_net
2024-10,Luxembourg,18605,slt1_for_lt_total_net
2024-10,Luxembourg,-2573,slt2_us_lt_total_net
2024-10,Malaysia,2037,slt1_for_lt_total_net
2024-10,Malaysia,339,slt2_us_lt_total_net
2024-10,Mauritius,143,slt1_for_lt_total_net
2024-10,Mauritius,-91,slt2_us_lt_total_net
2024-10,Memo: Euro Area,-15272,slt1_for_lt_total_net
2024-10,Memo: Euro Area,-8381,slt2_us_lt_total_net
2024-10,Memo: European Union,-13964,slt1_for_lt_total_net
2024-10,Memo: European Union,-7835,slt2_us_lt_total_net
2024-10,Mexico,3301,slt1_for_lt_total_net
2024-10,Mexico,-427,slt2_us_lt_total_net
2024-10,Monaco,-121,slt1_for_lt_total_net
2024-10,Monaco,-3,slt2_us_lt_total_net
2024-10,Morocco,137,slt1_for_lt_total_net
2024-10,Morocco,-62,slt2_us_lt_total_net
2024-10,Netherlands,-14592,slt1_for_lt_total_net
2024-10,Netherlands,-6195,slt2_us_lt_total_net
2024-10,New Zealand,16,slt1_for_lt_total_net
2024-10,New Zealand,-65,slt2_us_lt_total_net
2024-10,Norway,-2106,slt1_for_lt_total_net
2024-10,Norway,700,slt2_us_lt_total_net
2024-10,Of Which: Asset-Backed Securities,17776,slt1_for_lt_total_net
2024-10,Of Which: Asset-Backed Securities,-14286,slt2_us_lt_total_net
2024-10,Of Which: Depository Institutions,9033,slt1_for_lt_total_net
2024-10,Of Which: Depository Institutions,-7085,slt2_us_lt_total_net
2024-10,Of Which: Foreign Non-Official,102565,slt1_for_lt_total_net
2024-10,Of Which: Foreign Non-Official Asset-Backed Securities,16696,slt1_for_lt_total_net
2024-10,Of Which: Foreign Non-Official Depository Institutions,8591,slt1_for_lt_total_net
2024-10,Of Which: Foreign Non-Official Fund Shares,10772,slt1_for_lt_total_net
2024-10,Of Which: Foreign Non-Official Non-Financial Organizations,-30566,slt1_for_lt_total_net
2024-10,Of Which: Foreign Non-Official Other Financial Organizations,29136,slt1_for_lt_total_net
2024-10,Of Which: Foreign Non-Official State & Local General Government,-140,slt1_for_lt_total_net
2024-10,Of Which: Foreign Official,15197,slt1_for_lt_total_net
2024-10,Of Which: Foreign Official Asset-Backed Securities,1080,slt1_for_lt_total_net
2024-10,Of Which: Foreign Official Depository Institutions,442,slt1_for_lt_total_net
2024-10,Of Which: Foreign Official Fund Shares,235,slt1_for_lt_total_net
2024-10,Of Which: Foreign Official Non-Financial Organizations,-187,slt1_for_lt_total_net
2024-10,Of Which: Foreign Official Other Financial Organizations,2708,slt1_for_lt_total_net
2024-10,Of Which: Foreign Official State & Local General Government,-50,slt1_for_lt_total_net
2024-10,Of Which: Fund Shares,11007,slt1_for_lt_total_net
2024-10,Of Which: Fund Shares,-5571,slt2_us_lt_total_net
2024-10,Of Which: Non-Financial Organizations,-30753,slt1_for_lt_total_net
2024-10,Of Which: Non-Financial Organizations,9331,slt2_us_lt_total_net
2024-10,Of Which: Other Financial Organizations,31844,slt1_for_lt_total_net
2024-10,Of Which: Other Financial Organizations,-4298,slt2_us_lt_total_net
2024-10,Of Which: State & Local General Government,-190,slt1_for_lt_total_net
2024-10,Pakistan,-2,slt1_for_lt_total_net
2024-10,Pakistan,-65,slt2_us_lt_total_net
2024-10,Panama,322,slt1_for_lt_total_net
2024-10,Panama,-172,slt2_us_lt_total_net
2024-10,Peru,2002,slt1_for_lt_total_net
2024-10,Peru,570,slt2_us_lt_total_net
2024-10,Philippines,392,slt1_for_lt_total_net
2024-10,Philippines,-169,slt2_us_lt_total_net
2024-10,Poland,637,slt1_for_lt_total_net
2024-10,Poland,-11,slt2_us_lt_total_net
2024-10,Portugal,-119,slt1_for_lt_total_net
2024-10,Portugal,-38,slt2_us_lt_total_net
2024-10,Romania,2058,slt1_for_lt_total_net
2024-10,Romania,-199,slt2_us_lt_total_net
2024-10,Russia,-1,slt1_for_lt_total_net
2024-10,Russia,-89,slt2_us_lt_total_net
2024-10,Saint Kitts and Nevis,125,slt1_for_lt_total_net
2024-10,Saudi Arabia,1510,slt1_for_lt_total_net
2024-10,Serbia,264,slt1_for_lt_total_net
2024-10,Serbia,90,slt2_us_lt_total_net
2024-10,Singapore,6760,slt1_for_lt_total_net
2024-10,Singapore,-26,slt2_us_lt_total_net
2024-10,South Africa,222,slt1_for_lt_total_net
2024-10,South Africa,982,slt2_us_lt_total_net
2024-10,Spain,1567,slt1_for_lt_total_net
2024-10,Spain,321,slt2_us_lt_total_net
2024-10,Sweden,1554,slt1_for_lt_total_net
2024-10,Sweden,-1015,slt2_us_lt_total_net
2024-10,Switzerland,610,slt1_for_lt_total_net
2024-10,Switzerland,-1230,slt2_us_lt_total_net
2024-10,Syria,0,slt1_for_lt_total_net
2024-10,Taiwan,6283,slt1_for_lt_total_net
2024-10,Taiwan,4545,slt2_us_lt_total_net
2024-10,Thailand,2882,slt1_for_lt_total_net
2024-10,Thailand,-168,slt2_us_lt_total_net
2024-10,Total Africa,299,slt1_for_lt_total_net
2024-10,Total Africa,1730,slt2_us_lt_total_net
2024-10,Total Asia,98937,slt1_for_lt_total_net
2024-10,Total Asia,-623,slt2_us_lt_total_net
2024-10,Total Caribbean,15874,slt1_for_lt_total_net
2024-10,Total Caribbean,-14092,slt2_us_lt_total_net
2024-10,Total Europe,8076,slt1_for_lt_total_net
2024-10,Total Europe,-1973,slt2_us_lt_total_net
2024-10,Total IROs,6887,slt1_for_lt_total_net
2024-10,Total IROs,4186,slt2_us_lt_total_net
2024-10,Total Latin America,8352,slt1_for_lt_total_net
2024-10,Total Latin America,1622,slt2_us_lt_total_net
2024-10,Total Other,-1010,slt1_for_lt_total_net
2024-10,Total Other,-1348,slt2_us_lt_total_net
2024-10,Total Regional Orgs.,-1347,slt1_for_lt_total_net
2024-10,Total Regional Orgs.,3942,slt2_us_lt_total_net
2024-10,Trinidad and Tobago,201,slt1_for_lt_total_net
2024-10,Trinidad and Tobago,-9,slt2_us_lt_total_net
2024-10,Turkey,4116,slt1_for_lt_total_net
2024-10,Turkey,140,slt2_us_lt_total_net
2024-10,Ukraine,846,slt1_for_lt_total_net
2024-10,Ukraine,38,slt2_us_lt_total_net
2024-10,United Arab Emirates,-2788,slt1_for_lt_total_net
2024-10,United Arab Emirates,1065,slt2_us_lt_total_net
2024-10,United Kingdom,19218,slt1_for_lt_total_net
2024-10,United Kingdom,5431,slt2_us_lt_total_net
2024-10,Uruguay,21,slt1_for_lt_total_net
2024-10,Uruguay,-40,slt2_us_lt_total_net
2024-10,Venezuela,27,slt1_for_lt_total_net
2024-10,Venezuela,-4,slt2_us_lt_total_net
2024-11,All Countries,96867,slt1_for_lt_total_net
2024-11,All Countries,42403,slt2_us_lt_total_net
2024-11,Anguilla,114,slt1_for_lt_total_net
2024-11,Argentina,274,slt1_for_lt_total_net
2024-11,Argentina,73,slt2_us_lt_total_net
2024-11,Aruba,36,slt1_for_lt_total_net
2024-11,Aruba,-2,slt2_us_lt_total_net
2024-11,Australia,-5162,slt1_for_lt_total_net
2024-11,Australia,3232,slt2_us_lt_total_net
2024-11,Austria,531,slt1_for_lt_total_net
2024-11,Austria,329,slt2_us_lt_total_net
2024-11,Bahamas,-17,slt1_for_lt_total_net
2024-11,Bahamas,-42,slt2_us_lt_total_net
2024-11,Barbados,-3,slt1_for_lt_total_net
2024-11,Barbados,-7,slt2_us_lt_total_net
2024-11,Belgium,2308,slt1_for_lt_total_net
2024-11,Belgium,1132,slt2_us_lt_total_net
2024-11,Bermuda,-1366,slt1_for_lt_total_net
2024-11,Bermuda,-114,slt2_us_lt_total_net
2024-11,Brazil,-987,slt1_for_lt_total_net
2024-11,Brazil,3980,slt2_us_lt_total_net
2024-11,British Virgin Islands,-2045,slt1_for_lt_total_net
2024-11,British Virgin Islands,-605,slt2_us_lt_total_net
2024-11,Bulgaria,5,slt1_for_lt_total_net
2024-11,Bulgaria,-52,slt2_us_lt_total_net
2024-11,Canada,56873,slt1_for_lt_total_net
2024-11,Canada,6087,slt2_us_lt_total_net
2024-11,Cayman Islands,4381,slt1_for_lt_total_net
2024-11,Cayman Islands,-3152,slt2_us_lt_total_net
2024-11,Chile,-172,slt1_for_lt_total_net
2024-11,Chile,259,slt2_us_lt_total_net
2024-11,"China, Mainland",-9719,slt1_for_lt_total_net
2024-11,"China, Mainland",-3093,slt2_us_lt_total_net
2024-11,Colombia,632,slt1_for_lt_total_net
2024-11,Colombia,706,slt2_us_lt_total_net
2024-11,Costa Rica,89,slt1_for_lt_total_net
2024-11,Costa Rica,-34,slt2_us_lt_total_net
2024-11,Cuba,0,slt1_for_lt_total_net
2024-11,Cuba,0,slt2_us_lt_total_net
2024-11,Curacao,239,slt1_for_lt_total_net
2024-11,Curacao,65,slt2_us_lt_total_net
2024-11,Cyprus,-178,slt1_for_lt_total_net
2024-11,Cyprus,-25,slt2_us_lt_total_net
2024-11,Czech Republic,-116,slt1_for_lt_total_net
2024-11,Czech Republic,276,slt2_us_lt_total_net
2024-11,Denmark,2087,slt1_for_lt_total_net
2024-11,Denmark,-924,slt2_us_lt_total_net
2024-11,Ecuador,207,slt1_for_lt_total_net
2024-11,Ecuador,37,slt2_us_lt_total_net
2024-11,Egypt,-2,slt1_for_lt_total_net
2024-11,Egypt,86,slt2_us_lt_total_net
2024-11,Finland,1159,slt1_for_lt_total_net
2024-11,Finland,528,slt2_us_lt_total_net
2024-11,France,6815,slt1_for_lt_total_net
2024-11,France,9229,slt2_us_lt_total_net
2024-11,Germany,-3366,slt1_for_lt_total_net
2024-11,Germany,3598,slt2_us_lt_total_net
2024-11,Grand Total,96604,slt1_for_lt_total_net
2024-11,Grand Total,45181,slt2_us_lt_total_net
2024-11,Greece,-49,slt1_for_lt_total_net
2024-11,Greece,-145,slt2_us_lt_total_net
2024-11,Guatemala,-321,slt1_for_lt_total_net
2024-11,Guatemala,-34,slt2_us_lt_total_net
2024-11,Guernsey,447,slt1_for_lt_total_net
2024-11,Guernsey,-192,slt2_us_lt_total_net
2024-11,Hong Kong,4013,slt1_for_lt_total_net
2024-11,Hong Kong,-323,slt2_us_lt_total_net
2024-11,Hungary,81,slt1_for_lt_total_net
2024-11,Hungary,223,slt2_us_lt_total_net
2024-11,India,-6858,slt1_for_lt_total_net
2024-11,India,497,slt2_us_lt_total_net
2024-11,Indonesia,-466,slt1_for_lt_total_net
2024-11,Indonesia,-235,slt2_us_lt_total_net
2024-11,International,-791,slt1_for_lt_total_net
2024-11,International,1244,slt2_us_lt_total_net
2024-11,Ireland,32166,slt1_for_lt_total_net
2024-11,Ireland,759,slt2_us_lt_total_net
2024-11,Israel,2384,slt1_for_lt_total_net
2024-11,Israel,-1312,slt2_us_lt_total_net
2024-11,Italy,2024,slt1_for_lt_total_net
2024-11,Italy,1784,slt2_us_lt_total_net
2024-11,Jamaica,323,slt1_for_lt_total_net
2024-11,Jamaica,-6,slt2_us_lt_total_net
2024-11,Japan,-34042,slt1_for_lt_total_net
2024-11,Japan,1396,slt2_us_lt_total_net
2024-11,Jersey,100,slt1_for_lt_total_net
2024-11,Jersey,1397,slt2_us_lt_total_net
2024-11,Kazakhstan,349,slt1_for_lt_total_net
2024-11,Kazakhstan,26,slt2_us_lt_total_net
2024-11,"Korea, South",-2831,slt1_for_lt_total_net
2024-11,"Korea, South",-467,slt2_us_lt_total_net
2024-11,Kuwait,-1384,slt1_for_lt_total_net
2024-11,Kuwait,171,slt2_us_lt_total_net
2024-11,Lebanon,1,slt1_for_lt_total_net
2024-11,Lebanon,-1,slt2_us_lt_total_net
2024-11,Liberia,-16,slt1_for_lt_total_net
2024-11,Liberia,-200,slt2_us_lt_total_net
2024-11,Luxembourg,-5468,slt1_for_lt_total_net
2024-11,Luxembourg,4015,slt2_us_lt_total_net
2024-11,Malaysia,-421,slt1_for_lt_total_net
2024-11,Malaysia,454,slt2_us_lt_total_net
2024-11,Mauritius,50,slt1_for_lt_total_net
2024-11,Mauritius,-114,slt2_us_lt_total_net
2024-11,Memo: Euro Area,53180,slt1_for_lt_total_net
2024-11,Memo: Euro Area,22718,slt2_us_lt_total_net
2024-11,Memo: European Union,59281,slt1_for_lt_total_net
2024-11,Memo: European Union,23532,slt2_us_lt_total_net
2024-11,Mexico,2841,slt1_for_lt_total_net
2024-11,Mexico,93,slt2_us_lt_total_net
2024-11,Monaco,154,slt1_for_lt_total_net
2024-11,Monaco,0,slt2_us_lt_total_net
2024-11,Morocco,-87,slt1_for_lt_total_net
2024-11,Morocco,-46,slt2_us_lt_total_net
2024-11,Netherlands,17937,slt1_for_lt_total_net
2024-11,Netherlands,675,slt2_us_lt_total_net
2024-11,New Zealand,-596,slt1_for_lt_total_net
2024-11,New Zealand,460,slt2_us_lt_total_net
2024-11,Norway,13023,slt1_for_lt_total_net
2024-11,Norway,250,slt2_us_lt_total_net
2024-11,Of Which: Asset-Backed Securities,-4292,slt1_for_lt_total_net
2024-11,Of Which: Asset-Backed Securities,-1244,slt2_us_lt_total_net
2024-11,Of Which: Depository Institutions,4010,slt1_for_lt_total_net
2024-11,Of Which: Depository Institutions,-6576,slt2_us_lt_total_net
2024-11,Of Which: Foreign Non-Official,89250,slt1_for_lt_total_net
2024-11,Of Which: Foreign Non-Official Asset-Backed Securities,-3827,slt1_for_lt_total_net
2024-11,Of Which: Foreign Non-Official Depository Institutions,4039,slt1_for_lt_total_net
2024-11,Of Which: Foreign Non-Official Fund Shares,27035,slt1_for_lt_total_net
2024-11,Of Which: Foreign Non-Official Non-Financial Organizations,66618,slt1_for_lt_total_net
2024-11,Of Which: Foreign Non-Official Other Financial Organizations,54209,slt1_for_lt_total_net
2024-11,Of Which: Foreign Non-Official State & Local General Government,-723,slt1_for_lt_total_net
2024-11,Of Which: Foreign Official,7354,slt1_for_lt_total_net
2024-11,Of Which: Foreign Official Asset-Backed Securities,-465,slt1_for_lt_total_net
2024-11,Of Which: Foreign Official Depository Institutions,-29,slt1_for_lt_total_net
2024-11,Of Which: Foreign Official Fund Shares,2572,slt1_for_lt_total_net
2024-11,Of Which: Foreign Official Non-Financial Organizations,3034,slt1_for_lt_total_net
2024-11,Of Which: Foreign Official Other Financial Organizations,7422,slt1_for_lt_total_net
2024-11,Of Which: Foreign Official State & Local General Government,-133,slt1_for_lt_total_net
2024-11,Of Which: Fund Shares,29607,slt1_for_lt_total_net
2024-11,Of Which: Fund Shares,2789,slt2_us_lt_total_net
2024-11,Of Which: Non-Financial Organizations,69652,slt1_for_lt_total_net
2024-11,Of Which: Non-Financial Organizations,4931,slt2_us_lt_total_net
2024-11,Of Which: Other Financial Organizations,61631,slt1_for_lt_total_net
2024-11,Of Which: Other Financial Organizations,45194,slt2_us_lt_total_net
2024-11,Of Which: State & Local General Government,-856,slt1_for_lt_total_net
2024-11,Pakistan,-1,slt1_for_lt_total_net
2024-11,Pakistan,-17,slt2_us_lt_total_net
2024-11,Panama,808,slt1_for_lt_total_net
2024-11,Panama,119,slt2_us_lt_total_net
2024-11,Peru,1133,slt1_for_lt_total_net
2024-11,Peru,354,slt2_us_lt_total_net
2024-11,Philippines,701,slt1_for_lt_total_net
2024-11,Philippines,-67,slt2_us_lt_total_net
2024-11,Poland,1680,slt1_for_lt_total_net
2024-11,Poland,482,slt2_us_lt_total_net
2024-11,Portugal,-568,slt1_for_lt_total_net
2024-11,Portugal,156,slt2_us_lt_total_net
2024-11,Romania,499,slt1_for_lt_total_net
2024-11,Romania,-422,slt2_us_lt_total_net
2024-11,Russia,-2,slt1_for_lt_total_net
2024-11,Russia,-3,slt2_us_lt_total_net
2024-11,Saint Kitts and Nevis,79,slt1_for_lt_total_net
2024-11,Saudi Arabia,-3032,slt1_for_lt_total_net
2024-11,Serbia,96,slt1_for_lt_total_net
2024-11,Serbia,56,slt2_us_lt_total_net
2024-11,Singapore,13949,slt1_for_lt_total_net
2024-11,Singapore,1872,slt2_us_lt_total_net
2024-11,South Africa,1465,slt1_for_lt_total_net
2024-11,South Africa,1100,slt2_us_lt_total_net
2024-11,Spain,-4,slt1_for_lt_total_net
2024-11,Spain,866,slt2_us_lt_total_net
2024-11,Sweden,1865,slt1_for_lt_total_net
2024-11,Sweden,1231,slt2_us_lt_total_net
2024-11,Switzerland,780,slt1_for_lt_total_net
2024-11,Switzerland,-615,slt2_us_lt_total_net
2024-11,Syria,0,slt1_for_lt_total_net
2024-11,Taiwan,-9290,slt1_for_lt_total_net
2024-11,Taiwan,30,slt2_us_lt_total_net
2024-11,Thailand,-243,slt1_for_lt_total_net
2024-11,Thailand,-132,slt2_us_lt_total_net
2024-11,Total Africa,2367,slt1_for_lt_total_net
2024-11,Total Africa,777,slt2_us_lt_total_net
2024-11,Total Asia,-46553,slt1_for_lt_total_net
2024-11,Total Asia,-476,slt2_us_lt_total_net
2024-11,Total Caribbean,1845,slt1_for_lt_total_net
2024-11,Total Caribbean,-3946,slt2_us_lt_total_net
2024-11,Total Europe,82519,slt1_for_lt_total_net
2024-11,Total Europe,30448,slt2_us_lt_total_net
2024-11,Total IROs,-263,slt1_for_lt_total_net
2024-11,Total IROs,2778,slt2_us_lt_total_net
2024-11,Total Latin America,5171,slt1_for_lt_total_net
2024-11,Total Latin America,5761,slt2_us_lt_total_net
2024-11,Total Other,-5584,slt1_for_lt_total_net
2024-11,Total Other,3752,slt2_us_lt_total_net
2024-11,Total Regional Orgs.,528,slt1_for_lt_total_net
2024-11,Total Regional Orgs.,1534,slt2_us_lt_total_net
2024-11,Trinidad and Tobago,24,slt1_for_lt_total_net
2024-11,Trinidad and Tobago,-15,slt2_us_lt_total_net
2024-11,Turkey,206,slt1_for_lt_total_net
2024-11,Turkey,246,slt2_us_lt_total_net
2024-11,Ukraine,-457,slt1_for_lt_total_net
2024-11,Ukraine,37,slt2_us_lt_total_net
2024-11,United Arab Emirates,530,slt1_for_lt_total_net
2024-11,United Arab Emirates,965,slt2_us_lt_total_net
2024-11,United Kingdom,9516,slt1_for_lt_total_net
2024-11,United Kingdom,5737,slt2_us_lt_total_net
2024-11,Uruguay,172,slt1_for_lt_total_net
2024-11,Uruguay,-21,slt2_us_lt_total_net
2024-11,Venezuela,40,slt1_for_lt_total_net
2024-11,Venezuela,-3,slt2_us_lt_total_net
2024-12,All Countries,62969,slt1_for_lt_total_net
2024-12,All Countries,10506,slt2_us_lt_total_net
2024-12,Anguilla,155,slt1_for_lt_total_net
2024-12,Argentina,420,slt1_for_lt_total_net
2024-12,Argentina,130,slt2_us_lt_total_net
2024-12,Aruba,25,slt1_for_lt_total_net
2024-12,Aruba,7,slt2_us_lt_total_net
2024-12,Australia,8727,slt1_for_lt_total_net
2024-12,Australia,431,slt2_us_lt_total_net
2024-12,Austria,247,slt1_for_lt_total_net
2024-12,Austria,387,slt2_us_lt_total_net
2024-12,Bahamas,665,slt1_for_lt_total_net
2024-12,Bahamas,33,slt2_us_lt_total_net
2024-12,Barbados,259,slt1_for_lt_total_net
2024-12,Barbados,1,slt2_us_lt_total_net
2024-12,Belgium,3010,slt1_for_lt_total_net
2024-12,Belgium,379,slt2_us_lt_total_net
2024-12,Bermuda,1603,slt1_for_lt_total_net
2024-12,Bermuda,-1395,slt2_us_lt_total_net
2024-12,Brazil,-28318,slt1_for_lt_total_net
2024-12,Brazil,-2762,slt2_us_lt_total_net
2024-12,British Virgin Islands,-1049,slt1_for_lt_total_net
2024-12,British Virgin Islands,-689,slt2_us_lt_total_net
2024-12,Bulgaria,-18,slt1_for_lt_total_net
2024-12,Bulgaria,28,slt2_us_lt_total_net
2024-12,Canada,-1571,slt1_for_lt_total_net
2024-12,Canada,3991,slt2_us_lt_total_net
2024-12,Cayman Islands,56982,slt1_for_lt_total_net
2024-12,Cayman Islands,285,slt2_us_lt_total_net
2024-12,Chile,1609,slt1_for_lt_total_net
2024-12,Chile,76,slt2_us_lt_total_net
2024-12,"China, Mainland",-13917,slt1_for_lt_total_net
2024-12,"China, Mainland",-3298,slt2_us_lt_total_net
2024-12,Colombia,-752,slt1_for_lt_total_net
2024-12,Colombia,-9,slt2_us_lt_total_net
2024-12,Costa Rica,101,slt1_for_lt_total_net
2024-12,Costa Rica,62,slt2_us_lt_total_net
2024-12,Cuba,1,slt1_for_lt_total_net
2024-12,Cuba,0,slt2_us_lt_total_net
2024-12,Curacao,-25,slt1_for_lt_total_net
2024-12,Curacao,-353,slt2_us_lt_total_net
2024-12,Cyprus,-16,slt1_for_lt_total_net
2024-12,Cyprus,-2,slt2_us_lt_total_net
2024-12,Czech Republic,278,slt1_for_lt_total_net
2024-12,Czech Republic,131,slt2_us_lt_total_net
2024-12,Denmark,-526,slt1_for_lt_total_net
2024-12,Denmark,276,slt2_us_lt_total_net
2024-12,Ecuador,7,slt1_for_lt_total_net
2024-12,Ecuador,-133,slt2_us_lt_total_net
2024-12,Egypt,8,slt1_for_lt_total_net
2024-12,Egypt,-42,slt2_us_lt_total_net
2024-12,Finland,-1113,slt1_for_lt_total_net
2024-12,Finland,468,slt2_us_lt_total_net
2024-12,France,34091,slt1_for_lt_total_net
2024-12,France,-774,slt2_us_lt_total_net
2024-12,Germany,8701,slt1_for_lt_total_net
2024-12,Germany,1715,slt2_us_lt_total_net
2024-12,Grand Total,69170,slt1_for_lt_total_net
2024-12,Grand Total,10116,slt2_us_lt_total_net
2024-12,Greece,96,slt1_for_lt_total_net
2024-12,Greece,513,slt2_us_lt_total_net
2024-12,Guatemala,121,slt1_for_lt_total_net
2024-12,Guatemala,15,slt2_us_lt_total_net
2024-12,Guernsey,457,slt1_for_lt_total_net
2024-12,Guernsey,-495,slt2_us_lt_total_net
2024-12,Hong Kong,6044,slt1_for_lt_total_net
2024-12,Hong Kong,-447,slt2_us_lt_total_net
2024-12,Hungary,116,slt1_for_lt_total_net
2024-12,Hungary,-78,slt2_us_lt_total_net
2024-12,India,-10693,slt1_for_lt_total_net
2024-12,India,-770,slt2_us_lt_total_net
2024-12,Indonesia,-1294,slt1_for_lt_total_net
2024-12,Indonesia,-220,slt2_us_lt_total_net
2024-12,International,5717,slt1_for_lt_total_net
2024-12,International,486,slt2_us_lt_total_net
2024-12,Ireland,29709,slt1_for_lt_total_net
2024-12,Ireland,-1646,slt2_us_lt_total_net
2024-12,Israel,2822,slt1_for_lt_total_net
2024-12,Israel,500,slt2_us_lt_total_net
2024-12,Italy,4184,slt1_for_lt_total_net
2024-12,Italy,1805,slt2_us_lt_total_net
2024-12,Jamaica,23,slt1_for_lt_total_net
2024-12,Jamaica,-13,slt2_us_lt_total_net
2024-12,Japan,-9078,slt1_for_lt_total_net
2024-12,Japan,410,slt2_us_lt_total_net
2024-12,Jersey,-20,slt1_for_lt_total_net
2024-12,Jersey,1811,slt2_us_lt_total_net
2024-12,Kazakhstan,-59,slt1_for_lt_total_net
2024-12,Kazakhstan,138,slt2_us_lt_total_net
2024-12,"Korea, South",6774,slt1_for_lt_total_net
2024-12,"Korea, South",4,slt2_us_lt_total_net
2024-12,Kuwait,975,slt1_for_lt_total_net
2024-12,Kuwait,119,slt2_us_lt_total_net
2024-12,Lebanon,8,slt1_for_lt_total_net
2024-12,Lebanon,12,slt2_us_lt_total_net
2024-12,Liberia,-30,slt1_for_lt_total_net
2024-12,Liberia,-110,slt2_us_lt_total_net
2024-12,Luxembourg,7385,slt1_for_lt_total_net
2024-12,Luxembourg,3742,slt2_us_lt_total_net
2024-12,Malaysia,-1026,slt1_for_lt_total_net
2024-12,Malaysia,28,slt2_us_lt_total_net
2024-12,Mauritius,-78,slt1_for_lt_total_net
2024-12,Mauritius,-525,slt2_us_lt_total_net
2024-12,Memo: Euro Area,77824,slt1_for_lt_total_net
2024-12,Memo: Euro Area,11881,slt2_us_lt_total_net
2024-12,Memo: European Union,74954,slt1_for_lt_total_net
2024-12,Memo: European Union,12489,slt2_us_lt_total_net
2024-12,Mexico,1605,slt1_for_lt_total_net
2024-12,Mexico,1317,slt2_us_lt_total_net
2024-12,Monaco,105,slt1_for_lt_total_net
2024-12,Monaco,0,slt2_us_lt_total_net
2024-12,Morocco,49,slt1_for_lt_total_net
2024-12,Morocco,-20,slt2_us_lt_total_net
2024-12,Netherlands,-6754,slt1_for_lt_total_net
2024-12,Netherlands,3749,slt2_us_lt_total_net
2024-12,New Zealand,-285,slt1_for_lt_total_net
2024-12,New Zealand,134,slt2_us_lt_total_net
2024-12,Norway,-7635,slt1_for_lt_total_net
2024-12,Norway,243,slt2_us_lt_total_net
2024-12,Of Which: Asset-Backed Securities,10596,slt1_for_lt_total_net
2024-12,Of Which: Asset-Backed Securities,14313,slt2_us_lt_total_net
2024-12,Of Which: Depository Institutions,4260,slt1_for_lt_total_net
2024-12,Of Which: Depository Institutions,-2725,slt2_us_lt_total_net
2024-12,Of Which: Foreign Non-Official,118508,slt1_for_lt_total_net
2024-12,Of Which: Foreign Non-Official Asset-Backed Securities,13527,slt1_for_lt_total_net
2024-12,Of Which: Foreign Non-Official Depository Institutions,4398,slt1_for_lt_total_net
2024-12,Of Which: Foreign Non-Official Fund Shares,18653,slt1_for_lt_total_net
2024-12,Of Which: Foreign Non-Official Non-Financial Organizations,50589,slt1_for_lt_total_net
2024-12,Of Which: Foreign Non-Official Other Financial Organizations,42486,slt1_for_lt_total_net
2024-12,Of Which: Foreign Non-Official State & Local General Government,479,slt1_for_lt_total_net
2024-12,Of Which: Foreign Official,-49338,slt1_for_lt_total_net
2024-12,Of Which: Foreign Official Asset-Backed Securities,-2931,slt1_for_lt_total_net
2024-12,Of Which: Foreign Official Depository Institutions,-138,slt1_for_lt_total_net
2024-12,Of Which: Foreign Official Fund Shares,-3335,slt1_for_lt_total_net
2024-12,Of Which: Foreign Official Non-Financial Organizations,1214,slt1_for_lt_total_net
2024-12,Of Which: Foreign Official Other Financial Organizations,-7477,slt1_for_lt_total_net
2024-12,Of Which: Foreign Official State & Local General Government,-80,slt1_for_lt_total_net
2024-12,Of Which: Fund Shares,15318,slt1_for_lt_total_net
2024-12,Of Which: Fund Shares,-12977,slt2_us_lt_total_net
2024-12,Of Which: Non-Financial Organizations,51803,slt1_for_lt_total_net
2024-12,Of Which: Non-Financial Organizations,1372,slt2_us_lt_total_net
2024-12,Of Which: Other Financial Organizations,35009,slt1_for_lt_total_net
2024-12,Of Which: Other Financial Organizations,11178,slt2_us_lt_total_net
2024-12,Of Which: State & Local General Government,399,slt1_for_lt_total_net
2024-12,Pakistan,0,slt1_for_lt_total_net
2024-12,Pakistan,8,slt2_us_lt_total_net
2024-12,Panama,-476,slt1_for_lt_total_net
2024-12,Panama,-404,slt2_us_lt_total_net
2024-12,Peru,1352,slt1_for_lt_total_net
2024-12,Peru,480,slt2_us_lt_total_net
2024-12,Philippines,-1853,slt1_for_lt_total_net
2024-12,Philippines,106,slt2_us_lt_total_net
2024-12,Poland,-893,slt1_for_lt_total_net
2024-12,Poland,78,slt2_us_lt_total_net
2024-12,Portugal,-72,slt1_for_lt_total_net
2024-12,Portugal,110,slt2_us_lt_total_net
2024-12,Romania,-143,slt1_for_lt_total_net
2024-12,Romania,-193,slt2_us_lt_total_net
2024-12,Russia,12,slt1_for_lt_total_net
2024-12,Russia,7,slt2_us_lt_total_net
2024-12,Saint Kitts and Nevis,131,slt1_for_lt_total_net
2024-12,Saudi Arabia,1315,slt1_for_lt_total_net
2024-12,Serbia,106,slt1_for_lt_total_net
2024-12,Serbia,25,slt2_us_lt_total_net
2024-12,Singapore,13935,slt1_for_lt_total_net
2024-12,Singapore,-97,slt2_us_lt_total_net
2024-12,South Africa,287,slt1_for_lt_total_net
2024-12,South Africa,-167,slt2_us_lt_total_net
2024-12,Spain,-1705,slt1_for_lt_total_net
2024-12,Spain,1308,slt2_us_lt_total_net
2024-12,Sweden,-1684,slt1_for_lt_total_net
2024-12,Sweden,366,slt2_us_lt_total_net
2024-12,Switzerland,8466,slt1_for_lt_total_net
2024-12,Switzerland,-216,slt2_us_lt_total_net
2024-12,Syria,0,slt1_for_lt_total_net
2024-12,Taiwan,13124,slt1_for_lt_total_net
2024-12,Taiwan,-812,slt2_us_lt_total_net
2024-12,Thailand,22,slt1_for_lt_total_net
2024-12,Thailand,515,slt2_us_lt_total_net
2024-12,Total Africa,405,slt1_for_lt_total_net
2024-12,Total Africa,-506,slt2_us_lt_total_net
2024-12,Total Asia,1643,slt1_for_lt_total_net
2024-12,Total Asia,-2830,slt2_us_lt_total_net
2024-12,Total Caribbean,58959,slt1_for_lt_total_net
2024-12,Total Caribbean,-2310,slt2_us_lt_total_net
2024-12,Total Europe,18184,slt1_for_lt_total_net
2024-12,Total Europe,12969,slt2_us_lt_total_net
2024-12,Total IROs,6201,slt1_for_lt_total_net
2024-12,Total IROs,-390,slt2_us_lt_total_net
2024-12,Total Latin America,-23326,slt1_for_lt_total_net
2024-12,Total Latin America,-1396,slt2_us_lt_total_net
2024-12,Total Other,8425,slt1_for_lt_total_net
2024-12,Total Other,588,slt2_us_lt_total_net
2024-12,Total Regional Orgs.,484,slt1_for_lt_total_net
2024-12,Total Regional Orgs.,-876,slt2_us_lt_total_net
2024-12,Trinidad and Tobago,103,slt1_for_lt_total_net
2024-12,Trinidad and Tobago,-11,slt2_us_lt_total_net
2024-12,Turkey,372,slt1_for_lt_total_net
2024-12,Turkey,147,slt2_us_lt_total_net
2024-12,Ukraine,1356,slt1_for_lt_total_net
2024-12,Ukraine,-13,slt2_us_lt_total_net
2024-12,United Arab Emirates,-6552,slt1_for_lt_total_net
2024-12,United Arab Emirates,587,slt2_us_lt_total_net
2024-12,United Kingdom,-60066,slt1_for_lt_total_net
2024-12,United Kingdom,-1100,slt2_us_lt_total_net
2024-12,Uruguay,239,slt1_for_lt_total_net
2024-12,Uruguay,-60,slt2_us_lt_total_net
2024-12,Venezuela,35,slt1_for_lt_total_net
2024-12,Venezuela,-10,slt2_us_lt_total_net
2025-01,All Countries,1279,slt1_for_lt_total_net
2025-01,All Countries,36592,slt2_us_lt_total_net
2025-01,Anguilla,30,slt1_for_lt_total_net
2025-01,Argentina,468,slt1_for_lt_total_net
2025-01,Argentina,-119,slt2_us_lt_total_net
2025-01,Aruba,2,slt1_for_lt_total_net
2025-01,Aruba,-2,slt2_us_lt_total_net
2025-01,Australia,-7842,slt1_for_lt_total_net
2025-01,Australia,368,slt2_us_lt_total_net
2025-01,Austria,-1272,slt1_for_lt_total_net
2025-01,Austria,537,slt2_us_lt_total_net
2025-01,Bahamas,-726,slt1_for_lt_total_net
2025-01,Bahamas,2,slt2_us_lt_total_net
2025-01,Barbados,18,slt1_for_lt_total_net
2025-01,Barbados,-4,slt2_us_lt_total_net
2025-01,Belgium,-3517,slt1_for_lt_total_net
2025-01,Belgium,-708,slt2_us_lt_total_net
2025-01,Bermuda,302,slt1_for_lt_total_net
2025-01,Bermuda,1793,slt2_us_lt_total_net
2025-01,Brazil,-3380,slt1_for_lt_total_net
2025-01,Brazil,8,slt2_us_lt_total_net
2025-01,British Virgin Islands,3178,slt1_for_lt_total_net
2025-01,British Virgin Islands,-663,slt2_us_lt_total_net
2025-01,Bulgaria,563,slt1_for_lt_total_net
2025-01,Bulgaria,-99,slt2_us_lt_total_net
2025-01,Canada,-87238,slt1_for_lt_total_net
2025-01,Canada,7750,slt2_us_lt_total_net
2025-01,Cayman Islands,-2836,slt1_for_lt_total_net
2025-01,Cayman Islands,-19534,slt2_us_lt_total_net
2025-01,Chile,2763,slt1_for_lt_total_net
2025-01,Chile,295,slt2_us_lt_total_net
2025-01,"China, Mainland",-23032,slt1_for_lt_total_net
2025-01,"China, Mainland",-1513,slt2_us_lt_total_net
2025-01,Colombia,3129,slt1_for_lt_total_net
2025-01,Colombia,-317,slt2_us_lt_total_net
2025-01,Costa Rica,-227,slt1_for_lt_total_net
2025-01,Costa Rica,73,slt2_us_lt_total_net
2025-01,Cuba,-2,slt1_for_lt_total_net
2025-01,Cuba,0,slt2_us_lt_total_net
2025-01,Curacao,-26,slt1_for_lt_total_net
2025-01,Curacao,247,slt2_us_lt_total_net
2025-01,Cyprus,196,slt1_for_lt_total_net
2025-01,Cyprus,14,slt2_us_lt_total_net
2025-01,Czech Republic,201,slt1_for_lt_total_net
2025-01,Czech Republic,-37,slt2_us_lt_total_net
2025-01,Denmark,-650,slt1_for_lt_total_net
2025-01,Denmark,-1123,slt2_us_lt_total_net
2025-01,Ecuador,22,slt1_for_lt_total_net
2025-01,Ecuador,-54,slt2_us_lt_total_net
2025-01,Egypt,12,slt1_for_lt_total_net
2025-01,Egypt,54,slt2_us_lt_total_net
2025-01,Finland,2593,slt1_for_lt_total_net
2025-01,Finland,480,slt2_us_lt_total_net
2025-01,France,2937,slt1_for_lt_total_net
2025-01,France,8176,slt2_us_lt_total_net
2025-01,Germany,2617,slt1_for_lt_total_net
2025-01,Germany,825,slt2_us_lt_total_net
2025-01,Grand Total,1822,slt1_for_lt_total_net
2025-01,Grand Total,41556,slt2_us_lt_total_net
2025-01,Greece,-33,slt1_for_lt_total_net
2025-01,Greece,536,slt2_us_lt_total_net
2025-01,Guatemala,-298,slt1_for_lt_total_net
2025-01,Guatemala,7,slt2_us_lt_total_net
2025-01,Guernsey,51,slt1_for_lt_total_net
2025-01,Guernsey,-299,slt2_us_lt_total_net
2025-01,Hong Kong,8743,slt1_for_lt_total_net
2025-01,Hong Kong,-266,slt2_us_lt_total_net
2025-01,Hungary,12,slt1_for_lt_total_net
2025-01,Hungary,243,slt2_us_lt_total_net
2025-01,India,-3555,slt1_for_lt_total_net
2025-01,India,-4298,slt2_us_lt_total_net
2025-01,Indonesia,187,slt1_for_lt_total_net
2025-01,Indonesia,331,slt2_us_lt_total_net
2025-01,International,-118,slt1_for_lt_total_net
2025-01,International,1340,slt2_us_lt_total_net
2025-01,Ireland,14361,slt1_for_lt_total_net
2025-01,Ireland,2552,slt2_us_lt_total_net
2025-01,Israel,3326,slt1_for_lt_total_net
2025-01,Israel,-55,slt2_us_lt_total_net
2025-01,Italy,-1205,slt1_for_lt_total_net
2025-01,Italy,555,slt2_us_lt_total_net
2025-01,Jamaica,-27,slt1_for_lt_total_net
2025-01,Jamaica,-12,slt2_us_lt_total_net
2025-01,Japan,10785,slt1_for_lt_total_net
2025-01,Japan,8332,slt2_us_lt_total_net
2025-01,Jersey,-124,slt1_for_lt_total_net
2025-01,Jersey,-691,slt2_us_lt_total_net
2025-01,Kazakhstan,171,slt1_for_lt_total_net
2025-01,Kazakhstan,38,slt2_us_lt_total_net
2025-01,"Korea, South",-837,slt1_for_lt_total_net
2025-01,"Korea, South",2149,slt2_us_lt_total_net
2025-01,Kuwait,-3076,slt1_for_lt_total_net
2025-01,Kuwait,56,slt2_us_lt_total_net
2025-01,Lebanon,-12,slt1_for_lt_total_net
2025-01,Lebanon,28,slt2_us_lt_total_net
2025-01,Liberia,-6,slt1_for_lt_total_net
2025-01,Liberia,-766,slt2_us_lt_total_net
2025-01,Luxembourg,-835,slt1_for_lt_total_net
2025-01,Luxembourg,-797,slt2_us_lt_total_net
2025-01,Malaysia,386,slt1_for_lt_total_net
2025-01,Malaysia,-150,slt2_us_lt_total_net
2025-01,Mauritius,14,slt1_for_lt_total_net
2025-01,Mauritius,-411,slt2_us_lt_total_net
2025-01,Memo: Euro Area,21309,slt1_for_lt_total_net
2025-01,Memo: Euro Area,14813,slt2_us_lt_total_net
2025-01,Memo: European Union,22689,slt1_for_lt_total_net
2025-01,Memo: European Union,15092,slt2_us_lt_total_net
2025-01,Mexico,892,slt1_for_lt_total_net
2025-01,Mexico,11370,slt2_us_lt_total_net
2025-01,Monaco,122,slt1_for_lt_total_net
2025-01,Monaco,0,slt2_us_lt_total_net
2025-01,Morocco,166,slt1_for_lt_total_net
2025-01,Morocco,8,slt2_us_lt_total_net
2025-01,Netherlands,4202,slt1_for_lt_total_net
2025-01,Netherlands,630,slt2_us_lt_total_net
2025-01,New Zealand,-507,slt1_for_lt_total_net
2025-01,New Zealand,153,slt2_us_lt_total_net
2025-01,Norway,5088,slt1_for_lt_total_net
2025-01,Norway,-325,slt2_us_lt_total_net
2025-01,Of Which: Asset-Backed Securities,429,slt1_for_lt_total_net
2025-01,Of Which: Asset-Backed Securities,-9769,slt2_us_lt_total_net
2025-01,Of Which: Depository Institutions,886,slt1_for_lt_total_net
2025-01,Of Which: Depository Institutions,5087,slt2_us_lt_total_net
2025-01,Of Which: Foreign Non-Official,62197,slt1_for_lt_total_net
2025-01,Of Which: Foreign Non-Official Asset-Backed Securities,3896,slt1_for_lt_total_net
2025-01,Of Which: Foreign Non-Official Depository Institutions,373,slt1_for_lt_total_net
2025-01,Of Which: Foreign Non-Official Fund Shares,-4352,slt1_for_lt_total_net
2025-01,Of Which: Foreign Non-Official Non-Financial Organizations,4937,slt1_for_lt_total_net
2025-01,Of Which: Foreign Non-Official Other Financial Organizations,33174,slt1_for_lt_total_net
2025-01,Of Which: Foreign Non-Official State & Local General Government,-1564,slt1_for_lt_total_net
2025-01,Of Which: Foreign Official,-60375,slt1_for_lt_total_net
2025-01,Of Which: Foreign Official Asset-Backed Securities,-3467,slt1_for_lt_total_net
2025-01,Of Which: Foreign Official Depository Institutions,513,slt1_for_lt_total_net
2025-01,Of Which: Foreign Official Fund Shares,1409,slt1_for_lt_total_net
2025-01,Of Which: Foreign Official Non-Financial Organizations,-31082,slt1_for_lt_total_net
2025-01,Of Which: Foreign Official Other Financial Organizations,809,slt1_for_lt_total_net
2025-01,Of Which: Foreign Official State & Local General Government,24,slt1_for_lt_total_net
2025-01,Of Which: Fund Shares,-2943,slt1_for_lt_total_net
2025-01,Of Which: Fund Shares,-2157,slt2_us_lt_total_net
2025-01,Of Which: Non-Financial Organizations,-26145,slt1_for_lt_total_net
2025-01,Of Which: Non-Financial Organizations,14195,slt2_us_lt_total_net
2025-01,Of Which: Other Financial Organizations,33983,slt1_for_lt_total_net
2025-01,Of Which: Other Financial Organizations,22111,slt2_us_lt_total_net
2025-01,Of Which: State & Local General Government,-1540,slt1_for_lt_total_net
2025-01,Pakistan,0,slt1_for_lt_total_net
2025-01,Pakistan,26,slt2_us_lt_total_net
2025-01,Panama,186,slt1_for_lt_total_net
2025-01,Panama,169,slt2_us_lt_total_net
2025-01,Peru,-483,slt1_for_lt_total_net
2025-01,Peru,558,slt2_us_lt_total_net
2025-01,Philippines,-5083,slt1_for_lt_total_net
2025-01,Philippines,-100,slt2_us_lt_total_net
2025-01,Poland,737,slt1_for_lt_total_net
2025-01,Poland,810,slt2_us_lt_total_net
2025-01,Portugal,64,slt1_for_lt_total_net
2025-01,Portugal,8,slt2_us_lt_total_net
2025-01,Romania,-332,slt1_for_lt_total_net
2025-01,Romania,-250,slt2_us_lt_total_net
2025-01,Russia,8,slt1_for_lt_total_net
2025-01,Russia,-4,slt2_us_lt_total_net
2025-01,Saint Kitts and Nevis,123,slt1_for_lt_total_net
2025-01,Saudi Arabia,-6637,slt1_for_lt_total_net
2025-01,Serbia,20,slt1_for_lt_total_net
2025-01,Serbia,2,slt2_us_lt_total_net
2025-01,Singapore,3308,slt1_for_lt_total_net
2025-01,Singapore,-374,slt2_us_lt_total_net
2025-01,South Africa,176,slt1_for_lt_total_net
2025-01,South Africa,235,slt2_us_lt_total_net
2025-01,Spain,1013,slt1_for_lt_total_net
2025-01,Spain,1886,slt2_us_lt_total_net
2025-01,Sweden,849,slt1_for_lt_total_net
2025-01,Sweden,735,slt2_us_lt_total_net
2025-01,Switzerland,15500,slt1_for_lt_total_net
2025-01,Switzerland,2592,slt2_us_lt_total_net
2025-01,Syria,0,slt1_for_lt_total_net
2025-01,Taiwan,13410,slt1_for_lt_total_net
2025-01,Taiwan,424,slt2_us_lt_total_net
2025-01,Thailand,839,slt1_for_lt_total_net
2025-01,Thailand,46,slt2_us_lt_total_net
2025-01,Total Africa,331,slt1_for_lt_total_net
2025-01,Total Africa,-375,slt2_us_lt_total_net
2025-01,Total Asia,-5642,slt1_for_lt_total_net
2025-01,Total Asia,8296,slt2_us_lt_total_net
2025-01,Total Caribbean,-313,slt1_for_lt_total_net
2025-01,Total Caribbean,-18299,slt2_us_lt_total_net
2025-01,Total Europe,98321,slt1_for_lt_total_net
2025-01,Total Europe,26623,slt2_us_lt_total_net
2025-01,Total IROs,543,slt1_for_lt_total_net
2025-01,Total IROs,4964,slt2_us_lt_total_net
2025-01,Total Latin America,3758,slt1_for_lt_total_net
2025-01,Total Latin America,12020,slt2_us_lt_total_net
2025-01,Total Other,-8219,slt1_for_lt_total_net
2025-01,Total Other,577,slt2_us_lt_total_net
2025-01,Total Regional Orgs.,661,slt1_for_lt_total_net
2025-01,Total Regional Orgs.,3624,slt2_us_lt_total_net
2025-01,Trinidad and Tobago,71,slt1_for_lt_total_net
2025-01,Trinidad and Tobago,-2,slt2_us_lt_total_net
2025-01,Turkey,2316,slt1_for_lt_total_net
2025-01,Turkey,611,slt2_us_lt_total_net
2025-01,Ukraine,-630,slt1_for_lt_total_net
2025-01,Ukraine,-58,slt2_us_lt_total_net
2025-01,United Arab Emirates,-4670,slt1_for_lt_total_net
2025-01,United Arab Emirates,168,slt2_us_lt_total_net
2025-01,United Kingdom,54128,slt1_for_lt_total_net
2025-01,United Kingdom,9888,slt2_us_lt_total_net
2025-01,Uruguay,402,slt1_for_lt_total_net
2025-01,Uruguay,-16,slt2_us_lt_total_net
2025-01,Venezuela,24,slt1_for_lt_total_net
2025-01,Venezuela,10,slt2_us_lt_total_net
2025-02,All Countries,140000,slt1_for_lt_total_net
2025-02,All Countries,37081,slt2_us_lt_total_net
2025-02,Anguilla,-139,slt1_for_lt_total_net
2025-02,Argentina,310,slt1_for_lt_total_net
2025-02,Argentina,-211,slt2_us_lt_total_net
2025-02,Aruba,9,slt1_for_lt_total_net
2025-02,Aruba,2,slt2_us_lt_total_net
2025-02,Australia,730,slt1_for_lt_total_net
2025-02,Australia,-478,slt2_us_lt_total_net
2025-02,Austria,1087,slt1_for_lt_total_net
2025-02,Austria,-250,slt2_us_lt_total_net
2025-02,Bahamas,-253,slt1_for_lt_total_net
2025-02,Bahamas,63,slt2_us_lt_total_net
2025-02,Barbados,-204,slt1_for_lt_total_net
2025-02,Barbados,-7,slt2_us_lt_total_net
2025-02,Belgium,-782,slt1_for_lt_total_net
2025-02,Belgium,859,slt2_us_lt_total_net
2025-02,Bermuda,7701,slt1_for_lt_total_net
2025-02,Bermuda,-1910,slt2_us_lt_total_net
2025-02,Brazil,1862,slt1_for_lt_total_net
2025-02,Brazil,2184,slt2_us_lt_total_net
2025-02,British Virgin Islands,-378,slt1_for_lt_total_net
2025-02,British Virgin Islands,-35,slt2_us_lt_total_net
2025-02,Bulgaria,-114,slt1_for_lt_total_net
2025-02,Bulgaria,15,slt2_us_lt_total_net
2025-02,Canada,82699,slt1_for_lt_total_net
2025-02,Canada,6709,slt2_us_lt_total_net
2025-02,Cayman Islands,32833,slt1_for_lt_total_net
2025-02,Cayman Islands,1674,slt2_us_lt_total_net
2025-02,Chile,916,slt1_for_lt_total_net
2025-02,Chile,-196,slt2_us_lt_total_net
2025-02,"China, Mainland",-15529,slt1_for_lt_total_net
2025-02,"China, Mainland",1757,slt2_us_lt_total_net
2025-02,Colombia,1414,slt1_for_lt_total_net
2025-02,Colombia,-178,slt2_us_lt_total_net
2025-02,Costa Rica,258,slt1_for_lt_total_net
2025-02,Costa Rica,-30,slt2_us_lt_total_net
2025-02,Cuba,0,slt1_for_lt_total_net
2025-02,Cuba,0,slt2_us_lt_total_net
2025-02,Curacao,-45,slt1_for_lt_total_net
2025-02,Curacao,241,slt2_us_lt_total_net
2025-02,Cyprus,140,slt1_for_lt_total_net
2025-02,Cyprus,-44,slt2_us_lt_total_net
2025-02,Czech Republic,232,slt1_for_lt_total_net
2025-02,Czech Republic,-40,slt2_us_lt_total_net
2025-02,Denmark,1362,slt1_for_lt_total_net
2025-02,Denmark,-726,slt2_us_lt_total_net
2025-02,Ecuador,-40,slt1_for_lt_total_net
2025-02,Ecuador,-104,slt2_us_lt_total_net
2025-02,Egypt,52,slt1_for_lt_total_net
2025-02,Egypt,368,slt2_us_lt_total_net
2025-02,Finland,-309,slt1_for_lt_total_net
2025-02,Finland,-27,slt2_us_lt_total_net
2025-02,France,2602,slt1_for_lt_total_net
2025-02,France,893,slt2_us_lt_total_net
2025-02,Germany,-5405,slt1_for_lt_total_net
2025-02,Germany,1712,slt2_us_lt_total_net
2025-02,Grand Total,141739,slt1_for_lt_total_net
2025-02,Grand Total,38590,slt2_us_lt_total_net
2025-02,Greece,-32,slt1_for_lt_total_net
2025-02,Greece,166,slt2_us_lt_total_net
2025-02,Guatemala,-267,slt1_for_lt_total_net
2025-02,Guatemala,28,slt2_us_lt_total_net
2025-02,Guernsey,154,slt1_for_lt_total_net
2025-02,Guernsey,187,slt2_us_lt_total_net
2025-02,Hong Kong,5616,slt1_for_lt_total_net
2025-02,Hong Kong,-402,slt2_us_lt_total_net
2025-02,Hungary,-19,slt1_for_lt_total_net
2025-02,Hungary,-68,slt2_us_lt_total_net
2025-02,India,-1792,slt1_for_lt_total_net
2025-02,India,-628,slt2_us_lt_total_net
2025-02,Indonesia,-755,slt1_for_lt_total_net
2025-02,Indonesia,-526,slt2_us_lt_total_net
2025-02,International,791,slt1_for_lt_total_net
2025-02,International,695,slt2_us_lt_total_net
2025-02,Ireland,4012,slt1_for_lt_total_net
2025-02,Ireland,153,slt2_us_lt_total_net
2025-02,Israel,-2335,slt1_for_lt_total_net
2025-02,Israel,1206,slt2_us_lt_total_net
2025-02,Italy,503,slt1_for_lt_total_net
2025-02,Italy,1149,slt2_us_lt_total_net
2025-02,Jamaica,37,slt1_for_lt_total_net
2025-02,Jamaica,-3,slt2_us_lt_total_net
2025-02,Japan,24896,slt1_for_lt_total_net
2025-02,Japan,3152,slt2_us_lt_total_net
2025-02,Jersey,68,slt1_for_lt_total_net
2025-02,Jersey,2158,slt2_us_lt_total_net
2025-02,Kazakhstan,58,slt1_for_lt_total_net
2025-02,Kazakhstan,190,slt2_us_lt_total_net
2025-02,"Korea, South",-4561,slt1_for_lt_total_net
2025-02,"Korea, South",-712,slt2_us_lt_total_net
2025-02,Kuwait,-4099,slt1_for_lt_total_net
2025-02,Kuwait,130,slt2_us_lt_total_net
2025-02,Lebanon,8,slt1_for_lt_total_net
2025-02,Lebanon,26,slt2_us_lt_total_net
2025-02,Liberia,-7,slt1_for_lt_total_net
2025-02,Liberia,-677,slt2_us_lt_total_net
2025-02,Luxembourg,9964,slt1_for_lt_total_net
2025-02,Luxembourg,1418,slt2_us_lt_total_net
2025-02,Malaysia,-220,slt1_for_lt_total_net
2025-02,Malaysia,-208,slt2_us_lt_total_net
2025-02,Mauritius,114,slt1_for_lt_total_net
2025-02,Mauritius,-67,slt2_us_lt_total_net
2025-02,Memo: Euro Area,15338,slt1_for_lt_total_net
2025-02,Memo: Euro Area,9664,slt2_us_lt_total_net
2025-02,Memo: European Union,13325,slt1_for_lt_total_net
2025-02,Memo: European Union,11570,slt2_us_lt_total_net
2025-02,Mexico,1715,slt1_for_lt_total_net
2025-02,Mexico,712,slt2_us_lt_total_net
2025-02,Monaco,-21,slt1_for_lt_total_net
2025-02,Monaco,0,slt2_us_lt_total_net
2025-02,Morocco,83,slt1_for_lt_total_net
2025-02,Morocco,100,slt2_us_lt_total_net
2025-02,Netherlands,2358,slt1_for_lt_total_net
2025-02,Netherlands,3210,slt2_us_lt_total_net
2025-02,New Zealand,-1134,slt1_for_lt_total_net
2025-02,New Zealand,140,slt2_us_lt_total_net
2025-02,Norway,4169,slt1_for_lt_total_net
2025-02,Norway,-49,slt2_us_lt_total_net
2025-02,Of Which: Asset-Backed Securities,1768,slt1_for_lt_total_net
2025-02,Of Which: Asset-Backed Securities,-7419,slt2_us_lt_total_net
2025-02,Of Which: Depository Institutions,2393,slt1_for_lt_total_net
2025-02,Of Which: Depository Institutions,-4578,slt2_us_lt_total_net
2025-02,Of Which: Foreign Non-Official,164517,slt1_for_lt_total_net
2025-02,Of Which: Foreign Non-Official Asset-Backed Securities,7648,slt1_for_lt_total_net
2025-02,Of Which: Foreign Non-Official Depository Institutions,2532,slt1_for_lt_total_net
2025-02,Of Which: Foreign Non-Official Fund Shares,9526,slt1_for_lt_total_net
2025-02,Of Which: Foreign Non-Official Non-Financial Organizations,13194,slt1_for_lt_total_net
2025-02,Of Which: Foreign Non-Official Other Financial Organizations,15208,slt1_for_lt_total_net
2025-02,Of Which: Foreign Non-Official State & Local General Government,-757,slt1_for_lt_total_net
2025-02,Of Which: Foreign Official,-22778,slt1_for_lt_total_net
2025-02,Of Which: Foreign Official Asset-Backed Securities,-5880,slt1_for_lt_total_net
2025-02,Of Which: Foreign Official Depository Institutions,-139,slt1_for_lt_total_net
2025-02,Of Which: Foreign Official Fund Shares,69,slt1_for_lt_total_net
2025-02,Of Which: Foreign Official Non-Financial Organizations,1079,slt1_for_lt_total_net
2025-02,Of Which: Foreign Official Other Financial Organizations,5950,slt1_for_lt_total_net
2025-02,Of Which: Foreign Official State & Local General Government,164,slt1_for_lt_total_net
2025-02,Of Which: Fund Shares,9595,slt1_for_lt_total_net
2025-02,Of Which: Fund Shares,5123,slt2_us_lt_total_net
2025-02,Of Which: Non-Financial Organizations,14273,slt1_for_lt_total_net
2025-02,Of Which: Non-Financial Organizations,12733,slt2_us_lt_total_net
2025-02,Of Which: Other Financial Organizations,21158,slt1_for_lt_total_net
2025-02,Of Which: Other Financial Organizations,29657,slt2_us_lt_total_net
2025-02,Of Which: State & Local General Government,-593,slt1_for_lt_total_net
2025-02,Pakistan,-6,slt1_for_lt_total_net
2025-02,Pakistan,13,slt2_us_lt_total_net
2025-02,Panama,941,slt1_for_lt_total_net
2025-02,Panama,1182,slt2_us_lt_total_net
2025-02,Peru,-407,slt1_for_lt_total_net
2025-02,Peru,526,slt2_us_lt_total_net
2025-02,Philippines,1490,slt1_for_lt_total_net
2025-02,Philippines,1374,slt2_us_lt_total_net
2025-02,Poland,-1732,slt1_for_lt_total_net
2025-02,Poland,1715,slt2_us_lt_total_net
2025-02,Portugal,195,slt1_for_lt_total_net
2025-02,Portugal,-196,slt2_us_lt_total_net
2025-02,Romania,891,slt1_for_lt_total_net
2025-02,Romania,961,slt2_us_lt_total_net
2025-02,Russia,-12,slt1_for_lt_total_net
2025-02,Russia,-6,slt2_us_lt_total_net
2025-02,Saint Kitts and Nevis,104,slt1_for_lt_total_net
2025-02,Saudi Arabia,-4014,slt1_for_lt_total_net
2025-02,Serbia,-71,slt1_for_lt_total_net
2025-02,Serbia,-98,slt2_us_lt_total_net
2025-02,Singapore,292,slt1_for_lt_total_net
2025-02,Singapore,-78,slt2_us_lt_total_net
2025-02,South Africa,-370,slt1_for_lt_total_net
2025-02,South Africa,-321,slt2_us_lt_total_net
2025-02,Spain,1054,slt1_for_lt_total_net
2025-02,Spain,462,slt2_us_lt_total_net
2025-02,Sweden,-2633,slt1_for_lt_total_net
2025-02,Sweden,49,slt2_us_lt_total_net
2025-02,Switzerland,-28166,slt1_for_lt_total_net
2025-02,Switzerland,3224,slt2_us_lt_total_net
2025-02,Syria,0,slt1_for_lt_total_net
2025-02,Taiwan,-2581,slt1_for_lt_total_net
2025-02,Taiwan,-1853,slt2_us_lt_total_net
2025-02,Thailand,-299,slt1_for_lt_total_net
2025-02,Thailand,-178,slt2_us_lt_total_net
2025-02,Total Africa,-574,slt1_for_lt_total_net
2025-02,Total Africa,-424,slt2_us_lt_total_net
2025-02,Total Asia,1030,slt1_for_lt_total_net
2025-02,Total Asia,4523,slt2_us_lt_total_net
2025-02,Total Caribbean,39770,slt1_for_lt_total_net
2025-02,Total Caribbean,975,slt2_us_lt_total_net
2025-02,Total Europe,9975,slt1_for_lt_total_net
2025-02,Total Europe,21287,slt2_us_lt_total_net
2025-02,Total IROs,1739,slt1_for_lt_total_net
2025-02,Total IROs,1509,slt2_us_lt_total_net
2025-02,Total Latin America,7023,slt1_for_lt_total_net
2025-02,Total Latin America,4318,slt2_us_lt_total_net
2025-02,Total Other,-227,slt1_for_lt_total_net
2025-02,Total Other,-307,slt2_us_lt_total_net
2025-02,Total Regional Orgs.,948,slt1_for_lt_total_net
2025-02,Total Regional Orgs.,814,slt2_us_lt_total_net
2025-02,Trinidad and Tobago,112,slt1_for_lt_total_net
2025-02,Trinidad and Tobago,194,slt2_us_lt_total_net
2025-02,Turkey,916,slt1_for_lt_total_net
2025-02,Turkey,329,slt2_us_lt_total_net
2025-02,Ukraine,1080,slt1_for_lt_total_net
2025-02,Ukraine,-35,slt2_us_lt_total_net
2025-02,United Arab Emirates,5249,slt1_for_lt_total_net
2025-02,United Arab Emirates,1087,slt2_us_lt_total_net
2025-02,United Kingdom,18422,slt1_for_lt_total_net
2025-02,United Kingdom,3430,slt2_us_lt_total_net
2025-02,Uruguay,-159,slt1_for_lt_total_net
2025-02,Uruguay,476,slt2_us_lt_total_net
2025-02,Venezuela,53,slt1_for_lt_total_net
2025-02,Venezuela,-78,slt2_us_lt_total_net
2025-03,All Countries,179135,slt1_for_lt_total_net
2025-03,All Countries,17380,slt2_us_lt_total_net
2025-03,Anguilla,-114,slt1_for_lt_total_net
2025-03,Argentina,76,slt1_for_lt_total_net
2025-03,Argentina,-174,slt2_us_lt_total_net
2025-03,Aruba,30,slt1_for_lt_total_net
2025-03,Aruba,0,slt2_us_lt_total_net
2025-03,Australia,-6142,slt1_for_lt_total_net
2025-03,Australia,-324,slt2_us_lt_total_net
2025-03,Austria,489,slt1_for_lt_total_net
2025-03,Austria,59,slt2_us_lt_total_net
2025-03,Bahamas,123,slt1_for_lt_total_net
2025-03,Bahamas,96,slt2_us_lt_total_net
2025-03,Barbados,-68,slt1_for_lt_total_net
2025-03,Barbados,16,slt2_us_lt_total_net
2025-03,Belgium,-6633,slt1_for_lt_total_net
2025-03,Belgium,133,slt2_us_lt_total_net
2025-03,Bermuda,-2009,slt1_for_lt_total_net
2025-03,Bermuda,-791,slt2_us_lt_total_net
2025-03,Brazil,154,slt1_for_lt_total_net
2025-03,Brazil,1004,slt2_us_lt_total_net
2025-03,British Virgin Islands,-196,slt1_for_lt_total_net
2025-03,British Virgin Islands,-140,slt2_us_lt_total_net
2025-03,Bulgaria,48,slt1_for_lt_total_net
2025-03,Bulgaria,-17,slt2_us_lt_total_net
2025-03,Canada,11740,slt1_for_lt_total_net
2025-03,Canada,-612,slt2_us_lt_total_net
2025-03,Cayman Islands,32281,slt1_for_lt_total_net
2025-03,Cayman Islands,13000,slt2_us_lt_total_net
2025-03,Chile,1313,slt1_for_lt_total_net
2025-03,Chile,-338,slt2_us_lt_total_net
2025-03,"China, Mainland",-27865,slt1_for_lt_total_net
2025-03,"China, Mainland",5707,slt2_us_lt_total_net
2025-03,Colombia,-379,slt1_for_lt_total_net
2025-03,Colombia,-84,slt2_us_lt_total_net
2025-03,Costa Rica,175,slt1_for_lt_total_net
2025-03,Costa Rica,-28,slt2_us_lt_total_net
2025-03,Cuba,-1,slt1_for_lt_total_net
2025-03,Cuba,0,slt2_us_lt_total_net
2025-03,Curacao,-88,slt1_for_lt_total_net
2025-03,Curacao,996,slt2_us_lt_total_net
2025-03,Cyprus,368,slt1_for_lt_total_net
2025-03,Cyprus,37,slt2_us_lt_total_net
2025-03,Czech Republic,-499,slt1_for_lt_total_net
2025-03,Czech Republic,-200,slt2_us_lt_total_net
2025-03,Denmark,-8040,slt1_for_lt_total_net
2025-03,Denmark,-1163,slt2_us_lt_total_net
2025-03,Ecuador,33,slt1_for_lt_total_net
2025-03,Ecuador,-38,slt2_us_lt_total_net
2025-03,Egypt,-16,slt1_for_lt_total_net
2025-03,Egypt,282,slt2_us_lt_total_net
2025-03,Finland,2129,slt1_for_lt_total_net
2025-03,Finland,505,slt2_us_lt_total_net
2025-03,France,27362,slt1_for_lt_total_net
2025-03,France,-2668,slt2_us_lt_total_net
2025-03,Germany,11582,slt1_for_lt_total_net
2025-03,Germany,-2483,slt2_us_lt_total_net
2025-03,Grand Total,183047,slt1_for_lt_total_net
2025-03,Grand Total,21906,slt2_us_lt_total_net
2025-03,Greece,-120,slt1_for_lt_total_net
2025-03,Greece,394,slt2_us_lt_total_net
2025-03,Guatemala,44,slt1_for_lt_total_net
2025-03,Guatemala,-25,slt2_us_lt_total_net
2025-03,Guernsey,342,slt1_for_lt_total_net
2025-03,Guernsey,355,slt2_us_lt_total_net
2025-03,Hong Kong,-10990,slt1_for_lt_total_net
2025-03,Hong Kong,642,slt2_us_lt_total_net
2025-03,Hungary,-13,slt1_for_lt_total_net
2025-03,Hungary,-153,slt2_us_lt_total_net
2025-03,India,9296,slt1_for_lt_total_net
2025-03,India,2097,slt2_us_lt_total_net
2025-03,Indonesia,511,slt1_for_lt_total_net
2025-03,Indonesia,-998,slt2_us_lt_total_net
2025-03,International,3791,slt1_for_lt_total_net
2025-03,International,4291,slt2_us_lt_total_net
2025-03,Ireland,11124,slt1_for_lt_total_net
2025-03,Ireland,4938,slt2_us_lt_total_net
2025-03,Israel,-346,slt1_for_lt_total_net
2025-03,Israel,92,slt2_us_lt_total_net
2025-03,Italy,-212,slt1_for_lt_total_net
2025-03,Italy,-1224,slt2_us_lt_total_net
2025-03,Jamaica,17,slt1_for_lt_total_net
2025-03,Jamaica,-6,slt2_us_lt_total_net
2025-03,Japan,21190,slt1_for_lt_total_net
2025-03,Japan,-2861,slt2_us_lt_total_net
2025-03,Jersey,-535,slt1_for_lt_total_net
2025-03,Jersey,-5128,slt2_us_lt_total_net
2025-03,Kazakhstan,238,slt1_for_lt_total_net
2025-03,Kazakhstan,182,slt2_us_lt_total_net
2025-03,"Korea, South",6903,slt1_for_lt_total_net
2025-03,"Korea, South",1615,slt2_us_lt_total_net
2025-03,Kuwait,2542,slt1_for_lt_total_net
2025-03,Kuwait,86,slt2_us_lt_total_net
2025-03,Lebanon,1,slt1_for_lt_total_net
2025-03,Lebanon,-1,slt2_us_lt_total_net
2025-03,Liberia,18,slt1_for_lt_total_net
2025-03,Liberia,302,slt2_us_lt_total_net
2025-03,Luxembourg,-12091,slt1_for_lt_total_net
2025-03,Luxembourg,569,slt2_us_lt_total_net
2025-03,Malaysia,1506,slt1_for_lt_total_net
2025-03,Malaysia,-263,slt2_us_lt_total_net
2025-03,Mauritius,89,slt1_for_lt_total_net
2025-03,Mauritius,27,slt2_us_lt_total_net
2025-03,Memo: Euro Area,42648,slt1_for_lt_total_net
2025-03,Memo: Euro Area,363,slt2_us_lt_total_net
2025-03,Memo: European Union,35658,slt1_for_lt_total_net
2025-03,Memo: European Union,-2072,slt2_us_lt_total_net
2025-03,Mexico,-9186,slt1_for_lt_total_net
2025-03,Mexico,-1497,slt2_us_lt_total_net
2025-03,Monaco,93,slt1_for_lt_total_net
2025-03,Monaco,0,slt2_us_lt_total_net
2025-03,Morocco,192,slt1_for_lt_total_net
2025-03,Morocco,68,slt2_us_lt_total_net
2025-03,Netherlands,8578,slt1_for_lt_total_net
2025-03,Netherlands,-1249,slt2_us_lt_total_net
2025-03,New Zealand,1140,slt1_for_lt_total_net
2025-03,New Zealand,306,slt2_us_lt_total_net
2025-03,Norway,25840,slt1_for_lt_total_net
2025-03,Norway,137,slt2_us_lt_total_net
2025-03,Of Which: Asset-Backed Securities,-5513,slt1_for_lt_total_net
2025-03,Of Which: Asset-Backed Securities,-2483,slt2_us_lt_total_net
2025-03,Of Which: Depository Institutions,1346,slt1_for_lt_total_net
2025-03,Of Which: Depository Institutions,14824,slt2_us_lt_total_net
2025-03,Of Which: Foreign Non-Official,141398,slt1_for_lt_total_net
2025-03,Of Which: Foreign Non-Official Asset-Backed Securities,-382,slt1_for_lt_total_net
2025-03,Of Which: Foreign Non-Official Depository Institutions,1676,slt1_for_lt_total_net
2025-03,Of Which: Foreign Non-Official Fund Shares,625,slt1_for_lt_total_net
2025-03,Of Which: Foreign Non-Official Non-Financial Organizations,21149,slt1_for_lt_total_net
2025-03,Of Which: Foreign Non-Official Other Financial Organizations,33274,slt1_for_lt_total_net
2025-03,Of Which: Foreign Non-Official State & Local General Government,-688,slt1_for_lt_total_net
2025-03,Of Which: Foreign Official,41649,slt1_for_lt_total_net
2025-03,Of Which: Foreign Official Asset-Backed Securities,-5131,slt1_for_lt_total_net
2025-03,Of Which: Foreign Official Depository Institutions,-330,slt1_for_lt_total_net
2025-03,Of Which: Foreign Official Fund Shares,-1470,slt1_for_lt_total_net
2025-03,Of Which: Foreign Official Non-Financial Organizations,2986,slt1_for_lt_total_net
2025-03,Of Which: Foreign Official Other Financial Organizations,4067,slt1_for_lt_total_net
2025-03,Of Which: Foreign Official State & Local General Government,-27,slt1_for_lt_total_net
2025-03,Of Which: Fund Shares,-845,slt1_for_lt_total_net
2025-03,Of Which: Fund Shares,3775,slt2_us_lt_total_net
2025-03,Of Which: Non-Financial Organizations,24135,slt1_for_lt_total_net
2025-03,Of Which: Non-Financial Organizations,20306,slt2_us_lt_total_net
2025-03,Of Which: Other Financial Organizations,37341,slt1_for_lt_total_net
2025-03,Of Which: Other Financial Organizations,-13555,slt2_us_lt_total_net
2025-03,Of Which: State & Local General Government,-715,slt1_for_lt_total_net
2025-03,Pakistan,-5,slt1_for_lt_total_net
2025-03,Pakistan,-64,slt2_us_lt_total_net
2025-03,Panama,1886,slt1_for_lt_total_net
2025-03,Panama,-607,slt2_us_lt_total_net
2025-03,Peru,463,slt1_for_lt_total_net
2025-03,Peru,28,slt2_us_lt_total_net
2025-03,Philippines,808,slt1_for_lt_total_net
2025-03,Philippines,-293,slt2_us_lt_total_net
2025-03,Poland,2901,slt1_for_lt_total_net
2025-03,Poland,515,slt2_us_lt_total_net
2025-03,Portugal,3380,slt1_for_lt_total_net
2025-03,Portugal,-106,slt2_us_lt_total_net
2025-03,Romania,-474,slt1_for_lt_total_net
2025-03,Romania,-76,slt2_us_lt_total_net
2025-03,Russia,5,slt1_for_lt_total_net
2025-03,Russia,-6,slt2_us_lt_total_net
2025-03,Saint Kitts and Nevis,101,slt1_for_lt_total_net
2025-03,Saudi Arabia,-1401,slt1_for_lt_total_net
2025-03,Serbia,-52,slt1_for_lt_total_net
2025-03,Serbia,-25,slt2_us_lt_total_net
2025-03,Singapore,13528,slt1_for_lt_total_net
2025-03,Singapore,-682,slt2_us_lt_total_net
2025-03,South Africa,745,slt1_for_lt_total_net
2025-03,South Africa,-353,slt2_us_lt_total_net
2025-03,Spain,-3520,slt1_for_lt_total_net
2025-03,Spain,1423,slt2_us_lt_total_net
2025-03,Sweden,-913,slt1_for_lt_total_net
2025-03,Sweden,-1341,slt2_us_lt_total_net
2025-03,Switzerland,40375,slt1_for_lt_total_net
2025-03,Switzerland,-2305,slt2_us_lt_total_net
2025-03,Syria,0,slt1_for_lt_total_net
2025-03,Taiwan,5510,slt1_for_lt_total_net
2025-03,Taiwan,-2363,slt2_us_lt_total_net
2025-03,Thailand,4484,slt1_for_lt_total_net
2025-03,Thailand,105,slt2_us_lt_total_net
2025-03,Total Africa,1328,slt1_for_lt_total_net
2025-03,Total Africa,474,slt2_us_lt_total_net
2025-03,Total Asia,23614,slt1_for_lt_total_net
2025-03,Total Asia,3214,slt2_us_lt_total_net
2025-03,Total Caribbean,30806,slt1_for_lt_total_net
2025-03,Total Caribbean,13015,slt2_us_lt_total_net
2025-03,Total Europe,121566,slt1_for_lt_total_net
2025-03,Total Europe,2898,slt2_us_lt_total_net
2025-03,Total IROs,3912,slt1_for_lt_total_net
2025-03,Total IROs,4526,slt2_us_lt_total_net
2025-03,Total Latin America,-5243,slt1_for_lt_total_net
2025-03,Total Latin America,-1535,slt2_us_lt_total_net
2025-03,Total Other,-4980,slt1_for_lt_total_net
2025-03,Total Other,-74,slt2_us_lt_total_net
2025-03,Total Regional Orgs.,121,slt1_for_lt_total_net
2025-03,Total Regional Orgs.,235,slt2_us_lt_total_net
2025-03,Trinidad and Tobago,118,slt1_for_lt_total_net
2025-03,Trinidad and Tobago,25,slt2_us_lt_total_net
2025-03,Turkey,-641,slt1_for_lt_total_net
2025-03,Turkey,-356,slt2_us_lt_total_net
2025-03,Ukraine,2563,slt1_for_lt_total_net
2025-03,Ukraine,-14,slt2_us_lt_total_net
2025-03,United Arab Emirates,-4006,slt1_for_lt_total_net
2025-03,United Arab Emirates,312,slt2_us_lt_total_net
2025-03,United Kingdom,17219,slt1_for_lt_total_net
2025-03,United Kingdom,11826,slt2_us_lt_total_net
2025-03,Uruguay,-926,slt1_for_lt_total_net
2025-03,Uruguay,83,slt2_us_lt_total_net
2025-03,Venezuela,75,slt1_for_lt_total_net
2025-03,Venezuela,-19,slt2_us_lt_total_net
2025-04,All Countries,-69291,slt1_for_lt_total_net
2025-04,All Countries,-42421,slt2_us_lt_total_net
2025-04,Anguilla,133,slt1_for_lt_total_net
2025-04,Argentina,85,slt1_for_lt_total_net
2025-04,Argentina,180,slt2_us_lt_total_net
2025-04,Aruba,11,slt1_for_lt_total_net
2025-04,Aruba,-1,slt2_us_lt_total_net
2025-04,Australia,-1674,slt1_for_lt_total_net
2025-04,Australia,668,slt2_us_lt_total_net
2025-04,Austria,-290,slt1_for_lt_total_net
2025-04,Austria,-262,slt2_us_lt_total_net
2025-04,Bahamas,-16,slt1_for_lt_total_net
2025-04,Bahamas,61,slt2_us_lt_total_net
2025-04,Barbados,93,slt1_for_lt_total_net
2025-04,Barbados,2,slt2_us_lt_total_net
2025-04,Belgium,-21736,slt1_for_lt_total_net
2025-04,Belgium,-603,slt2_us_lt_total_net
2025-04,Bermuda,2368,slt1_for_lt_total_net
2025-04,Bermuda,-949,slt2_us_lt_total_net
2025-04,Brazil,2216,slt1_for_lt_total_net
2025-04,Brazil,2649,slt2_us_lt_total_net
2025-04,British Virgin Islands,3143,slt1_for_lt_total_net
2025-04,British Virgin Islands,-80,slt2_us_lt_total_net
2025-04,Bulgaria,-311,slt1_for_lt_total_net
2025-04,Bulgaria,-45,slt2_us_lt_total_net
2025-04,Canada,-80695,slt1_for_lt_total_net
2025-04,Canada,-10330,slt2_us_lt_total_net
2025-04,Cayman Islands,-14809,slt1_for_lt_total_net
2025-04,Cayman Islands,-18774,slt2_us_lt_total_net
2025-04,Chile,927,slt1_for_lt_total_net
2025-04,Chile,-294,slt2_us_lt_total_net
2025-04,"China, Mainland",-37459,slt1_for_lt_total_net
2025-04,"China, Mainland",-7324,slt2_us_lt_total_net
2025-04,Colombia,1622,slt1_for_lt_total_net
2025-04,Colombia,834,slt2_us_lt_total_net
2025-04,Costa Rica,36,slt1_for_lt_total_net
2025-04,Costa Rica,-62,slt2_us_lt_total_net
2025-04,Cuba,1,slt1_for_lt_total_net
2025-04,Cuba,0,slt2_us_lt_total_net
2025-04,Curacao,88,slt1_for_lt_total_net
2025-04,Curacao,-354,slt2_us_lt_total_net
2025-04,Cyprus,431,slt1_for_lt_total_net
2025-04,Cyprus,-9,slt2_us_lt_total_net
2025-04,Czech Republic,-299,slt1_for_lt_total_net
2025-04,Czech Republic,-203,slt2_us_lt_total_net
2025-04,Denmark,2107,slt1_for_lt_total_net
2025-04,Denmark,-2534,slt2_us_lt_total_net
2025-04,Ecuador,15,slt1_for_lt_total_net
2025-04,Ecuador,61,slt2_us_lt_total_net
2025-04,Egypt,-12,slt1_for_lt_total_net
2025-04,Egypt,35,slt2_us_lt_total_net
2025-04,Finland,471,slt1_for_lt_total_net
2025-04,Finland,-512,slt2_us_lt_total_net
2025-04,France,4262,slt1_for_lt_total_net
2025-04,France,-1650,slt2_us_lt_total_net
2025-04,Germany,23,slt1_for_lt_total_net
2025-04,Germany,-1525,slt2_us_lt_total_net
2025-04,Grand Total,-67091,slt1_for_lt_total_net
2025-04,Grand Total,-42930,slt2_us_lt_total_net
2025-04,Greece,-7,slt1_for_lt_total_net
2025-04,Greece,76,slt2_us_lt_total_net
2025-04,Guatemala,601,slt1_for_lt_total_net
2025-04,Guatemala,-41,slt2_us_lt_total_net
2025-04,Guernsey,876,slt1_for_lt_total_net
2025-04,Guernsey,-679,slt2_us_lt_total_net
2025-04,Hong Kong,8533,slt1_for_lt_total_net
2025-04,Hong Kong,-389,slt2_us_lt_total_net
2025-04,Hungary,156,slt1_for_lt_total_net
2025-04,Hungary,-62,slt2_us_lt_total_net
2025-04,India,-5560,slt1_for_lt_total_net
2025-04,India,2540,slt2_us_lt_total_net
2025-04,Indonesia,2446,slt1_for_lt_total_net
2025-04,Indonesia,66,slt2_us_lt_total_net
2025-04,International,1911,slt1_for_lt_total_net
2025-04,International,59,slt2_us_lt_total_net
2025-04,Ireland,280,slt1_for_lt_total_net
2025-04,Ireland,2824,slt2_us_lt_total_net
2025-04,Israel,-1167,slt1_for_lt_total_net
2025-04,Israel,-283,slt2_us_lt_total_net
2025-04,Italy,4158,slt1_for_lt_total_net
2025-04,Italy,-2187,slt2_us_lt_total_net
2025-04,Jamaica,-34,slt1_for_lt_total_net
2025-04,Jamaica,-33,slt2_us_lt_total_net
2025-04,Japan,2539,slt1_for_lt_total_net
2025-04,Japan,4688,slt2_us_lt_total_net
2025-04,Jersey,746,slt1_for_lt_total_net
2025-04,Jersey,-787,slt2_us_lt_total_net
2025-04,Kazakhstan,54,slt1_for_lt_total_net
2025-04,Kazakhstan,82,slt2_us_lt_total_net
2025-04,"Korea, South",10951,slt1_for_lt_total_net
2025-04,"Korea, South",-1223,slt2_us_lt_total_net
2025-04,Kuwait,-2061,slt1_for_lt_total_net
2025-04,Kuwait,60,slt2_us_lt_total_net
2025-04,Lebanon,4,slt1_for_lt_total_net
2025-04,Lebanon,15,slt2_us_lt_total_net
2025-04,Liberia,-4,slt1_for_lt_total_net
2025-04,Liberia,416,slt2_us_lt_total_net
2025-04,Luxembourg,-3418,slt1_for_lt_total_net
2025-04,Luxembourg,-424,slt2_us_lt_total_net
2025-04,Malaysia,1436,slt1_for_lt_total_net
2025-04,Malaysia,1284,slt2_us_lt_total_net
2025-04,Mauritius,58,slt1_for_lt_total_net
2025-04,Mauritius,-92,slt2_us_lt_total_net
2025-04,Memo: Euro Area,-11083,slt1_for_lt_total_net
2025-04,Memo: Euro Area,-10507,slt2_us_lt_total_net
2025-04,Memo: European Union,-12685,slt1_for_lt_total_net
2025-04,Memo: European Union,-15857,slt2_us_lt_total_net
2025-04,Mexico,-4466,slt1_for_lt_total_net
2025-04,Mexico,-302,slt2_us_lt_total_net
2025-04,Monaco,110,slt1_for_lt_total_net
2025-04,Monaco,0,slt2_us_lt_total_net
2025-04,Morocco,-41,slt1_for_lt_total_net
2025-04,Morocco,1144,slt2_us_lt_total_net
2025-04,Netherlands,-3665,slt1_for_lt_total_net
2025-04,Netherlands,-6032,slt2_us_lt_total_net
2025-04,New Zealand,320,slt1_for_lt_total_net
2025-04,New Zealand,-11,slt2_us_lt_total_net
2025-04,Norway,-4873,slt1_for_lt_total_net
2025-04,Norway,-731,slt2_us_lt_total_net
2025-04,Of Which: Asset-Backed Securities,-10892,slt1_for_lt_total_net
2025-04,Of Which: Asset-Backed Securities,-5677,slt2_us_lt_total_net
2025-04,Of Which: Depository Institutions,1199,slt1_for_lt_total_net
2025-04,Of Which: Depository Institutions,-9489,slt2_us_lt_total_net
2025-04,Of Which: Foreign Non-Official,-24861,slt1_for_lt_total_net
2025-04,Of Which: Foreign Non-Official Asset-Backed Securities,-6056,slt1_for_lt_total_net
2025-04,Of Which: Foreign Non-Official Depository Institutions,1253,slt1_for_lt_total_net
2025-04,Of Which: Foreign Non-Official Fund Shares,-6315,slt1_for_lt_total_net
2025-04,Of Which: Foreign Non-Official Non-Financial Organizations,22288,slt1_for_lt_total_net
2025-04,Of Which: Foreign Non-Official Other Financial Organizations,7053,slt1_for_lt_total_net
2025-04,Of Which: Foreign Non-Official State & Local General Government,821,slt1_for_lt_total_net
2025-04,Of Which: Foreign Official,-42230,slt1_for_lt_total_net
2025-04,Of Which: Foreign Official Asset-Backed Securities,-4836,slt1_for_lt_total_net
2025-04,Of Which: Foreign Official Depository Institutions,-54,slt1_for_lt_total_net
2025-04,Of Which: Foreign Official Fund Shares,-4436,slt1_for_lt_total_net
2025-04,Of Which: Foreign Official Non-Financial Organizations,-21741,slt1_for_lt_total_net
2025-04,Of Which: Foreign Official Other Financial Organizations,-6604,slt1_for_lt_total_net
2025-04,Of Which: Foreign Official State & Local General Government,-101,slt1_for_lt_total_net
2025-04,Of Which: Fund Shares,-10751,slt1_for_lt_total_net
2025-04,Of Which: Fund Shares,-319,slt2_us_lt_total_net
2025-04,Of Which: Non-Financial Organizations,547,slt1_for_lt_total_net
2025-04,Of Which: Non-Financial Organizations,3429,slt2_us_lt_total_net
2025-04,Of Which: Other Financial Organizations,449,slt1_for_lt_total_net
2025-04,Of Which: Other Financial Organizations,-37520,slt2_us_lt_total_net
2025-04,Of Which: State & Local General Government,720,slt1_for_lt_total_net
2025-04,Pakistan,1,slt1_for_lt_total_net
2025-04,Pakistan,23,slt2_us_lt_total_net
2025-04,Panama,1311,slt1_for_lt_total_net
2025-04,Panama,-61,slt2_us_lt_total_net
2025-04,Peru,-906,slt1_for_lt_total_net
2025-04,Peru,283,slt2_us_lt_total_net
2025-04,Philippines,165,slt1_for_lt_total_net
2025-04,Philippines,-328,slt2_us_lt_total_net
2025-04,Poland,4620,slt1_for_lt_total_net
2025-04,Poland,-128,slt2_us_lt_total_net
2025-04,Portugal,110,slt1_for_lt_total_net
2025-04,Portugal,-129,slt2_us_lt_total_net
2025-04,Romania,-769,slt1_for_lt_total_net
2025-04,Romania,307,slt2_us_lt_total_net
2025-04,Russia,11,slt1_for_lt_total_net
2025-04,Russia,-4,slt2_us_lt_total_net
2025-04,Saint Kitts and Nevis,118,slt1_for_lt_total_net
2025-04,Saudi Arabia,1476,slt1_for_lt_total_net
2025-04,Serbia,-184,slt1_for_lt_total_net
2025-04,Serbia,22,slt2_us_lt_total_net
2025-04,Singapore,-18615,slt1_for_lt_total_net
2025-04,Singapore,1928,slt2_us_lt_total_net
2025-04,South Africa,221,slt1_for_lt_total_net
2025-04,South Africa,-415,slt2_us_lt_total_net
2025-04,Spain,8738,slt1_for_lt_total_net
2025-04,Spain,-209,slt2_us_lt_total_net
2025-04,Sweden,-7106,slt1_for_lt_total_net
2025-04,Sweden,-2685,slt2_us_lt_total_net
2025-04,Switzerland,14104,slt1_for_lt_total_net
2025-04,Switzerland,-1995,slt2_us_lt_total_net
2025-04,Syria,0,slt1_for_lt_total_net
2025-04,Taiwan,3354,slt1_for_lt_total_net
2025-04,Taiwan,-1677,slt2_us_lt_total_net
2025-04,Thailand,-336,slt1_for_lt_total_net
2025-04,Thailand,6,slt2_us_lt_total_net
2025-04,Total Africa,798,slt1_for_lt_total_net
2025-04,Total Africa,1550,slt2_us_lt_total_net
2025-04,Total Asia,-39661,slt1_for_lt_total_net
2025-04,Total Asia,-2077,slt2_us_lt_total_net
2025-04,Total Caribbean,-9093,slt1_for_lt_total_net
2025-04,Total Caribbean,-20173,slt2_us_lt_total_net
2025-04,Total Europe,58388,slt1_for_lt_total_net
2025-04,Total Europe,-14959,slt2_us_lt_total_net
2025-04,Total IROs,2200,slt1_for_lt_total_net
2025-04,Total IROs,-509,slt2_us_lt_total_net
2025-04,Total Latin America,1733,slt1_for_lt_total_net
2025-04,Total Latin America,2987,slt2_us_lt_total_net
2025-04,Total Other,-1141,slt1_for_lt_total_net
2025-04,Total Other,581,slt2_us_lt_total_net
2025-04,Total Regional Orgs.,289,slt1_for_lt_total_net
2025-04,Total Regional Orgs.,-568,slt2_us_lt_total_net
2025-04,Trinidad and Tobago,261,slt1_for_lt_total_net
2025-04,Trinidad and Tobago,15,slt2_us_lt_total_net
2025-04,Turkey,-7258,slt1_for_lt_total_net
2025-04,Turkey,-28,slt2_us_lt_total_net
2025-04,Ukraine,294,slt1_for_lt_total_net
2025-04,Ukraine,12,slt2_us_lt_total_net
2025-04,United Arab Emirates,-5293,slt1_for_lt_total_net
2025-04,United Arab Emirates,0,slt2_us_lt_total_net
2025-04,United Kingdom,67613,slt1_for_lt_total_net
2025-04,United Kingdom,4912,slt2_us_lt_total_net
2025-04,Uruguay,385,slt1_for_lt_total_net
2025-04,Uruguay,-109,slt2_us_lt_total_net
2025-04,Venezuela,130,slt1_for_lt_total_net
2025-04,Venezuela,-86,slt2_us_lt_total_net
2025-05,All Countries,310648,slt1_for_lt_total_net
2025-05,All Countries,57281,slt2_us_lt_total_net
2025-05,Anguilla,-65,slt1_for_lt_total_net
2025-05,Argentina,738,slt1_for_lt_total_net
2025-05,Argentina,289,slt2_us_lt_total_net
2025-05,Aruba,46,slt1_for_lt_total_net
2025-05,Aruba,-1,slt2_us_lt_total_net
2025-05,Australia,-2887,slt1_for_lt_total_net
2025-05,Australia,3290,slt2_us_lt_total_net
2025-05,Austria,849,slt1_for_lt_total_net
2025-05,Austria,-151,slt2_us_lt_total_net
2025-05,Bahamas,662,slt1_for_lt_total_net
2025-05,Bahamas,-50,slt2_us_lt_total_net
2025-05,Barbados,99,slt1_for_lt_total_net
2025-05,Barbados,-5,slt2_us_lt_total_net
2025-05,Belgium,-4905,slt1_for_lt_total_net
2025-05,Belgium,-238,slt2_us_lt_total_net
2025-05,Bermuda,5330,slt1_for_lt_total_net
2025-05,Bermuda,-1908,slt2_us_lt_total_net
2025-05,Brazil,3205,slt1_for_lt_total_net
2025-05,Brazil,1055,slt2_us_lt_total_net
2025-05,British Virgin Islands,2916,slt1_for_lt_total_net
2025-05,British Virgin Islands,271,slt2_us_lt_total_net
2025-05,Bulgaria,42,slt1_for_lt_total_net
2025-05,Bulgaria,512,slt2_us_lt_total_net
2025-05,Canada,66658,slt1_for_lt_total_net
2025-05,Canada,2906,slt2_us_lt_total_net
2025-05,Cayman Islands,52889,slt1_for_lt_total_net
2025-05,Cayman Islands,15421,slt2_us_lt_total_net
2025-05,Chile,979,slt1_for_lt_total_net
2025-05,Chile,141,slt2_us_lt_total_net
2025-05,"China, Mainland",-5683,slt1_for_lt_total_net
2025-05,"China, Mainland",4574,slt2_us_lt_total_net
2025-05,Colombia,-832,slt1_for_lt_total_net
2025-05,Colombia,489,slt2_us_lt_total_net
2025-05,Costa Rica,318,slt1_for_lt_total_net
2025-05,Costa Rica,-18,slt2_us_lt_total_net
2025-05,Cuba,0,slt1_for_lt_total_net
2025-05,Cuba,0,slt2_us_lt_total_net
2025-05,Curacao,17,slt1_for_lt_total_net
2025-05,Curacao,-264,slt2_us_lt_total_net
2025-05,Cyprus,75,slt1_for_lt_total_net
2025-05,Cyprus,-43,slt2_us_lt_total_net
2025-05,Czech Republic,210,slt1_for_lt_total_net
2025-05,Czech Republic,-70,slt2_us_lt_total_net
2025-05,Denmark,3541,slt1_for_lt_total_net
2025-05,Denmark,-856,slt2_us_lt_total_net
2025-05,Ecuador,4,slt1_for_lt_total_net
2025-05,Ecuador,-39,slt2_us_lt_total_net
2025-05,Egypt,12,slt1_for_lt_total_net
2025-05,Egypt,64,slt2_us_lt_total_net
2025-05,Finland,916,slt1_for_lt_total_net
2025-05,Finland,566,slt2_us_lt_total_net
2025-05,France,8289,slt1_for_lt_total_net
2025-05,France,5079,slt2_us_lt_total_net
2025-05,Germany,-4091,slt1_for_lt_total_net
2025-05,Germany,3958,slt2_us_lt_total_net
2025-05,Grand Total,316562,slt1_for_lt_total_net
2025-05,Grand Total,59336,slt2_us_lt_total_net
2025-05,Greece,127,slt1_for_lt_total_net
2025-05,Greece,-37,slt2_us_lt_total_net
2025-05,Guatemala,607,slt1_for_lt_total_net
2025-05,Guatemala,-24,slt2_us_lt_total_net
2025-05,Guernsey,-316,slt1_for_lt_total_net
2025-05,Guernsey,191,slt2_us_lt_total_net
2025-05,Hong Kong,3801,slt1_for_lt_total_net
2025-05,Hong Kong,1185,slt2_us_lt_total_net
2025-05,Hungary,-288,slt1_for_lt_total_net
2025-05,Hungary,-159,slt2_us_lt_total_net
2025-05,India,1397,slt1_for_lt_total_net
2025-05,India,2538,slt2_us_lt_total_net
2025-05,Indonesia,303,slt1_for_lt_total_net
2025-05,Indonesia,-51,slt2_us_lt_total_net
2025-05,International,4206,slt1_for_lt_total_net
2025-05,International,1419,slt2_us_lt_total_net
2025-05,Ireland,12739,slt1_for_lt_total_net
2025-05,Ireland,5071,slt2_us_lt_total_net
2025-05,Israel,8289,slt1_for_lt_total_net
2025-05,Israel,1129,slt2_us_lt_total_net
2025-05,Italy,1279,slt1_for_lt_total_net
2025-05,Italy,1433,slt2_us_lt_total_net
2025-05,Jamaica,46,slt1_for_lt_total_net
2025-05,Jamaica,-28,slt2_us_lt_total_net
2025-05,Japan,26194,slt1_for_lt_total_net
2025-05,Japan,7198,slt2_us_lt_total_net
2025-05,Jersey,-36,slt1_for_lt_total_net
2025-05,Jersey,-318,slt2_us_lt_total_net
2025-05,Kazakhstan,296,slt1_for_lt_total_net
2025-05,Kazakhstan,-19,slt2_us_lt_total_net
2025-05,"Korea, South",13812,slt1_for_lt_total_net
2025-05,"Korea, South",930,slt2_us_lt_total_net
2025-05,Kuwait,5773,slt1_for_lt_total_net
2025-05,Kuwait,46,slt2_us_lt_total_net
2025-05,Lebanon,2,slt1_for_lt_total_net
2025-05,Lebanon,-25,slt2_us_lt_total_net
2025-05,Liberia,-3,slt1_for_lt_total_net
2025-05,Liberia,-181,slt2_us_lt_total_net
2025-05,Luxembourg,17751,slt1_for_lt_total_net
2025-05,Luxembourg,-373,slt2_us_lt_total_net
2025-05,Malaysia,1935,slt1_for_lt_total_net
2025-05,Malaysia,22,slt2_us_lt_total_net
2025-05,Mauritius,159,slt1_for_lt_total_net
2025-05,Mauritius,-96,slt2_us_lt_total_net
2025-05,Memo: Euro Area,56386,slt1_for_lt_total_net
2025-05,Memo: Euro Area,15712,slt2_us_lt_total_net
2025-05,Memo: European Union,61552,slt1_for_lt_total_net
2025-05,Memo: European Union,14553,slt2_us_lt_total_net
2025-05,Mexico,4427,slt1_for_lt_total_net
2025-05,Mexico,-13,slt2_us_lt_total_net
2025-05,Monaco,-41,slt1_for_lt_total_net
2025-05,Monaco,0,slt2_us_lt_total_net
2025-05,Morocco,-32,slt1_for_lt_total_net
2025-05,Morocco,45,slt2_us_lt_total_net
2025-05,Netherlands,17969,slt1_for_lt_total_net
2025-05,Netherlands,1742,slt2_us_lt_total_net
2025-05,New Zealand,1582,slt1_for_lt_total_net
2025-05,New Zealand,-212,slt2_us_lt_total_net
2025-05,Norway,3242,slt1_for_lt_total_net
2025-05,Norway,695,slt2_us_lt_total_net
2025-05,Of Which: Asset-Backed Securities,27020,slt1_for_lt_total_net
2025-05,Of Which: Asset-Backed Securities,1429,slt2_us_lt_total_net
2025-05,Of Which: Depository Institutions,6580,slt1_for_lt_total_net
2025-05,Of Which: Depository Institutions,445,slt2_us_lt_total_net
2025-05,Of Which: Foreign Non-Official,286959,slt1_for_lt_total_net
2025-05,Of Which: Foreign Non-Official Asset-Backed Securities,31845,slt1_for_lt_total_net
2025-05,Of Which: Foreign Non-Official Depository Institutions,6378,slt1_for_lt_total_net
2025-05,Of Which: Foreign Non-Official Fund Shares,16669,slt1_for_lt_total_net
2025-05,Of Which: Foreign Non-Official Non-Financial Organizations,95641,slt1_for_lt_total_net
2025-05,Of Which: Foreign Non-Official Other Financial Organizations,36570,slt1_for_lt_total_net
2025-05,Of Which: Foreign Non-Official State & Local General Government,353,slt1_for_lt_total_net
2025-05,Of Which: Foreign Official,29603,slt1_for_lt_total_net
2025-05,Of Which: Foreign Official Asset-Backed Securities,-4825,slt1_for_lt_total_net
2025-05,Of Which: Foreign Official Depository Institutions,202,slt1_for_lt_total_net
2025-05,Of Which: Foreign Official Fund Shares,-1298,slt1_for_lt_total_net
2025-05,Of Which: Foreign Official Non-Financial Organizations,16474,slt1_for_lt_total_net
2025-05,Of Which: Foreign Official Other Financial Organizations,-22,slt1_for_lt_total_net
2025-05,Of Which: Foreign Official State & Local General Government,48,slt1_for_lt_total_net
2025-05,Of Which: Fund Shares,15371,slt1_for_lt_total_net
2025-05,Of Which: Fund Shares,6648,slt2_us_lt_total_net
2025-05,Of Which: Non-Financial Organizations,112115,slt1_for_lt_total_net
2025-05,Of Which: Non-Financial Organizations,20449,slt2_us_lt_total_net
2025-05,Of Which: Other Financial Organizations,36548,slt1_for_lt_total_net
2025-05,Of Which: Other Financial Organizations,38595,slt2_us_lt_total_net
2025-05,Of Which: State & Local General Government,401,slt1_for_lt_total_net
2025-05,Pakistan,-1,slt1_for_lt_total_net
2025-05,Pakistan,-48,slt2_us_lt_total_net
2025-05,Panama,463,slt1_for_lt_total_net
2025-05,Panama,-593,slt2_us_lt_total_net
2025-05,Peru,107,slt1_for_lt_total_net
2025-05,Peru,61,slt2_us_lt_total_net
2025-05,Philippines,266,slt1_for_lt_total_net
2025-05,Philippines,386,slt2_us_lt_total_net
2025-05,Poland,1533,slt1_for_lt_total_net
2025-05,Poland,-366,slt2_us_lt_total_net
2025-05,Portugal,292,slt1_for_lt_total_net
2025-05,Portugal,67,slt2_us_lt_total_net
2025-05,Romania,-31,slt1_for_lt_total_net
2025-05,Romania,-216,slt2_us_lt_total_net
2025-05,Russia,3,slt1_for_lt_total_net
2025-05,Russia,-4,slt2_us_lt_total_net
2025-05,Saint Kitts and Nevis,57,slt1_for_lt_total_net
2025-05,Saudi Arabia,-18571,slt1_for_lt_total_net
2025-05,Serbia,-277,slt1_for_lt_total_net
2025-05,Serbia,7,slt2_us_lt_total_net
2025-05,Singapore,13700,slt1_for_lt_total_net
2025-05,Singapore,76,slt2_us_lt_total_net
2025-05,South Africa,-798,slt1_for_lt_total_net
2025-05,South Africa,83,slt2_us_lt_total_net
2025-05,Spain,4737,slt1_for_lt_total_net
2025-05,Spain,-1330,slt2_us_lt_total_net
2025-05,Sweden,159,slt1_for_lt_total_net
2025-05,Sweden,-4,slt2_us_lt_total_net
2025-05,Switzerland,5650,slt1_for_lt_total_net
2025-05,Switzerland,-1138,slt2_us_lt_total_net
2025-05,Syria,0,slt1_for_lt_total_net
2025-05,Taiwan,-4137,slt1_for_lt_total_net
2025-05,Taiwan,5073,slt2_us_lt_total_net
2025-05,Thailand,293,slt1_for_lt_total_net
2025-05,Thailand,12,slt2_us_lt_total_net
2025-05,Total Africa,195,slt1_for_lt_total_net
2025-05,Total Africa,-686,slt2_us_lt_total_net
2025-05,Total Asia,48745,slt1_for_lt_total_net
2025-05,Total Asia,23113,slt2_us_lt_total_net
2025-05,Total Caribbean,62631,slt1_for_lt_total_net
2025-05,Total Caribbean,13191,slt2_us_lt_total_net
2025-05,Total Europe,122197,slt1_for_lt_total_net
2025-05,Total Europe,14361,slt2_us_lt_total_net
2025-05,Total IROs,5914,slt1_for_lt_total_net
2025-05,Total IROs,2055,slt2_us_lt_total_net
2025-05,Total Latin America,10997,slt1_for_lt_total_net
2025-05,Total Latin America,1376,slt2_us_lt_total_net
2025-05,Total Other,-1118,slt1_for_lt_total_net
2025-05,Total Other,3020,slt2_us_lt_total_net
2025-05,Total Regional Orgs.,1708,slt1_for_lt_total_net
2025-05,Total Regional Orgs.,636,slt2_us_lt_total_net
2025-05,Trinidad and Tobago,56,slt1_for_lt_total_net
2025-05,Trinidad and Tobago,-10,slt2_us_lt_total_net
2025-05,Turkey,436,slt1_for_lt_total_net
2025-05,Turkey,-215,slt2_us_lt_total_net
2025-05,Ukraine,3826,slt1_for_lt_total_net
2025-05,Ukraine,-40,slt2_us_lt_total_net
2025-05,United Arab Emirates,833,slt1_for_lt_total_net
2025-05,United Arab Emirates,649,slt2_us_lt_total_net
2025-05,United Kingdom,47235,slt1_for_lt_total_net
2025-05,United Kingdom,279,slt2_us_lt_total_net
2025-05,Uruguay,740,slt1_for_lt_total_net
2025-05,Uruguay,66,slt2_us_lt_total_net
2025-05,Venezuela,-11,slt1_for_lt_total_net
2025-05,Venezuela,30,slt2_us_lt_total_net
2025-06,All Countries,194747,slt1_for_lt_total_net
2025-06,All Countries,39654,slt2_us_lt_total_net
2025-06,Anguilla,234,slt1_for_lt_total_net
2025-06,Argentina,300,slt1_for_lt_total_net
2025-06,Argentina,677,slt2_us_lt_total_net
2025-06,Aruba,32,slt1_for_lt_total_net
2025-06,Aruba,0,slt2_us_lt_total_net
2025-06,Australia,1849,slt1_for_lt_total_net
2025-06,Australia,1726,slt2_us_lt_total_net
2025-06,Austria,1834,slt1_for_lt_total_net
2025-06,Austria,403,slt2_us_lt_total_net
2025-06,Bahamas,509,slt1_for_lt_total_net
2025-06,Bahamas,238,slt2_us_lt_total_net
2025-06,Barbados,-55,slt1_for_lt_total_net
2025-06,Barbados,344,slt2_us_lt_total_net
2025-06,Belgium,-971,slt1_for_lt_total_net
2025-06,Belgium,-276,slt2_us_lt_total_net
2025-06,Bermuda,3438,slt1_for_lt_total_net
2025-06,Bermuda,-1379,slt2_us_lt_total_net
2025-06,Brazil,1950,slt1_for_lt_total_net
2025-06,Brazil,4610,slt2_us_lt_total_net
2025-06,British Virgin Islands,8159,slt1_for_lt_total_net
2025-06,British Virgin Islands,373,slt2_us_lt_total_net
2025-06,Bulgaria,-257,slt1_for_lt_total_net
2025-06,Bulgaria,-11,slt2_us_lt_total_net
2025-06,Canada,-4963,slt1_for_lt_total_net
2025-06,Canada,9039,slt2_us_lt_total_net
2025-06,Cayman Islands,52949,slt1_for_lt_total_net
2025-06,Cayman Islands,4902,slt2_us_lt_total_net
2025-06,Chile,1325,slt1_for_lt_total_net
2025-06,Chile,223,slt2_us_lt_total_net
2025-06,"China, Mainland",-14516,slt1_for_lt_total_net
2025-06,"China, Mainland",-3640,slt2_us_lt_total_net
2025-06,Colombia,-213,slt1_for_lt_total_net
2025-06,Colombia,150,slt2_us_lt_total_net
2025-06,Costa Rica,-65,slt1_for_lt_total_net
2025-06,Costa Rica,-82,slt2_us_lt_total_net
2025-06,Cuba,0,slt1_for_lt_total_net
2025-06,Cuba,0,slt2_us_lt_total_net
2025-06,Curacao,-141,slt1_for_lt_total_net
2025-06,Curacao,-3,slt2_us_lt_total_net
2025-06,Cyprus,500,slt1_for_lt_total_net
2025-06,Cyprus,5,slt2_us_lt_total_net
2025-06,Czech Republic,521,slt1_for_lt_total_net
2025-06,Czech Republic,464,slt2_us_lt_total_net
2025-06,Denmark,6473,slt1_for_lt_total_net
2025-06,Denmark,-1326,slt2_us_lt_total_net
2025-06,Ecuador,-3,slt1_for_lt_total_net
2025-06,Ecuador,16,slt2_us_lt_total_net
2025-06,Egypt,-11,slt1_for_lt_total_net
2025-06,Egypt,-196,slt2_us_lt_total_net
2025-06,Finland,799,slt1_for_lt_total_net
2025-06,Finland,-467,slt2_us_lt_total_net
2025-06,France,16107,slt1_for_lt_total_net
2025-06,France,3024,slt2_us_lt_total_net
2025-06,Germany,724,slt1_for_lt_total_net
2025-06,Germany,-2503,slt2_us_lt_total_net
2025-06,Grand Total,199234,slt1_for_lt_total_net
2025-06,Grand Total,40798,slt2_us_lt_total_net
2025-06,Greece,-189,slt1_for_lt_total_net
2025-06,Greece,191,slt2_us_lt_total_net
2025-06,Guatemala,574,slt1_for_lt_total_net
2025-06,Guatemala,-37,slt2_us_lt_total_net
2025-06,Guernsey,746,slt1_for_lt_total_net
2025-06,Guernsey,141,slt2_us_lt_total_net
2025-06,Hong Kong,-7654,slt1_for_lt_total_net
2025-06,Hong Kong,950,slt2_us_lt_total_net
2025-06,Hungary,160,slt1_for_lt_total_net
2025-06,Hungary,1111,slt2_us_lt_total_net
2025-06,India,-9444,slt1_for_lt_total_net
2025-06,India,1456,slt2_us_lt_total_net
2025-06,Indonesia,-1518,slt1_for_lt_total_net
2025-06,Indonesia,-889,slt2_us_lt_total_net
2025-06,International,3691,slt1_for_lt_total_net
2025-06,International,302,slt2_us_lt_total_net
2025-06,Ireland,8943,slt1_for_lt_total_net
2025-06,Ireland,8421,slt2_us_lt_total_net
2025-06,Israel,2895,slt1_for_lt_total_net
2025-06,Israel,1209,slt2_us_lt_total_net
2025-06,Italy,-225,slt1_for_lt_total_net
2025-06,Italy,397,slt2_us_lt_total_net
2025-06,Jamaica,214,slt1_for_lt_total_net
2025-06,Jamaica,-10,slt2_us_lt_total_net
2025-06,Japan,-7355,slt1_for_lt_total_net
2025-06,Japan,2235,slt2_us_lt_total_net
2025-06,Jersey,153,slt1_for_lt_total_net
2025-06,Jersey,-2431,slt2_us_lt_total_net
2025-06,Kazakhstan,-94,slt1_for_lt_total_net
2025-06,Kazakhstan,-12,slt2_us_lt_total_net
2025-06,"Korea, South",8773,slt1_for_lt_total_net
2025-06,"Korea, South",2656,slt2_us_lt_total_net
2025-06,Kuwait,2681,slt1_for_lt_total_net
2025-06,Kuwait,68,slt2_us_lt_total_net
2025-06,Lebanon,-1,slt1_for_lt_total_net
2025-06,Lebanon,1,slt2_us_lt_total_net
2025-06,Liberia,15,slt1_for_lt_total_net
2025-06,Liberia,2557,slt2_us_lt_total_net
2025-06,Luxembourg,5729,slt1_for_lt_total_net
2025-06,Luxembourg,489,slt2_us_lt_total_net
2025-06,Malaysia,1059,slt1_for_lt_total_net
2025-06,Malaysia,-175,slt2_us_lt_total_net
2025-06,Mauritius,101,slt1_for_lt_total_net
2025-06,Mauritius,850,slt2_us_lt_total_net
2025-06,Memo: Euro Area,24592,slt1_for_lt_total_net
2025-06,Memo: Euro Area,11477,slt2_us_lt_total_net
2025-06,Memo: European Union,39819,slt1_for_lt_total_net
2025-06,Memo: European Union,10572,slt2_us_lt_total_net
2025-06,Mexico,153,slt1_for_lt_total_net
2025-06,Mexico,1536,slt2_us_lt_total_net
2025-06,Monaco,-39,slt1_for_lt_total_net
2025-06,Monaco,1,slt2_us_lt_total_net
2025-06,Morocco,19,slt1_for_lt_total_net
2025-06,Morocco,28,slt2_us_lt_total_net
2025-06,Netherlands,-1978,slt1_for_lt_total_net
2025-06,Netherlands,1025,slt2_us_lt_total_net
2025-06,New Zealand,1201,slt1_for_lt_total_net
2025-06,New Zealand,447,slt2_us_lt_total_net
2025-06,Norway,29431,slt1_for_lt_total_net
2025-06,Norway,376,slt2_us_lt_total_net
2025-06,Of Which: Asset-Backed Securities,-1843,slt1_for_lt_total_net
2025-06,Of Which: Asset-Backed Securities,2901,slt2_us_lt_total_net
2025-06,Of Which: Depository Institutions,325,slt1_for_lt_total_net
2025-06,Of Which: Depository Institutions,-10097,slt2_us_lt_total_net
2025-06,Of Which: Foreign Non-Official,162497,slt1_for_lt_total_net
2025-06,Of Which: Foreign Non-Official Asset-Backed Securities,886,slt1_for_lt_total_net
2025-06,Of Which: Foreign Non-Official Depository Institutions,295,slt1_for_lt_total_net
2025-06,Of Which: Foreign Non-Official Fund Shares,44057,slt1_for_lt_total_net
2025-06,Of Which: Foreign Non-Official Non-Financial Organizations,66900,slt1_for_lt_total_net
2025-06,Of Which: Foreign Non-Official Other Financial Organizations,82817,slt1_for_lt_total_net
2025-06,Of Which: Foreign Non-Official State & Local General Government,842,slt1_for_lt_total_net
2025-06,Of Which: Foreign Official,36737,slt1_for_lt_total_net
2025-06,Of Which: Foreign Official Asset-Backed Securities,-2729,slt1_for_lt_total_net
2025-06,Of Which: Foreign Official Depository Institutions,30,slt1_for_lt_total_net
2025-06,Of Which: Foreign Official Fund Shares,2177,slt1_for_lt_total_net
2025-06,Of Which: Foreign Official Non-Financial Organizations,34227,slt1_for_lt_total_net
2025-06,Of Which: Foreign Official Other Financial Organizations,15269,slt1_for_lt_total_net
2025-06,Of Which: Foreign Official State & Local General Government,336,slt1_for_lt_total_net
2025-06,Of Which: Fund Shares,46234,slt1_for_lt_total_net
2025-06,Of Which: Fund Shares,-4440,slt2_us_lt_total_net
2025-06,Of Which: Non-Financial Organizations,101127,slt1_for_lt_total_net
2025-06,Of Which: Non-Financial Organizations,5507,slt2_us_lt_total_net
2025-06,Of Which: Other Financial Organizations,98086,slt1_for_lt_total_net
2025-06,Of Which: Other Financial Organizations,44876,slt2_us_lt_total_net
2025-06,Of Which: State & Local General Government,1178,slt1_for_lt_total_net
2025-06,Pakistan,-1,slt1_for_lt_total_net
2025-06,Pakistan,-11,slt2_us_lt_total_net
2025-06,Panama,782,slt1_for_lt_total_net
2025-06,Panama,49,slt2_us_lt_total_net
2025-06,Peru,-848,slt1_for_lt_total_net
2025-06,Peru,1662,slt2_us_lt_total_net
2025-06,Philippines,-1085,slt1_for_lt_total_net
2025-06,Philippines,45,slt2_us_lt_total_net
2025-06,Poland,2984,slt1_for_lt_total_net
2025-06,Poland,35,slt2_us_lt_total_net
2025-06,Portugal,94,slt1_for_lt_total_net
2025-06,Portugal,188,slt2_us_lt_total_net
2025-06,Romania,-638,slt1_for_lt_total_net
2025-06,Romania,146,slt2_us_lt_total_net
2025-06,Russia,11,slt1_for_lt_total_net
2025-06,Russia,0,slt2_us_lt_total_net
2025-06,Saint Kitts and Nevis,167,slt1_for_lt_total_net
2025-06,Saudi Arabia,-251,slt1_for_lt_total_net
2025-06,Serbia,30,slt1_for_lt_total_net
2025-06,Serbia,-23,slt2_us_lt_total_net
2025-06,Singapore,37719,slt1_for_lt_total_net
2025-06,Singapore,-471,slt2_us_lt_total_net
2025-06,South Africa,298,slt1_for_lt_total_net
2025-06,South Africa,914,slt2_us_lt_total_net
2025-06,Spain,-7545,slt1_for_lt_total_net
2025-06,Spain,509,slt2_us_lt_total_net
2025-06,Sweden,5984,slt1_for_lt_total_net
2025-06,Sweden,-1324,slt2_us_lt_total_net
2025-06,Switzerland,15122,slt1_for_lt_total_net
2025-06,Switzerland,-2849,slt2_us_lt_total_net
2025-06,Syria,0,slt1_for_lt_total_net
2025-06,Taiwan,6796,slt1_for_lt_total_net
2025-06,Taiwan,2816,slt2_us_lt_total_net
2025-06,Thailand,4564,slt1_for_lt_total_net
2025-06,Thailand,-515,slt2_us_lt_total_net
2025-06,Total Africa,830,slt1_for_lt_total_net
2025-06,Total Africa,4166,slt2_us_lt_total_net
2025-06,Total Asia,20560,slt1_for_lt_total_net
2025-06,Total Asia,8524,slt2_us_lt_total_net
2025-06,Total Caribbean,65629,slt1_for_lt_total_net
2025-06,Total Caribbean,4549,slt2_us_lt_total_net
2025-06,Total Europe,106086,slt1_for_lt_total_net
2025-06,Total Europe,2238,slt2_us_lt_total_net
2025-06,Total IROs,4487,slt1_for_lt_total_net
2025-06,Total IROs,1144,slt2_us_lt_total_net
2025-06,Total Latin America,3575,slt1_for_lt_total_net
2025-06,Total Latin America,8931,slt2_us_lt_total_net
2025-06,Total Other,3019,slt1_for_lt_total_net
2025-06,Total Other,2207,slt2_us_lt_total_net
2025-06,Total Regional Orgs.,796,slt1_for_lt_total_net
2025-06,Total Regional Orgs.,842,slt2_us_lt_total_net
2025-06,Trinidad and Tobago,-75,slt1_for_lt_total_net
2025-06,Trinidad and Tobago,85,slt2_us_lt_total_net
2025-06,Turkey,78,slt1_for_lt_total_net
2025-06,Turkey,577,slt2_us_lt_total_net
2025-06,Ukraine,438,slt1_for_lt_total_net
2025-06,Ukraine,6,slt2_us_lt_total_net
2025-06,United Arab Emirates,-1270,slt1_for_lt_total_net
2025-06,United Arab Emirates,1094,slt2_us_lt_total_net
2025-06,United Kingdom,20014,slt1_for_lt_total_net
2025-06,United Kingdom,-4241,slt2_us_lt_total_net
2025-06,Uruguay,-248,slt1_for_lt_total_net
2025-06,Uruguay,112,slt2_us_lt_total_net
2025-06,Venezuela,-12,slt1_for_lt_total_net
2025-06,Venezuela,19,slt2_us_lt_total_net
2025-07,All Countries,64018,slt1_for_lt_total_net
2025-07,All Countries,29439,slt2_us_lt_total_net
2025-07,Anguilla,-108,slt1_for_lt_total_net
2025-07,Argentina,517,slt1_for_lt_total_net
2025-07,Argentina,-373,slt2_us_lt_total_net
2025-07,Aruba,41,slt1_for_lt_total_net
2025-07,Aruba,7,slt2_us_lt_total_net
2025-07,Australia,9720,slt1_for_lt_total_net
2025-07,Australia,1226,slt2_us_lt_total_net
2025-07,Austria,-98,slt1_for_lt_total_net
2025-07,Austria,-115,slt2_us_lt_total_net
2025-07,Bahamas,841,slt1_for_lt_total_net
2025-07,Bahamas,-13,slt2_us_lt_total_net
2025-07,Barbados,36,slt1_for_lt_total_net
2025-07,Barbados,11,slt2_us_lt_total_net
2025-07,Belgium,-3823,slt1_for_lt_total_net
2025-07,Belgium,-215,slt2_us_lt_total_net
2025-07,Bermuda,424,slt1_for_lt_total_net
2025-07,Bermuda,996,slt2_us_lt_total_net
2025-07,Brazil,-12513,slt1_for_lt_total_net
2025-07,Brazil,864,slt2_us_lt_total_net
2025-07,British Virgin Islands,-3428,slt1_for_lt_total_net
2025-07,British Virgin Islands,-275,slt2_us_lt_total_net
2025-07,Bulgaria,23,slt1_for_lt_total_net
2025-07,Bulgaria,274,slt2_us_lt_total_net
2025-07,Canada,-53774,slt1_for_lt_total_net
2025-07,Canada,-823,slt2_us_lt_total_net
2025-07,Cayman Islands,-18664,slt1_for_lt_total_net
2025-07,Cayman Islands,-5803,slt2_us_lt_total_net
2025-07,Chile,-1045,slt1_for_lt_total_net
2025-07,Chile,-298,slt2_us_lt_total_net
2025-07,"China, Mainland",-32058,slt1_for_lt_total_net
2025-07,"China, Mainland",6921,slt2_us_lt_total_net
2025-07,Colombia,140,slt1_for_lt_total_net
2025-07,Colombia,-524,slt2_us_lt_total_net
2025-07,Costa Rica,175,slt1_for_lt_total_net
2025-07,Costa Rica,-53,slt2_us_lt_total_net
2025-07,Cuba,0,slt1_for_lt_total_net
2025-07,Cuba,0,slt2_us_lt_total_net
2025-07,Curacao,275,slt1_for_lt_total_net
2025-07,Curacao,-107,slt2_us_lt_total_net
2025-07,Cyprus,335,slt1_for_lt_total_net
2025-07,Cyprus,-13,slt2_us_lt_total_net
2025-07,Czech Republic,32,slt1_for_lt_total_net
2025-07,Czech Republic,272,slt2_us_lt_total_net
2025-07,Denmark,2074,slt1_for_lt_total_net
2025-07,Denmark,-1469,slt2_us_lt_total_net
2025-07,Ecuador,31,slt1_for_lt_total_net
2025-07,Ecuador,43,slt2_us_lt_total_net
2025-07,Egypt,28,slt1_for_lt_total_net
2025-07,Egypt,-73,slt2_us_lt_total_net
2025-07,Finland,480,slt1_for_lt_total_net
2025-07,Finland,515,slt2_us_lt_total_net
2025-07,France,19241,slt1_for_lt_total_net
2025-07,France,4574,slt2_us_lt_total_net
2025-07,Germany,4415,slt1_for_lt_total_net
2025-07,Germany,-1200,slt2_us_lt_total_net
2025-07,Grand Total,65510,slt1_for_lt_total_net
2025-07,Grand Total,28820,slt2_us_lt_total_net
2025-07,Greece,256,slt1_for_lt_total_net
2025-07,Greece,-109,slt2_us_lt_total_net
2025-07,Guatemala,-30,slt1_for_lt_total_net
2025-07,Guatemala,-168,slt2_us_lt_total_net
2025-07,Guernsey,1558,slt1_for_lt_total_net
2025-07,Guernsey,336,slt2_us_lt_total_net
2025-07,Hong Kong,18275,slt1_for_lt_total_net
2025-07,Hong Kong,1039,slt2_us_lt_total_net
2025-07,Hungary,74,slt1_for_lt_total_net
2025-07,Hungary,94,slt2_us_lt_total_net
2025-07,India,-6684,slt1_for_lt_total_net
2025-07,India,-1490,slt2_us_lt_total_net
2025-07,Indonesia,-2187,slt1_for_lt_total_net
2025-07,Indonesia,100,slt2_us_lt_total_net
2025-07,International,1904,slt1_for_lt_total_net
2025-07,International,-754,slt2_us_lt_total_net
2025-07,Ireland,21190,slt1_for_lt_total_net
2025-07,Ireland,2369,slt2_us_lt_total_net
2025-07,Israel,4331,slt1_for_lt_total_net
2025-07,Israel,-2303,slt2_us_lt_total_net
2025-07,Italy,1732,slt1_for_lt_total_net
2025-07,Italy,673,slt2_us_lt_total_net
2025-07,Jamaica,14,slt1_for_lt_total_net
2025-07,Jamaica,14,slt2_us_lt_total_net
2025-07,Japan,-7410,slt1_for_lt_total_net
2025-07,Japan,19662,slt2_us_lt_total_net
2025-07,Jersey,-58,slt1_for_lt_total_net
2025-07,Jersey,-1440,slt2_us_lt_total_net
2025-07,Kazakhstan,439,slt1_for_lt_total_net
2025-07,Kazakhstan,516,slt2_us_lt_total_net
2025-07,"Korea, South",10748,slt1_for_lt_total_net
2025-07,"Korea, South",2217,slt2_us_lt_total_net
2025-07,Kuwait,-2997,slt1_for_lt_total_net
2025-07,Kuwait,113,slt2_us_lt_total_net
2025-07,Lebanon,7,slt1_for_lt_total_net
2025-07,Lebanon,2,slt2_us_lt_total_net
2025-07,Liberia,-4,slt1_for_lt_total_net
2025-07,Liberia,-1034,slt2_us_lt_total_net
2025-07,Luxembourg,4354,slt1_for_lt_total_net
2025-07,Luxembourg,-907,slt2_us_lt_total_net
2025-07,Malaysia,1292,slt1_for_lt_total_net
2025-07,Malaysia,-209,slt2_us_lt_total_net
2025-07,Mauritius,358,slt1_for_lt_total_net
2025-07,Mauritius,-269,slt2_us_lt_total_net
2025-07,Memo: Euro Area,67147,slt1_for_lt_total_net
2025-07,Memo: Euro Area,6191,slt2_us_lt_total_net
2025-07,Memo: European Union,72913,slt1_for_lt_total_net
2025-07,Memo: European Union,7200,slt2_us_lt_total_net
2025-07,Mexico,1553,slt1_for_lt_total_net
2025-07,Mexico,-799,slt2_us_lt_total_net
2025-07,Monaco,-27,slt1_for_lt_total_net
2025-07,Monaco,0,slt2_us_lt_total_net
2025-07,Morocco,84,slt1_for_lt_total_net
2025-07,Morocco,-58,slt2_us_lt_total_net
2025-07,Netherlands,3636,slt1_for_lt_total_net
2025-07,Netherlands,-1429,slt2_us_lt_total_net
2025-07,New Zealand,-360,slt1_for_lt_total_net
2025-07,New Zealand,221,slt2_us_lt_total_net
2025-07,Norway,16261,slt1_for_lt_total_net
2025-07,Norway,-174,slt2_us_lt_total_net
2025-07,Of Which: Asset-Backed Securities,16995,slt1_for_lt_total_net
2025-07,Of Which: Asset-Backed Securities,-3830,slt2_us_lt_total_net
2025-07,Of Which: Depository Institutions,706,slt1_for_lt_total_net
2025-07,Of Which: Depository Institutions,2243,slt2_us_lt_total_net
2025-07,Of Which: Foreign Non-Official,69621,slt1_for_lt_total_net
2025-07,Of Which: Foreign Non-Official Asset-Backed Securities,21108,slt1_for_lt_total_net
2025-07,Of Which: Foreign Non-Official Depository Institutions,763,slt1_for_lt_total_net
2025-07,Of Which: Foreign Non-Official Fund Shares,25031,slt1_for_lt_total_net
2025-07,Of Which: Foreign Non-Official Non-Financial Organizations,-16385,slt1_for_lt_total_net
2025-07,Of Which: Foreign Non-Official Other Financial Organizations,30397,slt1_for_lt_total_net
2025-07,Of Which: Foreign Non-Official State & Local General Government,-480,slt1_for_lt_total_net
2025-07,Of Which: Foreign Official,-4111,slt1_for_lt_total_net
2025-07,Of Which: Foreign Official Asset-Backed Securities,-4113,slt1_for_lt_total_net
2025-07,Of Which: Foreign Official Depository Institutions,-57,slt1_for_lt_total_net
2025-07,Of Which: Foreign Official Fund Shares,-821,slt1_for_lt_total_net
2025-07,Of Which: Foreign Official Non-Financial Organizations,-3811,slt1_for_lt_total_net
2025-07,Of Which: Foreign Official Other Financial Organizations,-1840,slt1_for_lt_total_net
2025-07,Of Which: Foreign Official State & Local General Government,77,slt1_for_lt_total_net
2025-07,Of Which: Fund Shares,24210,slt1_for_lt_total_net
2025-07,Of Which: Fund Shares,-2614,slt2_us_lt_total_net
2025-07,Of Which: Non-Financial Organizations,-20196,slt1_for_lt_total_net
2025-07,Of Which: Non-Financial Organizations,18209,slt2_us_lt_total_net
2025-07,Of Which: Other Financial Organizations,28557,slt1_for_lt_total_net
2025-07,Of Which: Other Financial Organizations,7842,slt2_us_lt_total_net
2025-07,Of Which: State & Local General Government,-403,slt1_for_lt_total_net
2025-07,Pakistan,-1,slt1_for_lt_total_net
2025-07,Pakistan,-16,slt2_us_lt_total_net
2025-07,Panama,1069,slt1_for_lt_total_net
2025-07,Panama,296,slt2_us_lt_total_net
2025-07,Peru,548,slt1_for_lt_total_net
2025-07,Peru,-425,slt2_us_lt_total_net
2025-07,Philippines,1592,slt1_for_lt_total_net
2025-07,Philippines,-11,slt2_us_lt_total_net
2025-07,Poland,538,slt1_for_lt_total_net
2025-07,Poland,275,slt2_us_lt_total_net
2025-07,Portugal,254,slt1_for_lt_total_net
2025-07,Portugal,-280,slt2_us_lt_total_net
2025-07,Romania,776,slt1_for_lt_total_net
2025-07,Romania,2300,slt2_us_lt_total_net
2025-07,Russia,3,slt1_for_lt_total_net
2025-07,Russia,0,slt2_us_lt_total_net
2025-07,Saint Kitts and Nevis,155,slt1_for_lt_total_net
2025-07,Saudi Arabia,193,slt1_for_lt_total_net
2025-07,Serbia,206,slt1_for_lt_total_net
2025-07,Serbia,-99,slt2_us_lt_total_net
2025-07,Singapore,6440,slt1_for_lt_total_net
2025-07,Singapore,1487,slt2_us_lt_total_net
2025-07,South Africa,604,slt1_for_lt_total_net
2025-07,South Africa,369,slt2_us_lt_total_net
2025-07,Spain,14787,slt1_for_lt_total_net
2025-07,Spain,2336,slt2_us_lt_total_net
2025-07,Sweden,2249,slt1_for_lt_total_net
2025-07,Sweden,-737,slt2_us_lt_total_net
2025-07,Switzerland,9744,slt1_for_lt_total_net
2025-07,Switzerland,-1117,slt2_us_lt_total_net
2025-07,Syria,0,slt1_for_lt_total_net
2025-07,Taiwan,6579,slt1_for_lt_total_net
2025-07,Taiwan,1974,slt2_us_lt_total_net
2025-07,Thailand,1108,slt1_for_lt_total_net
2025-07,Thailand,265,slt2_us_lt_total_net
2025-07,Total Africa,1732,slt1_for_lt_total_net
2025-07,Total Africa,-1107,slt2_us_lt_total_net
2025-07,Total Asia,-1718,slt1_for_lt_total_net
2025-07,Total Asia,30054,slt2_us_lt_total_net
2025-07,Total Caribbean,-20432,slt1_for_lt_total_net
2025-07,Total Caribbean,-5493,slt2_us_lt_total_net
2025-07,Total Europe,138964,slt1_for_lt_total_net
2025-07,Total Europe,6590,slt2_us_lt_total_net
2025-07,Total IROs,1492,slt1_for_lt_total_net
2025-07,Total IROs,-619,slt2_us_lt_total_net
2025-07,Total Latin America,-10030,slt1_for_lt_total_net
2025-07,Total Latin America,-1261,slt2_us_lt_total_net
2025-07,Total Other,9274,slt1_for_lt_total_net
2025-07,Total Other,1479,slt2_us_lt_total_net
2025-07,Total Regional Orgs.,-412,slt1_for_lt_total_net
2025-07,Total Regional Orgs.,135,slt2_us_lt_total_net
2025-07,Trinidad and Tobago,-242,slt1_for_lt_total_net
2025-07,Trinidad and Tobago,-15,slt2_us_lt_total_net
2025-07,Turkey,251,slt1_for_lt_total_net
2025-07,Turkey,879,slt2_us_lt_total_net
2025-07,Ukraine,-7,slt1_for_lt_total_net
2025-07,Ukraine,21,slt2_us_lt_total_net
2025-07,United Arab Emirates,-442,slt1_for_lt_total_net
2025-07,United Arab Emirates,369,slt2_us_lt_total_net
2025-07,United Kingdom,37626,slt1_for_lt_total_net
2025-07,United Kingdom,442,slt2_us_lt_total_net
2025-07,Uruguay,-243,slt1_for_lt_total_net
2025-07,Uruguay,-59,slt2_us_lt_total_net
2025-07,Venezuela,54,slt1_for_lt_total_net
2025-07,Venezuela,6,slt2_us_lt_total_net
2025-08,All Countries,177604,slt1_for_lt_total_net
2025-08,All Countries,44787,slt2_us_lt_total_net
2025-08,Anguilla,125,slt1_for_lt_total_net
2025-08,Argentina,693,slt1_for_lt_total_net
2025-08,Argentina,91,slt2_us_lt_total_net
2025-08,Aruba,166,slt1_for_lt_total_net
2025-08,Aruba,-4,slt2_us_lt_total_net
2025-08,Australia,-2739,slt1_for_lt_total_net
2025-08,Australia,1250,slt2_us_lt_total_net
2025-08,Austria,895,slt1_for_lt_total_net
2025-08,Austria,-19,slt2_us_lt_total_net
2025-08,Bahamas,-121,slt1_for_lt_total_net
2025-08,Bahamas,-17,slt2_us_lt_total_net
2025-08,Barbados,165,slt1_for_lt_total_net
2025-08,Barbados,-3,slt2_us_lt_total_net
2025-08,Belgium,-1993,slt1_for_lt_total_net
2025-08,Belgium,876,slt2_us_lt_total_net
2025-08,Bermuda,7159,slt1_for_lt_total_net
2025-08,Bermuda,-1171,slt2_us_lt_total_net
2025-08,Brazil,-16968,slt1_for_lt_total_net
2025-08,Brazil,1755,slt2_us_lt_total_net
2025-08,British Virgin Islands,4949,slt1_for_lt_total_net
2025-08,British Virgin Islands,342,slt2_us_lt_total_net
2025-08,Bulgaria,-31,slt1_for_lt_total_net
2025-08,Bulgaria,-4,slt2_us_lt_total_net
2025-08,Canada,82144,slt1_for_lt_total_net
2025-08,Canada,1285,slt2_us_lt_total_net
2025-08,Cayman Islands,-9108,slt1_for_lt_total_net
2025-08,Cayman Islands,12203,slt2_us_lt_total_net
2025-08,Chile,365,slt1_for_lt_total_net
2025-08,Chile,-76,slt2_us_lt_total_net
2025-08,"China, Mainland",-29293,slt1_for_lt_total_net
2025-08,"China, Mainland",5128,slt2_us_lt_total_net
2025-08,Colombia,3122,slt1_for_lt_total_net
2025-08,Colombia,660,slt2_us_lt_total_net
2025-08,Costa Rica,232,slt1_for_lt_total_net
2025-08,Costa Rica,36,slt2_us_lt_total_net
2025-08,Cuba,0,slt1_for_lt_total_net
2025-08,Cuba,0,slt2_us_lt_total_net
2025-08,Curacao,14,slt1_for_lt_total_net
2025-08,Curacao,788,slt2_us_lt_total_net
2025-08,Cyprus,533,slt1_for_lt_total_net
2025-08,Cyprus,28,slt2_us_lt_total_net
2025-08,Czech Republic,-458,slt1_for_lt_total_net
2025-08,Czech Republic,-23,slt2_us_lt_total_net
2025-08,Denmark,2243,slt1_for_lt_total_net
2025-08,Denmark,-3119,slt2_us_lt_total_net
2025-08,Ecuador,39,slt1_for_lt_total_net
2025-08,Ecuador,38,slt2_us_lt_total_net
2025-08,Egypt,-51,slt1_for_lt_total_net
2025-08,Egypt,-53,slt2_us_lt_total_net
2025-08,Finland,-500,slt1_for_lt_total_net
2025-08,Finland,240,slt2_us_lt_total_net
2025-08,France,4154,slt1_for_lt_total_net
2025-08,France,3876,slt2_us_lt_total_net
2025-08,Germany,-2451,slt1_for_lt_total_net
2025-08,Germany,-1914,slt2_us_lt_total_net
2025-08,Grand Total,180271,slt1_for_lt_total_net
2025-08,Grand Total,47909,slt2_us_lt_total_net
2025-08,Greece,-206,slt1_for_lt_total_net
2025-08,Greece,-330,slt2_us_lt_total_net
2025-08,Guatemala,1085,slt1_for_lt_total_net
2025-08,Guatemala,-16,slt2_us_lt_total_net
2025-08,Guernsey,241,slt1_for_lt_total_net
2025-08,Guernsey,-1,slt2_us_lt_total_net
2025-08,Hong Kong,13175,slt1_for_lt_total_net
2025-08,Hong Kong,1126,slt2_us_lt_total_net
2025-08,Hungary,57,slt1_for_lt_total_net
2025-08,Hungary,-202,slt2_us_lt_total_net
2025-08,India,-4620,slt1_for_lt_total_net
2025-08,India,-1435,slt2_us_lt_total_net
2025-08,Indonesia,-60,slt1_for_lt_total_net
2025-08,Indonesia,300,slt2_us_lt_total_net
2025-08,International,438,slt1_for_lt_total_net
2025-08,International,1075,slt2_us_lt_total_net
2025-08,Ireland,19023,slt1_for_lt_total_net
2025-08,Ireland,3348,slt2_us_lt_total_net
2025-08,Israel,-1,slt1_for_lt_total_net
2025-08,Israel,-1454,slt2_us_lt_total_net
2025-08,Italy,2381,slt1_for_lt_total_net
2025-08,Italy,-372,slt2_us_lt_total_net
2025-08,Jamaica,45,slt1_for_lt_total_net
2025-08,Jamaica,234,slt2_us_lt_total_net
2025-08,Japan,37241,slt1_for_lt_total_net
2025-08,Japan,4659,slt2_us_lt_total_net
2025-08,Jersey,575,slt1_for_lt_total_net
2025-08,Jersey,-212,slt2_us_lt_total_net
2025-08,Kazakhstan,-7,slt1_for_lt_total_net
2025-08,Kazakhstan,32,slt2_us_lt_total_net
2025-08,"Korea, South",5954,slt1_for_lt_total_net
2025-08,"Korea, South",1141,slt2_us_lt_total_net
2025-08,Kuwait,-2550,slt1_for_lt_total_net
2025-08,Kuwait,34,slt2_us_lt_total_net
2025-08,Lebanon,6,slt1_for_lt_total_net
2025-08,Lebanon,4,slt2_us_lt_total_net
2025-08,Liberia,-38,slt1_for_lt_total_net
2025-08,Liberia,-89,slt2_us_lt_total_net
2025-08,Luxembourg,30017,slt1_for_lt_total_net
2025-08,Luxembourg,6976,slt2_us_lt_total_net
2025-08,Malaysia,528,slt1_for_lt_total_net
2025-08,Malaysia,-175,slt2_us_lt_total_net
2025-08,Mauritius,154,slt1_for_lt_total_net
2025-08,Mauritius,2,slt2_us_lt_total_net
2025-08,Memo: Euro Area,47109,slt1_for_lt_total_net
2025-08,Memo: Euro Area,14606,slt2_us_lt_total_net
2025-08,Memo: European Union,44975,slt1_for_lt_total_net
2025-08,Memo: European Union,12087,slt2_us_lt_total_net
2025-08,Mexico,-2974,slt1_for_lt_total_net
2025-08,Mexico,-367,slt2_us_lt_total_net
2025-08,Monaco,-17,slt1_for_lt_total_net
2025-08,Monaco,0,slt2_us_lt_total_net
2025-08,Morocco,59,slt1_for_lt_total_net
2025-08,Morocco,26,slt2_us_lt_total_net
2025-08,Netherlands,-5292,slt1_for_lt_total_net
2025-08,Netherlands,1076,slt2_us_lt_total_net
2025-08,New Zealand,-211,slt1_for_lt_total_net
2025-08,New Zealand,39,slt2_us_lt_total_net
2025-08,Norway,8935,slt1_for_lt_total_net
2025-08,Norway,-51,slt2_us_lt_total_net
2025-08,Of Which: Asset-Backed Securities,20817,slt1_for_lt_total_net
2025-08,Of Which: Asset-Backed Securities,-2298,slt2_us_lt_total_net
2025-08,Of Which: Depository Institutions,1499,slt1_for_lt_total_net
2025-08,Of Which: Depository Institutions,4288,slt2_us_lt_total_net
2025-08,Of Which: Foreign Non-Official,196516,slt1_for_lt_total_net
2025-08,Of Which: Foreign Non-Official Asset-Backed Securities,25775,slt1_for_lt_total_net
2025-08,Of Which: Foreign Non-Official Depository Institutions,1417,slt1_for_lt_total_net
2025-08,Of Which: Foreign Non-Official Fund Shares,33696,slt1_for_lt_total_net
2025-08,Of Which: Foreign Non-Official Non-Financial Organizations,62483,slt1_for_lt_total_net
2025-08,Of Which: Foreign Non-Official Other Financial Organizations,51921,slt1_for_lt_total_net
2025-08,Of Which: Foreign Non-Official State & Local General Government,166,slt1_for_lt_total_net
2025-08,Of Which: Foreign Official,-16245,slt1_for_lt_total_net
2025-08,Of Which: Foreign Official Asset-Backed Securities,-4958,slt1_for_lt_total_net
2025-08,Of Which: Foreign Official Depository Institutions,82,slt1_for_lt_total_net
2025-08,Of Which: Foreign Official Fund Shares,-1210,slt1_for_lt_total_net
2025-08,Of Which: Foreign Official Non-Financial Organizations,-341,slt1_for_lt_total_net
2025-08,Of Which: Foreign Official Other Financial Organizations,1011,slt1_for_lt_total_net
2025-08,Of Which: Foreign Official State & Local General Government,27,slt1_for_lt_total_net
2025-08,Of Which: Fund Shares,32486,slt1_for_lt_total_net
2025-08,Of Which: Fund Shares,9389,slt2_us_lt_total_net
2025-08,Of Which: Non-Financial Organizations,62142,slt1_for_lt_total_net
2025-08,Of Which: Non-Financial Organizations,13571,slt2_us_lt_total_net
2025-08,Of Which: Other Financial Organizations,52932,slt1_for_lt_total_net
2025-08,Of Which: Other Financial Organizations,29935,slt2_us_lt_total_net
2025-08,Of Which: State & Local General Government,193,slt1_for_lt_total_net
2025-08,Pakistan,-1,slt1_for_lt_total_net
2025-08,Pakistan,-62,slt2_us_lt_total_net
2025-08,Panama,1217,slt1_for_lt_total_net
2025-08,Panama,-215,slt2_us_lt_total_net
2025-08,Peru,741,slt1_for_lt_total_net
2025-08,Peru,267,slt2_us_lt_total_net
2025-08,Philippines,2234,slt1_for_lt_total_net
2025-08,Philippines,49,slt2_us_lt_total_net
2025-08,Poland,-5990,slt1_for_lt_total_net
2025-08,Poland,86,slt2_us_lt_total_net
2025-08,Portugal,164,slt1_for_lt_total_net
2025-08,Portugal,148,slt2_us_lt_total_net
2025-08,Romania,184,slt1_for_lt_total_net
2025-08,Romania,38,slt2_us_lt_total_net
2025-08,Russia,6,slt1_for_lt_total_net
2025-08,Russia,8,slt2_us_lt_total_net
2025-08,Saint Kitts and Nevis,88,slt1_for_lt_total_net
2025-08,Saudi Arabia,-273,slt1_for_lt_total_net
2025-08,Serbia,-1,slt1_for_lt_total_net
2025-08,Serbia,-55,slt2_us_lt_total_net
2025-08,Singapore,14470,slt1_for_lt_total_net
2025-08,Singapore,-522,slt2_us_lt_total_net
2025-08,South Africa,565,slt1_for_lt_total_net
2025-08,South Africa,-11,slt2_us_lt_total_net
2025-08,Spain,247,slt1_for_lt_total_net
2025-08,Spain,667,slt2_us_lt_total_net
2025-08,Sweden,1861,slt1_for_lt_total_net
2025-08,Sweden,705,slt2_us_lt_total_net
2025-08,Switzerland,-995,slt1_for_lt_total_net
2025-08,Switzerland,1157,slt2_us_lt_total_net
2025-08,Syria,0,slt1_for_lt_total_net
2025-08,Taiwan,2205,slt1_for_lt_total_net
2025-08,Taiwan,3242,slt2_us_lt_total_net
2025-08,Thailand,413,slt1_for_lt_total_net
2025-08,Thailand,374,slt2_us_lt_total_net
2025-08,Total Africa,1194,slt1_for_lt_total_net
2025-08,Total Africa,-37,slt2_us_lt_total_net
2025-08,Total Asia,49642,slt1_for_lt_total_net
2025-08,Total Asia,11880,slt2_us_lt_total_net
2025-08,Total Caribbean,3434,slt1_for_lt_total_net
2025-08,Total Caribbean,12044,slt2_us_lt_total_net
2025-08,Total Europe,54849,slt1_for_lt_total_net
2025-08,Total Europe,16450,slt2_us_lt_total_net
2025-08,Total IROs,2667,slt1_for_lt_total_net
2025-08,Total IROs,3122,slt2_us_lt_total_net
2025-08,Total Latin America,-11029,slt1_for_lt_total_net
2025-08,Total Latin America,1884,slt2_us_lt_total_net
2025-08,Total Other,-2630,slt1_for_lt_total_net
2025-08,Total Other,1281,slt2_us_lt_total_net
2025-08,Total Regional Orgs.,2229,slt1_for_lt_total_net
2025-08,Total Regional Orgs.,2047,slt2_us_lt_total_net
2025-08,Trinidad and Tobago,67,slt1_for_lt_total_net
2025-08,Trinidad and Tobago,-8,slt2_us_lt_total_net
2025-08,Turkey,1561,slt1_for_lt_total_net
2025-08,Turkey,35,slt2_us_lt_total_net
2025-08,Ukraine,253,slt1_for_lt_total_net
2025-08,Ukraine,123,slt2_us_lt_total_net
2025-08,United Arab Emirates,11091,slt1_for_lt_total_net
2025-08,United Arab Emirates,-30,slt2_us_lt_total_net
2025-08,United Kingdom,-1485,slt1_for_lt_total_net
2025-08,United Kingdom,3419,slt2_us_lt_total_net
2025-08,Uruguay,-43,slt1_for_lt_total_net
2025-08,Uruguay,-98,slt2_us_lt_total_net
2025-08,Venezuela,65,slt1_for_lt_total_net
2025-08,Venezuela,-14,slt2_us_lt_total_net
2025-09,All Countries,202885,slt1_for_lt_total_net
2025-09,All Countries,28736,slt2_us_lt_total_net
2025-09,Anguilla,-2,slt1_for_lt_total_net
2025-09,Argentina,474,slt1_for_lt_total_net
2025-09,Argentina,-292,slt2_us_lt_total_net
2025-09,Aruba,23,slt1_for_lt_total_net
2025-09,Aruba,-10,slt2_us_lt_total_net
2025-09,Australia,11967,slt1_for_lt_total_net
2025-09,Australia,1850,slt2_us_lt_total_net
2025-09,Austria,522,slt1_for_lt_total_net
2025-09,Austria,-172,slt2_us_lt_total_net
2025-09,Bahamas,453,slt1_for_lt_total_net
2025-09,Bahamas,31,slt2_us_lt_total_net
2025-09,Barbados,140,slt1_for_lt_total_net
2025-09,Barbados,135,slt2_us_lt_total_net
2025-09,Belgium,4849,slt1_for_lt_total_net
2025-09,Belgium,315,slt2_us_lt_total_net
2025-09,Bermuda,4027,slt1_for_lt_total_net
2025-09,Bermuda,-596,slt2_us_lt_total_net
2025-09,Brazil,-12362,slt1_for_lt_total_net
2025-09,Brazil,1944,slt2_us_lt_total_net
2025-09,British Virgin Islands,7181,slt1_for_lt_total_net
2025-09,British Virgin Islands,-433,slt2_us_lt_total_net
2025-09,Bulgaria,-18,slt1_for_lt_total_net
2025-09,Bulgaria,-30,slt2_us_lt_total_net
2025-09,Canada,43327,slt1_for_lt_total_net
2025-09,Canada,2710,slt2_us_lt_total_net
2025-09,Cayman Islands,53028,slt1_for_lt_total_net
2025-09,Cayman Islands,6933,slt2_us_lt_total_net
2025-09,Chile,1370,slt1_for_lt_total_net
2025-09,Chile,776,slt2_us_lt_total_net
2025-09,"China, Mainland",-10075,slt1_for_lt_total_net
2025-09,"China, Mainland",-3901,slt2_us_lt_total_net
2025-09,Colombia,974,slt1_for_lt_total_net
2025-09,Colombia,-320,slt2_us_lt_total_net
2025-09,Costa Rica,253,slt1_for_lt_total_net
2025-09,Costa Rica,18,slt2_us_lt_total_net
2025-09,Cuba,0,slt1_for_lt_total_net
2025-09,Cuba,0,slt2_us_lt_total_net
2025-09,Curacao,119,slt1_for_lt_total_net
2025-09,Curacao,-707,slt2_us_lt_total_net
2025-09,Cyprus,213,slt1_for_lt_total_net
2025-09,Cyprus,110,slt2_us_lt_total_net
2025-09,Czech Republic,698,slt1_for_lt_total_net
2025-09,Czech Republic,-258,slt2_us_lt_total_net
2025-09,Denmark,3845,slt1_for_lt_total_net
2025-09,Denmark,476,slt2_us_lt_total_net
2025-09,Ecuador,30,slt1_for_lt_total_net
2025-09,Ecuador,275,slt2_us_lt_total_net
2025-09,Egypt,-4,slt1_for_lt_total_net
2025-09,Egypt,-4,slt2_us_lt_total_net
2025-09,Finland,289,slt1_for_lt_total_net
2025-09,Finland,296,slt2_us_lt_total_net
2025-09,France,-2251,slt1_for_lt_total_net
2025-09,France,-1355,slt2_us_lt_total_net
2025-09,Germany,6079,slt1_for_lt_total_net
2025-09,Germany,-4369,slt2_us_lt_total_net
2025-09,Grand Total,204363,slt1_for_lt_total_net
2025-09,Grand Total,27651,slt2_us_lt_total_net
2025-09,Greece,167,slt1_for_lt_total_net
2025-09,Greece,-291,slt2_us_lt_total_net
2025-09,Guatemala,646,slt1_for_lt_total_net
2025-09,Guatemala,-21,slt2_us_lt_total_net
2025-09,Guernsey,-292,slt1_for_lt_total_net
2025-09,Guernsey,-198,slt2_us_lt_total_net
2025-09,Hong Kong,-2708,slt1_for_lt_total_net
2025-09,Hong Kong,8,slt2_us_lt_total_net
2025-09,Hungary,265,slt1_for_lt_total_net
2025-09,Hungary,372,slt2_us_lt_total_net
2025-09,India,-14414,slt1_for_lt_total_net
2025-09,India,-807,slt2_us_lt_total_net
2025-09,Indonesia,-967,slt1_for_lt_total_net
2025-09,Indonesia,-903,slt2_us_lt_total_net
2025-09,International,1651,slt1_for_lt_total_net
2025-09,International,-106,slt2_us_lt_total_net
2025-09,Ireland,28312,slt1_for_lt_total_net
2025-09,Ireland,4571,slt2_us_lt_total_net
2025-09,Israel,7375,slt1_for_lt_total_net
2025-09,Israel,2708,slt2_us_lt_total_net
2025-09,Italy,2107,slt1_for_lt_total_net
2025-09,Italy,-1949,slt2_us_lt_total_net
2025-09,Jamaica,26,slt1_for_lt_total_net
2025-09,Jamaica,-64,slt2_us_lt_total_net
2025-09,Japan,13817,slt1_for_lt_total_net
2025-09,Japan,3005,slt2_us_lt_total_net
2025-09,Jersey,363,slt1_for_lt_total_net
2025-09,Jersey,-983,slt2_us_lt_total_net
2025-09,Kazakhstan,-225,slt1_for_lt_total_net
2025-09,Kazakhstan,45,slt2_us_lt_total_net
2025-09,"Korea, South",18138,slt1_for_lt_total_net
2025-09,"Korea, South",2407,slt2_us_lt_total_net
2025-09,Kuwait,-1932,slt1_for_lt_total_net
2025-09,Kuwait,-6,slt2_us_lt_total_net
2025-09,Lebanon,4,slt1_for_lt_total_net
2025-09,Lebanon,20,slt2_us_lt_total_net
2025-09,Liberia,20,slt1_for_lt_total_net
2025-09,Liberia,-971,slt2_us_lt_total_net
2025-09,Luxembourg,21014,slt1_for_lt_total_net
2025-09,Luxembourg,4745,slt2_us_lt_total_net
2025-09,Malaysia,595,slt1_for_lt_total_net
2025-09,Malaysia,449,slt2_us_lt_total_net
2025-09,Mauritius,532,slt1_for_lt_total_net
2025-09,Mauritius,-82,slt2_us_lt_total_net
2025-09,Memo: Euro Area,54655,slt1_for_lt_total_net
2025-09,Memo: Euro Area,6458,slt2_us_lt_total_net
2025-09,Memo: European Union,63137,slt1_for_lt_total_net
2025-09,Memo: European Union,6760,slt2_us_lt_total_net
2025-09,Mexico,-2749,slt1_for_lt_total_net
2025-09,Mexico,4980,slt2_us_lt_total_net
2025-09,Monaco,40,slt1_for_lt_total_net
2025-09,Monaco,-2,slt2_us_lt_total_net
2025-09,Morocco,-128,slt1_for_lt_total_net
2025-09,Morocco,-35,slt2_us_lt_total_net
2025-09,Netherlands,-1971,slt1_for_lt_total_net
2025-09,Netherlands,4832,slt2_us_lt_total_net
2025-09,New Zealand,669,slt1_for_lt_total_net
2025-09,New Zealand,-95,slt2_us_lt_total_net
2025-09,Norway,12960,slt1_for_lt_total_net
2025-09,Norway,-211,slt2_us_lt_total_net
2025-09,Of Which: Asset-Backed Securities,15900,slt1_for_lt_total_net
2025-09,Of Which: Asset-Backed Securities,-839,slt2_us_lt_total_net
2025-09,Of Which: Depository Institutions,2061,slt1_for_lt_total_net
2025-09,Of Which: Depository Institutions,-9663,slt2_us_lt_total_net
2025-09,Of Which: Foreign Non-Official,208420,slt1_for_lt_total_net
2025-09,Of Which: Foreign Non-Official Asset-Backed Securities,17915,slt1_for_lt_total_net
2025-09,Of Which: Foreign Non-Official Depository Institutions,2094,slt1_for_lt_total_net
2025-09,Of Which: Foreign Non-Official Fund Shares,31607,slt1_for_lt_total_net
2025-09,Of Which: Foreign Non-Official Non-Financial Organizations,96852,slt1_for_lt_total_net
2025-09,Of Which: Foreign Non-Official Other Financial Organizations,51564,slt1_for_lt_total_net
2025-09,Of Which: Foreign Non-Official State & Local General Government,-849,slt1_for_lt_total_net
2025-09,Of Which: Foreign Official,-4057,slt1_for_lt_total_net
2025-09,Of Which: Foreign Official Asset-Backed Securities,-2015,slt1_for_lt_total_net
2025-09,Of Which: Foreign Official Depository Institutions,-33,slt1_for_lt_total_net
2025-09,Of Which: Foreign Official Fund Shares,527,slt1_for_lt_total_net
2025-09,Of Which: Foreign Official Non-Financial Organizations,15234,slt1_for_lt_total_net
2025-09,Of Which: Foreign Official Other Financial Organizations,3504,slt1_for_lt_total_net
2025-09,Of Which: Foreign Official State & Local General Government,-103,slt1_for_lt_total_net
2025-09,Of Which: Fund Shares,32134,slt1_for_lt_total_net
2025-09,Of Which: Fund Shares,6187,slt2_us_lt_total_net
2025-09,Of Which: Non-Financial Organizations,112086,slt1_for_lt_total_net
2025-09,Of Which: Non-Financial Organizations,6661,slt2_us_lt_total_net
2025-09,Of Which: Other Financial Organizations,55068,slt1_for_lt_total_net
2025-09,Of Which: Other Financial Organizations,29873,slt2_us_lt_total_net
2025-09,Of Which: State & Local General Government,-952,slt1_for_lt_total_net
2025-09,Pakistan,0,slt1_for_lt_total_net
2025-09,Pakistan,-3,slt2_us_lt_total_net
2025-09,Panama,996,slt1_for_lt_total_net
2025-09,Panama,363,slt2_us_lt_total_net
2025-09,Peru,401,slt1_for_lt_total_net
2025-09,Peru,28,slt2_us_lt_total_net
2025-09,Philippines,74,slt1_for_lt_total_net
2025-09,Philippines,26,slt2_us_lt_total_net
2025-09,Poland,933,slt1_for_lt_total_net
2025-09,Poland,-659,slt2_us_lt_total_net
2025-09,Portugal,-331,slt1_for_lt_total_net
2025-09,Portugal,67,slt2_us_lt_total_net
2025-09,Romania,-626,slt1_for_lt_total_net
2025-09,Romania,-162,slt2_us_lt_total_net
2025-09,Russia,-1,slt1_for_lt_total_net
2025-09,Russia,-4,slt2_us_lt_total_net
2025-09,Saint Kitts and Nevis,224,slt1_for_lt_total_net
2025-09,Saudi Arabia,503,slt1_for_lt_total_net
2025-09,Serbia,20,slt1_for_lt_total_net
2025-09,Serbia,-92,slt2_us_lt_total_net
2025-09,Singapore,5824,slt1_for_lt_total_net
2025-09,Singapore,-899,slt2_us_lt_total_net
2025-09,South Africa,-806,slt1_for_lt_total_net
2025-09,South Africa,1293,slt2_us_lt_total_net
2025-09,Spain,-4576,slt1_for_lt_total_net
2025-09,Spain,-455,slt2_us_lt_total_net
2025-09,Sweden,3385,slt1_for_lt_total_net
2025-09,Sweden,563,slt2_us_lt_total_net
2025-09,Switzerland,5435,slt1_for_lt_total_net
2025-09,Switzerland,-257,slt2_us_lt_total_net
2025-09,Syria,0,slt1_for_lt_total_net
2025-09,Taiwan,4051,slt1_for_lt_total_net
2025-09,Taiwan,-884,slt2_us_lt_total_net
2025-09,Thailand,1894,slt1_for_lt_total_net
2025-09,Thailand,155,slt2_us_lt_total_net
2025-09,Total Africa,-282,slt1_for_lt_total_net
2025-09,Total Africa,-234,slt2_us_lt_total_net
2025-09,Total Asia,20087,slt1_for_lt_total_net
2025-09,Total Asia,1474,slt2_us_lt_total_net
2025-09,Total Caribbean,65389,slt1_for_lt_total_net
2025-09,Total Caribbean,5245,slt2_us_lt_total_net
2025-09,Total Europe,71586,slt1_for_lt_total_net
2025-09,Total Europe,9974,slt2_us_lt_total_net
2025-09,Total IROs,1478,slt1_for_lt_total_net
2025-09,Total IROs,-1085,slt2_us_lt_total_net
2025-09,Total Latin America,-10221,slt1_for_lt_total_net
2025-09,Total Latin America,7754,slt2_us_lt_total_net
2025-09,Total Other,12996,slt1_for_lt_total_net
2025-09,Total Other,1813,slt2_us_lt_total_net
2025-09,Total Regional Orgs.,-173,slt1_for_lt_total_net
2025-09,Total Regional Orgs.,-979,slt2_us_lt_total_net
2025-09,Trinidad and Tobago,-48,slt1_for_lt_total_net
2025-09,Trinidad and Tobago,19,slt2_us_lt_total_net
2025-09,Turkey,301,slt1_for_lt_total_net
2025-09,Turkey,928,slt2_us_lt_total_net
2025-09,Ukraine,-261,slt1_for_lt_total_net
2025-09,Ukraine,-21,slt2_us_lt_total_net
2025-09,United Arab Emirates,-2771,slt1_for_lt_total_net
2025-09,United Arab Emirates,350,slt2_us_lt_total_net
2025-09,United Kingdom,-9900,slt1_for_lt_total_net
2025-09,United Kingdom,4015,slt2_us_lt_total_net
2025-09,Uruguay,-424,slt1_for_lt_total_net
2025-09,Uruguay,-61,slt2_us_lt_total_net
2025-09,Venezuela,54,slt1_for_lt_total_net
2025-09,Venezuela,25,slt2_us_lt_total_net
2025-10,All Countries,51628,slt1_for_lt_total_net
2025-10,All Countries,18704,slt2_us_lt_total_net
2025-10,Anguilla,26,slt1_for_lt_total_net
2025-10,Argentina,1157,slt1_for_lt_total_net
2025-10,Argentina,440,slt2_us_lt_total_net
2025-10,Aruba,30,slt1_for_lt_total_net
2025-10,Aruba,-10,slt2_us_lt_total_net
2025-10,Australia,6694,slt1_for_lt_total_net
2025-10,Australia,-769,slt2_us_lt_total_net
2025-10,Austria,-916,slt1_for_lt_total_net
2025-10,Austria,11,slt2_us_lt_total_net
2025-10,Bahamas,1241,slt1_for_lt_total_net
2025-10,Bahamas,-9,slt2_us_lt_total_net
2025-10,Barbados,-22,slt1_for_lt_total_net
2025-10,Barbados,16,slt2_us_lt_total_net
2025-10,Belgium,-16324,slt1_for_lt_total_net
2025-10,Belgium,412,slt2_us_lt_total_net
2025-10,Bermuda,2213,slt1_for_lt_total_net
2025-10,Bermuda,-952,slt2_us_lt_total_net
2025-10,Brazil,-5411,slt1_for_lt_total_net
2025-10,Brazil,1794,slt2_us_lt_total_net
2025-10,British Virgin Islands,6431,slt1_for_lt_total_net
2025-10,British Virgin Islands,-456,slt2_us_lt_total_net
2025-10,Bulgaria,-57,slt1_for_lt_total_net
2025-10,Bulgaria,3,slt2_us_lt_total_net
2025-10,Canada,-83452,slt1_for_lt_total_net
2025-10,Canada,11504,slt2_us_lt_total_net
2025-10,Cayman Islands,4419,slt1_for_lt_total_net
2025-10,Cayman Islands,-2101,slt2_us_lt_total_net
2025-10,Chile,2313,slt1_for_lt_total_net
2025-10,Chile,-22,slt2_us_lt_total_net
2025-10,"China, Mainland",-11443,slt1_for_lt_total_net
2025-10,"China, Mainland",-740,slt2_us_lt_total_net
2025-10,Colombia,-2379,slt1_for_lt_total_net
2025-10,Colombia,-1383,slt2_us_lt_total_net
2025-10,Costa Rica,38,slt1_for_lt_total_net
2025-10,Costa Rica,62,slt2_us_lt_total_net
2025-10,Cuba,0,slt1_for_lt_total_net
2025-10,Cuba,0,slt2_us_lt_total_net
2025-10,Curacao,19,slt1_for_lt_total_net
2025-10,Curacao,176,slt2_us_lt_total_net
2025-10,Cyprus,413,slt1_for_lt_total_net
2025-10,Cyprus,-46,slt2_us_lt_total_net
2025-10,Czech Republic,44,slt1_for_lt_total_net
2025-10,Czech Republic,-119,slt2_us_lt_total_net
2025-10,Denmark,-5168,slt1_for_lt_total_net
2025-10,Denmark,946,slt2_us_lt_total_net
2025-10,Ecuador,48,slt1_for_lt_total_net
2025-10,Ecuador,-103,slt2_us_lt_total_net
2025-10,Egypt,-6,slt1_for_lt_total_net
2025-10,Egypt,93,slt2_us_lt_total_net
2025-10,Finland,53,slt1_for_lt_total_net
2025-10,Finland,275,slt2_us_lt_total_net
2025-10,France,53284,slt1_for_lt_total_net
2025-10,France,14146,slt2_us_lt_total_net
2025-10,Germany,-3262,slt1_for_lt_total_net
2025-10,Germany,-2634,slt2_us_lt_total_net
2025-10,Grand Total,52808,slt1_for_lt_total_net
2025-10,Grand Total,22230,slt2_us_lt_total_net
2025-10,Greece,90,slt1_for_lt_total_net
2025-10,Greece,-268,slt2_us_lt_total_net
2025-10,Guatemala,828,slt1_for_lt_total_net
2025-10,Guatemala,-34,slt2_us_lt_total_net
2025-10,Guernsey,1916,slt1_for_lt_total_net
2025-10,Guernsey,248,slt2_us_lt_total_net
2025-10,Hong Kong,12673,slt1_for_lt_total_net
2025-10,Hong Kong,475,slt2_us_lt_total_net
2025-10,Hungary,-50,slt1_for_lt_total_net
2025-10,Hungary,584,slt2_us_lt_total_net
2025-10,India,-14021,slt1_for_lt_total_net
2025-10,India,1533,slt2_us_lt_total_net
2025-10,Indonesia,-402,slt1_for_lt_total_net
2025-10,Indonesia,807,slt2_us_lt_total_net
2025-10,International,1550,slt1_for_lt_total_net
2025-10,International,1437,slt2_us_lt_total_net
2025-10,Ireland,25421,slt1_for_lt_total_net
2025-10,Ireland,-3930,slt2_us_lt_total_net
2025-10,Israel,3568,slt1_for_lt_total_net
2025-10,Israel,-1088,slt2_us_lt_total_net
2025-10,Italy,571,slt1_for_lt_total_net
2025-10,Italy,-442,slt2_us_lt_total_net
2025-10,Jamaica,3,slt1_for_lt_total_net
2025-10,Jamaica,-32,slt2_us_lt_total_net
2025-10,Japan,-2682,slt1_for_lt_total_net
2025-10,Japan,9348,slt2_us_lt_total_net
2025-10,Jersey,172,slt1_for_lt_total_net
2025-10,Jersey,-1231,slt2_us_lt_total_net
2025-10,Kazakhstan,196,slt1_for_lt_total_net
2025-10,Kazakhstan,216,slt2_us_lt_total_net
2025-10,"Korea, South",12125,slt1_for_lt_total_net
2025-10,"Korea, South",-114,slt2_us_lt_total_net
2025-10,Kuwait,1230,slt1_for_lt_total_net
2025-10,Kuwait,1895,slt2_us_lt_total_net
2025-10,Lebanon,11,slt1_for_lt_total_net
2025-10,Lebanon,18,slt2_us_lt_total_net
2025-10,Liberia,4,slt1_for_lt_total_net
2025-10,Liberia,825,slt2_us_lt_total_net
2025-10,Luxembourg,4454,slt1_for_lt_total_net
2025-10,Luxembourg,-3686,slt2_us_lt_total_net
2025-10,Malaysia,87,slt1_for_lt_total_net
2025-10,Malaysia,-271,slt2_us_lt_total_net
2025-10,Mauritius,37,slt1_for_lt_total_net
2025-10,Mauritius,-492,slt2_us_lt_total_net
2025-10,Memo: Euro Area,71886,slt1_for_lt_total_net
2025-10,Memo: Euro Area,-227,slt2_us_lt_total_net
2025-10,Memo: European Union,69926,slt1_for_lt_total_net
2025-10,Memo: European Union,2014,slt2_us_lt_total_net
2025-10,Mexico,2093,slt1_for_lt_total_net
2025-10,Mexico,-3845,slt2_us_lt_total_net
2025-10,Monaco,71,slt1_for_lt_total_net
2025-10,Monaco,-1,slt2_us_lt_total_net
2025-10,Morocco,-17,slt1_for_lt_total_net
2025-10,Morocco,-80,slt2_us_lt_total_net
2025-10,Netherlands,-3755,slt1_for_lt_total_net
2025-10,Netherlands,-4632,slt2_us_lt_total_net
2025-10,New Zealand,379,slt1_for_lt_total_net
2025-10,New Zealand,190,slt2_us_lt_total_net
2025-10,Norway,-20347,slt1_for_lt_total_net
2025-10,Norway,124,slt2_us_lt_total_net
2025-10,Of Which: Asset-Backed Securities,28555,slt1_for_lt_total_net
2025-10,Of Which: Asset-Backed Securities,-2123,slt2_us_lt_total_net
2025-10,Of Which: Depository Institutions,1699,slt1_for_lt_total_net
2025-10,Of Which: Depository Institutions,6043,slt2_us_lt_total_net
2025-10,Of Which: Foreign Non-Official,64121,slt1_for_lt_total_net
2025-10,Of Which: Foreign Non-Official Asset-Backed Securities,22442,slt1_for_lt_total_net
2025-10,Of Which: Foreign Non-Official Depository Institutions,1304,slt1_for_lt_total_net
2025-10,Of Which: Foreign Non-Official Fund Shares,30957,slt1_for_lt_total_net
2025-10,Of Which: Foreign Non-Official Non-Financial Organizations,8763,slt1_for_lt_total_net
2025-10,Of Which: Foreign Non-Official Other Financial Organizations,66836,slt1_for_lt_total_net
2025-10,Of Which: Foreign Non-Official State & Local General Government,-778,slt1_for_lt_total_net
2025-10,Of Which: Foreign Official,-11313,slt1_for_lt_total_net
2025-10,Of Which: Foreign Official Asset-Backed Securities,6113,slt1_for_lt_total_net
2025-10,Of Which: Foreign Official Depository Institutions,395,slt1_for_lt_total_net
2025-10,Of Which: Foreign Official Fund Shares,926,slt1_for_lt_total_net
2025-10,Of Which: Foreign Official Non-Financial Organizations,6593,slt1_for_lt_total_net
2025-10,Of Which: Foreign Official Other Financial Organizations,2666,slt1_for_lt_total_net
2025-10,Of Which: Foreign Official State & Local General Government,11,slt1_for_lt_total_net
2025-10,Of Which: Fund Shares,31883,slt1_for_lt_total_net
2025-10,Of Which: Fund Shares,-3430,slt2_us_lt_total_net
2025-10,Of Which: Non-Financial Organizations,15356,slt1_for_lt_total_net
2025-10,Of Which: Non-Financial Organizations,10187,slt2_us_lt_total_net
2025-10,Of Which: Other Financial Organizations,69502,slt1_for_lt_total_net
2025-10,Of Which: Other Financial Organizations,6079,slt2_us_lt_total_net
2025-10,Of Which: State & Local General Government,-767,slt1_for_lt_total_net
2025-10,Pakistan,-2,slt1_for_lt_total_net
2025-10,Pakistan,59,slt2_us_lt_total_net
2025-10,Panama,932,slt1_for_lt_total_net
2025-10,Panama,595,slt2_us_lt_total_net
2025-10,Peru,455,slt1_for_lt_total_net
2025-10,Peru,82,slt2_us_lt_total_net
2025-10,Philippines,1602,slt1_for_lt_total_net
2025-10,Philippines,-108,slt2_us_lt_total_net
2025-10,Poland,1080,slt1_for_lt_total_net
2025-10,Poland,-282,slt2_us_lt_total_net
2025-10,Portugal,276,slt1_for_lt_total_net
2025-10,Portugal,-68,slt2_us_lt_total_net
2025-10,Romania,291,slt1_for_lt_total_net
2025-10,Romania,794,slt2_us_lt_total_net
2025-10,Russia,-1,slt1_for_lt_total_net
2025-10,Russia,-4,slt2_us_lt_total_net
2025-10,Saint Kitts and Nevis,191,slt1_for_lt_total_net
2025-10,Saudi Arabia,1228,slt1_for_lt_total_net
2025-10,Serbia,-173,slt1_for_lt_total_net
2025-10,Serbia,-45,slt2_us_lt_total_net
2025-10,Singapore,24726,slt1_for_lt_total_net
2025-10,Singapore,-437,slt2_us_lt_total_net
2025-10,South Africa,712,slt1_for_lt_total_net
2025-10,South Africa,373,slt2_us_lt_total_net
2025-10,Spain,11265,slt1_for_lt_total_net
2025-10,Spain,487,slt2_us_lt_total_net
2025-10,Sweden,1900,slt1_for_lt_total_net
2025-10,Sweden,315,slt2_us_lt_total_net
2025-10,Switzerland,-12126,slt1_for_lt_total_net
2025-10,Switzerland,-992,slt2_us_lt_total_net
2025-10,Syria,0,slt1_for_lt_total_net
2025-10,Taiwan,-22,slt1_for_lt_total_net
2025-10,Taiwan,1967,slt2_us_lt_total_net
2025-10,Thailand,682,slt1_for_lt_total_net
2025-10,Thailand,402,slt2_us_lt_total_net
2025-10,Total Africa,1282,slt1_for_lt_total_net
2025-10,Total Africa,1916,slt2_us_lt_total_net
2025-10,Total Asia,32113,slt1_for_lt_total_net
2025-10,Total Asia,14539,slt2_us_lt_total_net
2025-10,Total Caribbean,14530,slt1_for_lt_total_net
2025-10,Total Caribbean,-3168,slt2_us_lt_total_net
2025-10,Total Europe,78209,slt1_for_lt_total_net
2025-10,Total Europe,-3452,slt2_us_lt_total_net
2025-10,Total IROs,1180,slt1_for_lt_total_net
2025-10,Total IROs,3526,slt2_us_lt_total_net
2025-10,Total Latin America,1486,slt1_for_lt_total_net
2025-10,Total Latin America,-2154,slt2_us_lt_total_net
2025-10,Total Other,7463,slt1_for_lt_total_net
2025-10,Total Other,-481,slt2_us_lt_total_net
2025-10,Total Regional Orgs.,-370,slt1_for_lt_total_net
2025-10,Total Regional Orgs.,2089,slt2_us_lt_total_net
2025-10,Trinidad and Tobago,-144,slt1_for_lt_total_net
2025-10,Trinidad and Tobago,-5,slt2_us_lt_total_net
2025-10,Turkey,453,slt1_for_lt_total_net
2025-10,Turkey,71,slt2_us_lt_total_net
2025-10,Ukraine,2606,slt1_for_lt_total_net
2025-10,Ukraine,20,slt2_us_lt_total_net
2025-10,United Arab Emirates,3534,slt1_for_lt_total_net
2025-10,United Arab Emirates,310,slt2_us_lt_total_net
2025-10,United Kingdom,35160,slt1_for_lt_total_net
2025-10,United Kingdom,-3898,slt2_us_lt_total_net
2025-10,Uruguay,564,slt1_for_lt_total_net
2025-10,Uruguay,323,slt2_us_lt_total_net
2025-10,Venezuela,446,slt1_for_lt_total_net
2025-10,Venezuela,8,slt2_us_lt_total_net
2025-11,All Countries,210417,slt1_for_lt_total_net
2025-11,All Countries,13926,slt2_us_lt_total_net
2025-11,Anguilla,57,slt1_for_lt_total_net
2025-11,Argentina,277,slt1_for_lt_total_net
2025-11,Argentina,768,slt2_us_lt_total_net
2025-11,Aruba,10,slt1_for_lt_total_net
2025-11,Aruba,0,slt2_us_lt_total_net
2025-11,Australia,3432,slt1_for_lt_total_net
2025-11,Australia,-565,slt2_us_lt_total_net
2025-11,Austria,380,slt1_for_lt_total_net
2025-11,Austria,308,slt2_us_lt_total_net
2025-11,Bahamas,412,slt1_for_lt_total_net
2025-11,Bahamas,-13,slt2_us_lt_total_net
2025-11,Barbados,95,slt1_for_lt_total_net
2025-11,Barbados,-2,slt2_us_lt_total_net
2025-11,Belgium,12444,slt1_for_lt_total_net
2025-11,Belgium,1704,slt2_us_lt_total_net
2025-11,Bermuda,2928,slt1_for_lt_total_net
2025-11,Bermuda,-1939,slt2_us_lt_total_net
2025-11,Brazil,-71,slt1_for_lt_total_net
2025-11,Brazil,-1973,slt2_us_lt_total_net
2025-11,British Virgin Islands,9510,slt1_for_lt_total_net
2025-11,British Virgin Islands,542,slt2_us_lt_total_net
2025-11,Bulgaria,-39,slt1_for_lt_total_net
2025-11,Bulgaria,-8,slt2_us_lt_total_net
2025-11,Canada,86415,slt1_for_lt_total_net
2025-11,Canada,2417,slt2_us_lt_total_net
2025-11,Cayman Islands,51223,slt1_for_lt_total_net
2025-11,Cayman Islands,-705,slt2_us_lt_total_net
2025-11,Chile,607,slt1_for_lt_total_net
2025-11,Chile,125,slt2_us_lt_total_net
2025-11,"China, Mainland",1565,slt1_for_lt_total_net
2025-11,"China, Mainland",1848,slt2_us_lt_total_net
2025-11,Colombia,4137,slt1_for_lt_total_net
2025-11,Colombia,983,slt2_us_lt_total_net
2025-11,Costa Rica,878,slt1_for_lt_total_net
2025-11,Costa Rica,533,slt2_us_lt_total_net
2025-11,Cuba,-1,slt1_for_lt_total_net
2025-11,Cuba,0,slt2_us_lt_total_net
2025-11,Curacao,94,slt1_for_lt_total_net
2025-11,Curacao,390,slt2_us_lt_total_net
2025-11,Cyprus,371,slt1_for_lt_total_net
2025-11,Cyprus,114,slt2_us_lt_total_net
2025-11,Czech Republic,381,slt1_for_lt_total_net
2025-11,Czech Republic,472,slt2_us_lt_total_net
2025-11,Denmark,-2863,slt1_for_lt_total_net
2025-11,Denmark,93,slt2_us_lt_total_net
2025-11,Ecuador,22,slt1_for_lt_total_net
2025-11,Ecuador,203,slt2_us_lt_total_net
2025-11,Egypt,2,slt1_for_lt_total_net
2025-11,Egypt,-149,slt2_us_lt_total_net
2025-11,Finland,5,slt1_for_lt_total_net
2025-11,Finland,383,slt2_us_lt_total_net
2025-11,France,-14780,slt1_for_lt_total_net
2025-11,France,2283,slt2_us_lt_total_net
2025-11,Germany,537,slt1_for_lt_total_net
2025-11,Germany,1454,slt2_us_lt_total_net
2025-11,Grand Total,215554,slt1_for_lt_total_net
2025-11,Grand Total,12091,slt2_us_lt_total_net
2025-11,Greece,-4,slt1_for_lt_total_net
2025-11,Greece,122,slt2_us_lt_total_net
2025-11,Guatemala,405,slt1_for_lt_total_net
2025-11,Guatemala,-72,slt2_us_lt_total_net
2025-11,Guernsey,1092,slt1_for_lt_total_net
2025-11,Guernsey,75,slt2_us_lt_total_net
2025-11,Hong Kong,3796,slt1_for_lt_total_net
2025-11,Hong Kong,1205,slt2_us_lt_total_net
2025-11,Hungary,-43,slt1_for_lt_total_net
2025-11,Hungary,-134,slt2_us_lt_total_net
2025-11,India,-2292,slt1_for_lt_total_net
2025-11,India,2786,slt2_us_lt_total_net
2025-11,Indonesia,330,slt1_for_lt_total_net
2025-11,Indonesia,758,slt2_us_lt_total_net
2025-11,International,3105,slt1_for_lt_total_net
2025-11,International,-1531,slt2_us_lt_total_net
2025-11,Ireland,3307,slt1_for_lt_total_net
2025-11,Ireland,-3664,slt2_us_lt_total_net
2025-11,Israel,3603,slt1_for_lt_total_net
2025-11,Israel,913,slt2_us_lt_total_net
2025-11,Italy,1655,slt1_for_lt_total_net
2025-11,Italy,133,slt2_us_lt_total_net
2025-11,Jamaica,64,slt1_for_lt_total_net
2025-11,Jamaica,-19,slt2_us_lt_total_net
2025-11,Japan,-7695,slt1_for_lt_total_net
2025-11,Japan,4862,slt2_us_lt_total_net
2025-11,Jersey,-4,slt1_for_lt_total_net
2025-11,Jersey,-914,slt2_us_lt_total_net
2025-11,Kazakhstan,96,slt1_for_lt_total_net
2025-11,Kazakhstan,127,slt2_us_lt_total_net
2025-11,"Korea, South",6836,slt1_for_lt_total_net
2025-11,"Korea, South",-2793,slt2_us_lt_total_net
2025-11,Kuwait,-4874,slt1_for_lt_total_net
2025-11,Kuwait,63,slt2_us_lt_total_net
2025-11,Lebanon,9,slt1_for_lt_total_net
2025-11,Lebanon,-4,slt2_us_lt_total_net
2025-11,Liberia,30,slt1_for_lt_total_net
2025-11,Liberia,726,slt2_us_lt_total_net
2025-11,Luxembourg,-631,slt1_for_lt_total_net
2025-11,Luxembourg,1457,slt2_us_lt_total_net
2025-11,Malaysia,481,slt1_for_lt_total_net
2025-11,Malaysia,321,slt2_us_lt_total_net
2025-11,Mauritius,-6,slt1_for_lt_total_net
2025-11,Mauritius,-291,slt2_us_lt_total_net
2025-11,Memo: Euro Area,370,slt1_for_lt_total_net
2025-11,Memo: Euro Area,2326,slt2_us_lt_total_net
2025-11,Memo: European Union,-4601,slt1_for_lt_total_net
2025-11,Memo: European Union,3075,slt2_us_lt_total_net
2025-11,Mexico,-1971,slt1_for_lt_total_net
2025-11,Mexico,-807,slt2_us_lt_total_net
2025-11,Monaco,31,slt1_for_lt_total_net
2025-11,Monaco,0,slt2_us_lt_total_net
2025-11,Morocco,192,slt1_for_lt_total_net
2025-11,Morocco,93,slt2_us_lt_total_net
2025-11,Netherlands,-2810,slt1_for_lt_total_net
2025-11,Netherlands,-1864,slt2_us_lt_total_net
2025-11,New Zealand,16,slt1_for_lt_total_net
2025-11,New Zealand,304,slt2_us_lt_total_net
2025-11,Norway,55599,slt1_for_lt_total_net
2025-11,Norway,1134,slt2_us_lt_total_net
2025-11,Of Which: Asset-Backed Securities,-13102,slt1_for_lt_total_net
2025-11,Of Which: Asset-Backed Securities,1699,slt2_us_lt_total_net
2025-11,Of Which: Depository Institutions,3789,slt1_for_lt_total_net
2025-11,Of Which: Depository Institutions,-1231,slt2_us_lt_total_net
2025-11,Of Which: Foreign Non-Official,151743,slt1_for_lt_total_net
2025-11,Of Which: Foreign Non-Official Asset-Backed Securities,-10716,slt1_for_lt_total_net
2025-11,Of Which: Foreign Non-Official Depository Institutions,3464,slt1_for_lt_total_net
2025-11,Of Which: Foreign Non-Official Fund Shares,36000,slt1_for_lt_total_net
2025-11,Of Which: Foreign Non-Official Non-Financial Organizations,70028,slt1_for_lt_total_net
2025-11,Of Which: Foreign Non-Official Other Financial Organizations,44127,slt1_for_lt_total_net
2025-11,Of Which: Foreign Non-Official State & Local General Government,-233,slt1_for_lt_total_net
2025-11,Of Which: Foreign Official,63811,slt1_for_lt_total_net
2025-11,Of Which: Foreign Official Asset-Backed Securities,-2386,slt1_for_lt_total_net
2025-11,Of Which: Foreign Official Depository Institutions,325,slt1_for_lt_total_net
2025-11,Of Which: Foreign Official Fund Shares,457,slt1_for_lt_total_net
2025-11,Of Which: Foreign Official Non-Financial Organizations,29417,slt1_for_lt_total_net
2025-11,Of Which: Foreign Official Other Financial Organizations,5424,slt1_for_lt_total_net
2025-11,Of Which: Foreign Official State & Local General Government,124,slt1_for_lt_total_net
2025-11,Of Which: Fund Shares,36457,slt1_for_lt_total_net
2025-11,Of Which: Fund Shares,-228,slt2_us_lt_total_net
2025-11,Of Which: Non-Financial Organizations,99445,slt1_for_lt_total_net
2025-11,Of Which: Non-Financial Organizations,10247,slt2_us_lt_total_net
2025-11,Of Which: Other Financial Organizations,49551,slt1_for_lt_total_net
2025-11,Of Which: Other Financial Organizations,2502,slt2_us_lt_total_net
2025-11,Of Which: State & Local General Government,-109,slt1_for_lt_total_net
2025-11,Pakistan,-1,slt1_for_lt_total_net
2025-11,Pakistan,72,slt2_us_lt_total_net
2025-11,Panama,564,slt1_for_lt_total_net
2025-11,Panama,-689,slt2_us_lt_total_net
2025-11,Peru,350,slt1_for_lt_total_net
2025-11,Peru,-263,slt2_us_lt_total_net
2025-11,Philippines,162,slt1_for_lt_total_net
2025-11,Philippines,268,slt2_us_lt_total_net
2025-11,Poland,-2933,slt1_for_lt_total_net
2025-11,Poland,253,slt2_us_lt_total_net
2025-11,Portugal,5,slt1_for_lt_total_net
2025-11,Portugal,93,slt2_us_lt_total_net
2025-11,Romania,287,slt1_for_lt_total_net
2025-11,Romania,-73,slt2_us_lt_total_net
2025-11,Russia,-1,slt1_for_lt_total_net
2025-11,Russia,-7,slt2_us_lt_total_net
2025-11,Saint Kitts and Nevis,154,slt1_for_lt_total_net
2025-11,Saudi Arabia,-10768,slt1_for_lt_total_net
2025-11,Serbia,33,slt1_for_lt_total_net
2025-11,Serbia,-170,slt2_us_lt_total_net
2025-11,Singapore,8964,slt1_for_lt_total_net
2025-11,Singapore,-449,slt2_us_lt_total_net
2025-11,South Africa,-238,slt1_for_lt_total_net
2025-11,South Africa,-294,slt2_us_lt_total_net
2025-11,Spain,-706,slt1_for_lt_total_net
2025-11,Spain,-274,slt2_us_lt_total_net
2025-11,Sweden,239,slt1_for_lt_total_net
2025-11,Sweden,146,slt2_us_lt_total_net
2025-11,Switzerland,3271,slt1_for_lt_total_net
2025-11,Switzerland,-1854,slt2_us_lt_total_net
2025-11,Syria,0,slt1_for_lt_total_net
2025-11,Taiwan,-2729,slt1_for_lt_total_net
2025-11,Taiwan,1366,slt2_us_lt_total_net
2025-11,Thailand,1319,slt1_for_lt_total_net
2025-11,Thailand,441,slt2_us_lt_total_net
2025-11,Total Africa,478,slt1_for_lt_total_net
2025-11,Total Africa,510,slt2_us_lt_total_net
2025-11,Total Asia,4379,slt1_for_lt_total_net
2025-11,Total Asia,12570,slt2_us_lt_total_net
2025-11,Total Caribbean,64516,slt1_for_lt_total_net
2025-11,Total Caribbean,-1584,slt2_us_lt_total_net
2025-11,Total Europe,44670,slt1_for_lt_total_net
2025-11,Total Europe,1056,slt2_us_lt_total_net
2025-11,Total IROs,5137,slt1_for_lt_total_net
2025-11,Total IROs,-1835,slt2_us_lt_total_net
2025-11,Total Latin America,6129,slt1_for_lt_total_net
2025-11,Total Latin America,-886,slt2_us_lt_total_net
2025-11,Total Other,3836,slt1_for_lt_total_net
2025-11,Total Other,-157,slt2_us_lt_total_net
2025-11,Total Regional Orgs.,2032,slt1_for_lt_total_net
2025-11,Total Regional Orgs.,-304,slt2_us_lt_total_net
2025-11,Trinidad and Tobago,-83,slt1_for_lt_total_net
2025-11,Trinidad and Tobago,1,slt2_us_lt_total_net
2025-11,Turkey,157,slt1_for_lt_total_net
2025-11,Turkey,32,slt2_us_lt_total_net
2025-11,Ukraine,-81,slt1_for_lt_total_net
2025-11,Ukraine,10,slt2_us_lt_total_net
2025-11,United Arab Emirates,5646,slt1_for_lt_total_net
2025-11,United Arab Emirates,91,slt2_us_lt_total_net
2025-11,United Kingdom,-10919,slt1_for_lt_total_net
2025-11,United Kingdom,-564,slt2_us_lt_total_net
2025-11,Uruguay,520,slt1_for_lt_total_net
2025-11,Uruguay,-101,slt2_us_lt_total_net
2025-11,Venezuela,82,slt1_for_lt_total_net
2025-11,Venezuela,-4,slt2_us_lt_total_net
2025-12,All Countries,128400,slt1_for_lt_total_net
2025-12,All Countries,23208,slt2_us_lt_total_net
2025-12,Anguilla,-12,slt1_for_lt_total_net
2025-12,Argentina,1321,slt1_for_lt_total_net
2025-12,Argentina,-724,slt2_us_lt_total_net
2025-12,Aruba,26,slt1_for_lt_total_net
2025-12,Aruba,1,slt2_us_lt_total_net
2025-12,Australia,7651,slt1_for_lt_total_net
2025-12,Australia,-505,slt2_us_lt_total_net
2025-12,Austria,263,slt1_for_lt_total_net
2025-12,Austria,-252,slt2_us_lt_total_net
2025-12,Bahamas,449,slt1_for_lt_total_net
2025-12,Bahamas,13,slt2_us_lt_total_net
2025-12,Barbados,173,slt1_for_lt_total_net
2025-12,Barbados,6,slt2_us_lt_total_net
2025-12,Belgium,12476,slt1_for_lt_total_net
2025-12,Belgium,771,slt2_us_lt_total_net
2025-12,Bermuda,9261,slt1_for_lt_total_net
2025-12,Bermuda,-1254,slt2_us_lt_total_net
2025-12,Brazil,1498,slt1_for_lt_total_net
2025-12,Brazil,3467,slt2_us_lt_total_net
2025-12,British Virgin Islands,22855,slt1_for_lt_total_net
2025-12,British Virgin Islands,326,slt2_us_lt_total_net
2025-12,Bulgaria,72,slt1_for_lt_total_net
2025-12,Bulgaria,-121,slt2_us_lt_total_net
2025-12,Canada,20492,slt1_for_lt_total_net
2025-12,Canada,2017,slt2_us_lt_total_net
2025-12,Cayman Islands,49590,slt1_for_lt_total_net
2025-12,Cayman Islands,-1726,slt2_us_lt_total_net
2025-12,Chile,-830,slt1_for_lt_total_net
2025-12,Chile,75,slt2_us_lt_total_net
2025-12,"China, Mainland",-3030,slt1_for_lt_total_net
2025-12,"China, Mainland",2126,slt2_us_lt_total_net
2025-12,Colombia,-1991,slt1_for_lt_total_net
2025-12,Colombia,2474,slt2_us_lt_total_net
2025-12,Costa Rica,794,slt1_for_lt_total_net
2025-12,Costa Rica,37,slt2_us_lt_total_net
2025-12,Cuba,0,slt1_for_lt_total_net
2025-12,Cuba,0,slt2_us_lt_total_net
2025-12,Curacao,104,slt1_for_lt_total_net
2025-12,Curacao,-326,slt2_us_lt_total_net
2025-12,Cyprus,201,slt1_for_lt_total_net
2025-12,Cyprus,-28,slt2_us_lt_total_net
2025-12,Czech Republic,-584,slt1_for_lt_total_net
2025-12,Czech Republic,363,slt2_us_lt_total_net
2025-12,Denmark,1930,slt1_for_lt_total_net
2025-12,Denmark,2668,slt2_us_lt_total_net
2025-12,Ecuador,24,slt1_for_lt_total_net
2025-12,Ecuador,44,slt2_us_lt_total_net
2025-12,Egypt,-7,slt1_for_lt_total_net
2025-12,Egypt,-6,slt2_us_lt_total_net
2025-12,Finland,-1018,slt1_for_lt_total_net
2025-12,Finland,440,slt2_us_lt_total_net
2025-12,France,5483,slt1_for_lt_total_net
2025-12,France,-884,slt2_us_lt_total_net
2025-12,Germany,-5761,slt1_for_lt_total_net
2025-12,Germany,1106,slt2_us_lt_total_net
2025-12,Grand Total,124741,slt1_for_lt_total_net
2025-12,Grand Total,22461,slt2_us_lt_total_net
2025-12,Greece,-154,slt1_for_lt_total_net
2025-12,Greece,-204,slt2_us_lt_total_net
2025-12,Guatemala,807,slt1_for_lt_total_net
2025-12,Guatemala,29,slt2_us_lt_total_net
2025-12,Guernsey,992,slt1_for_lt_total_net
2025-12,Guernsey,-132,slt2_us_lt_total_net
2025-12,Hong Kong,11526,slt1_for_lt_total_net
2025-12,Hong Kong,-359,slt2_us_lt_total_net
2025-12,Hungary,167,slt1_for_lt_total_net
2025-12,Hungary,83,slt2_us_lt_total_net
2025-12,India,-4840,slt1_for_lt_total_net
2025-12,India,261,slt2_us_lt_total_net
2025-12,Indonesia,820,slt1_for_lt_total_net
2025-12,Indonesia,282,slt2_us_lt_total_net
2025-12,International,-1718,slt1_for_lt_total_net
2025-12,International,185,slt2_us_lt_total_net
2025-12,Ireland,12971,slt1_for_lt_total_net
2025-12,Ireland,8116,slt2_us_lt_total_net
2025-12,Israel,1532,slt1_for_lt_total_net
2025-12,Israel,1327,slt2_us_lt_total_net
2025-12,Italy,-2871,slt1_for_lt_total_net
2025-12,Italy,677,slt2_us_lt_total_net
2025-12,Jamaica,101,slt1_for_lt_total_net
2025-12,Jamaica,5,slt2_us_lt_total_net
2025-12,Japan,-10129,slt1_for_lt_total_net
2025-12,Japan,-642,slt2_us_lt_total_net
2025-12,Jersey,612,slt1_for_lt_total_net
2025-12,Jersey,663,slt2_us_lt_total_net
2025-12,Kazakhstan,382,slt1_for_lt_total_net
2025-12,Kazakhstan,-164,slt2_us_lt_total_net
2025-12,"Korea, South",3462,slt1_for_lt_total_net
2025-12,"Korea, South",4540,slt2_us_lt_total_net
2025-12,Kuwait,1803,slt1_for_lt_total_net
2025-12,Kuwait,-61,slt2_us_lt_total_net
2025-12,Lebanon,-3,slt1_for_lt_total_net
2025-12,Lebanon,-2,slt2_us_lt_total_net
2025-12,Liberia,-14,slt1_for_lt_total_net
2025-12,Liberia,73,slt2_us_lt_total_net
2025-12,Luxembourg,3019,slt1_for_lt_total_net
2025-12,Luxembourg,3958,slt2_us_lt_total_net
2025-12,Malaysia,1509,slt1_for_lt_total_net
2025-12,Malaysia,285,slt2_us_lt_total_net
2025-12,Mauritius,91,slt1_for_lt_total_net
2025-12,Mauritius,-93,slt2_us_lt_total_net
2025-12,Memo: Euro Area,1565,slt1_for_lt_total_net
2025-12,Memo: Euro Area,13758,slt2_us_lt_total_net
2025-12,Memo: European Union,2681,slt1_for_lt_total_net
2025-12,Memo: European Union,17172,slt2_us_lt_total_net
2025-12,Mexico,663,slt1_for_lt_total_net
2025-12,Mexico,-462,slt2_us_lt_total_net
2025-12,Monaco,30,slt1_for_lt_total_net
2025-12,Monaco,0,slt2_us_lt_total_net
2025-12,Morocco,13,slt1_for_lt_total_net
2025-12,Morocco,-3,slt2_us_lt_total_net
2025-12,Netherlands,-12308,slt1_for_lt_total_net
2025-12,Netherlands,309,slt2_us_lt_total_net
2025-12,New Zealand,679,slt1_for_lt_total_net
2025-12,New Zealand,354,slt2_us_lt_total_net
2025-12,Norway,6224,slt1_for_lt_total_net
2025-12,Norway,360,slt2_us_lt_total_net
2025-12,Of Which: Asset-Backed Securities,13118,slt1_for_lt_total_net
2025-12,Of Which: Asset-Backed Securities,14233,slt2_us_lt_total_net
2025-12,Of Which: Depository Institutions,858,slt1_for_lt_total_net
2025-12,Of Which: Depository Institutions,256,slt2_us_lt_total_net
2025-12,Of Which: Foreign Non-Official,118696,slt1_for_lt_total_net
2025-12,Of Which: Foreign Non-Official Asset-Backed Securities,15268,slt1_for_lt_total_net
2025-12,Of Which: Foreign Non-Official Depository Institutions,761,slt1_for_lt_total_net
2025-12,Of Which: Foreign Non-Official Fund Shares,48393,slt1_for_lt_total_net
2025-12,Of Which: Foreign Non-Official Non-Financial Organizations,29537,slt1_for_lt_total_net
2025-12,Of Which: Foreign Non-Official Other Financial Organizations,74498,slt1_for_lt_total_net
2025-12,Of Which: Foreign Non-Official State & Local General Government,-102,slt1_for_lt_total_net
2025-12,Of Which: Foreign Official,6045,slt1_for_lt_total_net
2025-12,Of Which: Foreign Official Asset-Backed Securities,-2150,slt1_for_lt_total_net
2025-12,Of Which: Foreign Official Depository Institutions,97,slt1_for_lt_total_net
2025-12,Of Which: Foreign Official Fund Shares,1191,slt1_for_lt_total_net
2025-12,Of Which: Foreign Official Non-Financial Organizations,27767,slt1_for_lt_total_net
2025-12,Of Which: Foreign Official Other Financial Organizations,3984,slt1_for_lt_total_net
2025-12,Of Which: Foreign Official State & Local General Government,-3,slt1_for_lt_total_net
2025-12,Of Which: Fund Shares,49584,slt1_for_lt_total_net
2025-12,Of Which: Fund Shares,1415,slt2_us_lt_total_net
2025-12,Of Which: Non-Financial Organizations,57304,slt1_for_lt_total_net
2025-12,Of Which: Non-Financial Organizations,9188,slt2_us_lt_total_net
2025-12,Of Which: Other Financial Organizations,78482,slt1_for_lt_total_net
2025-12,Of Which: Other Financial Organizations,12630,slt2_us_lt_total_net
2025-12,Of Which: State & Local General Government,-105,slt1_for_lt_total_net
2025-12,Pakistan,-4,slt1_for_lt_total_net
2025-12,Pakistan,69,slt2_us_lt_total_net
2025-12,Panama,421,slt1_for_lt_total_net
2025-12,Panama,-643,slt2_us_lt_total_net
2025-12,Peru,-1336,slt1_for_lt_total_net
2025-12,Peru,-341,slt2_us_lt_total_net
2025-12,Philippines,-47,slt1_for_lt_total_net
2025-12,Philippines,262,slt2_us_lt_total_net
2025-12,Poland,-503,slt1_for_lt_total_net
2025-12,Poland,260,slt2_us_lt_total_net
2025-12,Portugal,-198,slt1_for_lt_total_net
2025-12,Portugal,-385,slt2_us_lt_total_net
2025-12,Romania,-646,slt1_for_lt_total_net
2025-12,Romania,103,slt2_us_lt_total_net
2025-12,Russia,-2,slt1_for_lt_total_net
2025-12,Russia,-2,slt2_us_lt_total_net
2025-12,Saint Kitts and Nevis,217,slt1_for_lt_total_net
2025-12,Saudi Arabia,1550,slt1_for_lt_total_net
2025-12,Serbia,-325,slt1_for_lt_total_net
2025-12,Serbia,6,slt2_us_lt_total_net
2025-12,Singapore,29279,slt1_for_lt_total_net
2025-12,Singapore,-1391,slt2_us_lt_total_net
2025-12,South Africa,202,slt1_for_lt_total_net
2025-12,South Africa,-1142,slt2_us_lt_total_net
2025-12,Spain,-10425,slt1_for_lt_total_net
2025-12,Spain,160,slt2_us_lt_total_net
2025-12,Sweden,680,slt1_for_lt_total_net
2025-12,Sweden,58,slt2_us_lt_total_net
2025-12,Switzerland,-16004,slt1_for_lt_total_net
2025-12,Switzerland,768,slt2_us_lt_total_net
2025-12,Syria,0,slt1_for_lt_total_net
2025-12,Taiwan,4757,slt1_for_lt_total_net
2025-12,Taiwan,2015,slt2_us_lt_total_net
2025-12,Thailand,1427,slt1_for_lt_total_net
2025-12,Thailand,116,slt2_us_lt_total_net
2025-12,Total Africa,973,slt1_for_lt_total_net
2025-12,Total Africa,-1023,slt2_us_lt_total_net
2025-12,Total Asia,34509,slt1_for_lt_total_net
2025-12,Total Asia,9663,slt2_us_lt_total_net
2025-12,Total Caribbean,83022,slt1_for_lt_total_net
2025-12,Total Caribbean,-2932,slt2_us_lt_total_net
2025-12,Total Europe,-20839,slt1_for_lt_total_net
2025-12,Total Europe,11843,slt2_us_lt_total_net
2025-12,Total IROs,-3659,slt1_for_lt_total_net
2025-12,Total IROs,-747,slt2_us_lt_total_net
2025-12,Total Latin America,1667,slt1_for_lt_total_net
2025-12,Total Latin America,3821,slt2_us_lt_total_net
2025-12,Total Other,8582,slt1_for_lt_total_net
2025-12,Total Other,-181,slt2_us_lt_total_net
2025-12,Total Regional Orgs.,-1941,slt1_for_lt_total_net
2025-12,Total Regional Orgs.,-932,slt2_us_lt_total_net
2025-12,Trinidad and Tobago,-164,slt1_for_lt_total_net
2025-12,Trinidad and Tobago,-2,slt2_us_lt_total_net
2025-12,Turkey,393,slt1_for_lt_total_net
2025-12,Turkey,669,slt2_us_lt_total_net
2025-12,Ukraine,1970,slt1_for_lt_total_net
2025-12,Ukraine,-44,slt2_us_lt_total_net
2025-12,United Arab Emirates,-5803,slt1_for_lt_total_net
2025-12,United Arab Emirates,602,slt2_us_lt_total_net
2025-12,United Kingdom,-17886,slt1_for_lt_total_net
2025-12,United Kingdom,-7556,slt2_us_lt_total_net
2025-12,Uruguay,249,slt1_for_lt_total_net
2025-12,Uruguay,72,slt2_us_lt_total_net
2025-12,Venezuela,24,slt1_for_lt_total_net
2025-12,Venezuela,-43,slt2_us_lt_total_net
2026-01,All Countries,58326,slt1_for_lt_total_net
2026-01,All Countries,45423,slt2_us_lt_total_net
2026-01,Anguilla,-12,slt1_for_lt_total_net
2026-01,Argentina,556,slt1_for_lt_total_net
2026-01,Argentina,147,slt2_us_lt_total_net
2026-01,Aruba,48,slt1_for_lt_total_net
2026-01,Aruba,-3,slt2_us_lt_total_net
2026-01,Australia,-1351,slt1_for_lt_total_net
2026-01,Australia,2366,slt2_us_lt_total_net
2026-01,Austria,-331,slt1_for_lt_total_net
2026-01,Austria,220,slt2_us_lt_total_net
2026-01,Bahamas,1372,slt1_for_lt_total_net
2026-01,Bahamas,21,slt2_us_lt_total_net
2026-01,Barbados,227,slt1_for_lt_total_net
2026-01,Barbados,23,slt2_us_lt_total_net
2026-01,Belgium,-9499,slt1_for_lt_total_net
2026-01,Belgium,572,slt2_us_lt_total_net
2026-01,Bermuda,655,slt1_for_lt_total_net
2026-01,Bermuda,1308,slt2_us_lt_total_net
2026-01,Brazil,-62,slt1_for_lt_total_net
2026-01,Brazil,10150,slt2_us_lt_total_net
2026-01,British Virgin Islands,-17829,slt1_for_lt_total_net
2026-01,British Virgin Islands,-1027,slt2_us_lt_total_net
2026-01,Bulgaria,81,slt1_for_lt_total_net
2026-01,Bulgaria,-89,slt2_us_lt_total_net
2026-01,Canada,-121525,slt1_for_lt_total_net
2026-01,Canada,4996,slt2_us_lt_total_net
2026-01,Cayman Islands,-19851,slt1_for_lt_total_net
2026-01,Cayman Islands,-9123,slt2_us_lt_total_net
2026-01,Chile,-2469,slt1_for_lt_total_net
2026-01,Chile,1299,slt2_us_lt_total_net
2026-01,"China, Mainland",11532,slt1_for_lt_total_net
2026-01,"China, Mainland",8387,slt2_us_lt_total_net
2026-01,Colombia,2397,slt1_for_lt_total_net
2026-01,Colombia,2341,slt2_us_lt_total_net
2026-01,Costa Rica,-105,slt1_for_lt_total_net
2026-01,Costa Rica,434,slt2_us_lt_total_net
2026-01,Cuba,1,slt1_for_lt_total_net
2026-01,Cuba,0,slt2_us_lt_total_net
2026-01,Curacao,20,slt1_for_lt_total_net
2026-01,Curacao,906,slt2_us_lt_total_net
2026-01,Cyprus,255,slt1_for_lt_total_net
2026-01,Cyprus,184,slt2_us_lt_total_net
2026-01,Czech Republic,-32,slt1_for_lt_total_net
2026-01,Czech Republic,-208,slt2_us_lt_total_net
2026-01,Denmark,750,slt1_for_lt_total_net
2026-01,Denmark,3321,slt2_us_lt_total_net
2026-01,Ecuador,48,slt1_for_lt_total_net
2026-01,Ecuador,865,slt2_us_lt_total_net
2026-01,Egypt,1003,slt1_for_lt_total_net
2026-01,Egypt,1265,slt2_us_lt_total_net
2026-01,Finland,262,slt1_for_lt_total_net
2026-01,Finland,-506,slt2_us_lt_total_net
2026-01,France,31645,slt1_for_lt_total_net
2026-01,France,6382,slt2_us_lt_total_net
2026-01,Germany,11464,slt1_for_lt_total_net
2026-01,Germany,-931,slt2_us_lt_total_net
2026-01,Grand Total,61070,slt1_for_lt_total_net
2026-01,Grand Total,48124,slt2_us_lt_total_net
2026-01,Greece,121,slt1_for_lt_total_net
2026-01,Greece,-66,slt2_us_lt_total_net
2026-01,Guatemala,887,slt1_for_lt_total_net
2026-01,Guatemala,24,slt2_us_lt_total_net
2026-01,Guernsey,-157,slt1_for_lt_total_net
2026-01,Guernsey,-244,slt2_us_lt_total_net
2026-01,Hong Kong,6093,slt1_for_lt_total_net
2026-01,Hong Kong,182,slt2_us_lt_total_net
2026-01,Hungary,1325,slt1_for_lt_total_net
2026-01,Hungary,124,slt2_us_lt_total_net
2026-01,India,5474,slt1_for_lt_total_net
2026-01,India,-3804,slt2_us_lt_total_net
2026-01,Indonesia,4574,slt1_for_lt_total_net
2026-01,Indonesia,-367,slt2_us_lt_total_net
2026-01,International,1363,slt1_for_lt_total_net
2026-01,International,598,slt2_us_lt_total_net
2026-01,Ireland,28955,slt1_for_lt_total_net
2026-01,Ireland,-1266,slt2_us_lt_total_net
2026-01,Israel,14133,slt1_for_lt_total_net
2026-01,Israel,2971,slt2_us_lt_total_net
2026-01,Italy,1534,slt1_for_lt_total_net
2026-01,Italy,-1370,slt2_us_lt_total_net
2026-01,Jamaica,421,slt1_for_lt_total_net
2026-01,Jamaica,2,slt2_us_lt_total_net
2026-01,Japan,17914,slt1_for_lt_total_net
2026-01,Japan,12872,slt2_us_lt_total_net
2026-01,Jersey,133,slt1_for_lt_total_net
2026-01,Jersey,665,slt2_us_lt_total_net
2026-01,Kazakhstan,147,slt1_for_lt_total_net
2026-01,Kazakhstan,81,slt2_us_lt_total_net
2026-01,"Korea, South",8686,slt1_for_lt_total_net
2026-01,"Korea, South",-6770,slt2_us_lt_total_net
2026-01,Kuwait,460,slt1_for_lt_total_net
2026-01,Kuwait,-398,slt2_us_lt_total_net
2026-01,Lebanon,6,slt1_for_lt_total_net
2026-01,Lebanon,66,slt2_us_lt_total_net
2026-01,Liberia,7,slt1_for_lt_total_net
2026-01,Liberia,932,slt2_us_lt_total_net
2026-01,Luxembourg,11078,slt1_for_lt_total_net
2026-01,Luxembourg,-786,slt2_us_lt_total_net
2026-01,Malaysia,-972,slt1_for_lt_total_net
2026-01,Malaysia,554,slt2_us_lt_total_net
2026-01,Mauritius,259,slt1_for_lt_total_net
2026-01,Mauritius,5,slt2_us_lt_total_net
2026-01,Memo: Euro Area,77035,slt1_for_lt_total_net
2026-01,Memo: Euro Area,-813,slt2_us_lt_total_net
2026-01,Memo: European Union,81582,slt1_for_lt_total_net
2026-01,Memo: European Union,3711,slt2_us_lt_total_net
2026-01,Mexico,3366,slt1_for_lt_total_net
2026-01,Mexico,4943,slt2_us_lt_total_net
2026-01,Monaco,88,slt1_for_lt_total_net
2026-01,Monaco,0,slt2_us_lt_total_net
2026-01,Morocco,-121,slt1_for_lt_total_net
2026-01,Morocco,-12,slt2_us_lt_total_net
2026-01,Netherlands,-2556,slt1_for_lt_total_net
2026-01,Netherlands,-1562,slt2_us_lt_total_net
2026-01,New Zealand,1507,slt1_for_lt_total_net
2026-01,New Zealand,783,slt2_us_lt_total_net
2026-01,Norway,-8446,slt1_for_lt_total_net
2026-01,Norway,-300,slt2_us_lt_total_net
2026-01,Of Which: Asset-Backed Securities,7973,slt1_for_lt_total_net
2026-01,Of Which: Asset-Backed Securities,-3638,slt2_us_lt_total_net
2026-01,Of Which: Depository Institutions,3653,slt1_for_lt_total_net
2026-01,Of Which: Depository Institutions,-7668,slt2_us_lt_total_net
2026-01,Of Which: Foreign Non-Official,40007,slt1_for_lt_total_net
2026-01,Of Which: Foreign Non-Official Asset-Backed Securities,12619,slt1_for_lt_total_net
2026-01,Of Which: Foreign Non-Official Depository Institutions,3659,slt1_for_lt_total_net
2026-01,Of Which: Foreign Non-Official Fund Shares,1809,slt1_for_lt_total_net
2026-01,Of Which: Foreign Non-Official Non-Financial Organizations,6090,slt1_for_lt_total_net
2026-01,Of Which: Foreign Non-Official Other Financial Organizations,16999,slt1_for_lt_total_net
2026-01,Of Which: Foreign Non-Official State & Local General Government,-1599,slt1_for_lt_total_net
2026-01,Of Which: Foreign Official,21063,slt1_for_lt_total_net
2026-01,Of Which: Foreign Official Asset-Backed Securities,-4646,slt1_for_lt_total_net
2026-01,Of Which: Foreign Official Depository Institutions,-6,slt1_for_lt_total_net
2026-01,Of Which: Foreign Official Fund Shares,3515,slt1_for_lt_total_net
2026-01,Of Which: Foreign Official Non-Financial Organizations,-24844,slt1_for_lt_total_net
2026-01,Of Which: Foreign Official Other Financial Organizations,1144,slt1_for_lt_total_net
2026-01,Of Which: Foreign Official State & Local General Government,-172,slt1_for_lt_total_net
2026-01,Of Which: Fund Shares,5324,slt1_for_lt_total_net
2026-01,Of Which: Fund Shares,-160,slt2_us_lt_total_net
2026-01,Of Which: Non-Financial Organizations,-18754,slt1_for_lt_total_net
2026-01,Of Which: Non-Financial Organizations,13212,slt2_us_lt_total_net
2026-01,Of Which: Other Financial Organizations,18143,slt1_for_lt_total_net
2026-01,Of Which: Other Financial Organizations,42318,slt2_us_lt_total_net
2026-01,Of Which: State & Local General Government,-1771,slt1_for_lt_total_net
2026-01,Pakistan,1,slt1_for_lt_total_net
2026-01,Pakistan,86,slt2_us_lt_total_net
2026-01,Panama,1082,slt1_for_lt_total_net
2026-01,Panama,-187,slt2_us_lt_total_net
2026-01,Peru,47,slt1_for_lt_total_net
2026-01,Peru,415,slt2_us_lt_total_net
2026-01,Philippines,386,slt1_for_lt_total_net
2026-01,Philippines,667,slt2_us_lt_total_net
2026-01,Poland,5376,slt1_for_lt_total_net
2026-01,Poland,703,slt2_us_lt_total_net
2026-01,Portugal,281,slt1_for_lt_total_net
2026-01,Portugal,-439,slt2_us_lt_total_net
2026-01,Romania,912,slt1_for_lt_total_net
2026-01,Romania,-100,slt2_us_lt_total_net
2026-01,Russia,17,slt1_for_lt_total_net
2026-01,Russia,-2,slt2_us_lt_total_net
2026-01,Saint Kitts and Nevis,243,slt1_for_lt_total_net
2026-01,Saudi Arabia,-265,slt1_for_lt_total_net
2026-01,Serbia,151,slt1_for_lt_total_net
2026-01,Serbia,32,slt2_us_lt_total_net
2026-01,Singapore,-6341,slt1_for_lt_total_net
2026-01,Singapore,872,slt2_us_lt_total_net
2026-01,South Africa,-26,slt1_for_lt_total_net
2026-01,South Africa,537,slt2_us_lt_total_net
2026-01,Spain,3511,slt1_for_lt_total_net
2026-01,Spain,-1108,slt2_us_lt_total_net
2026-01,Sweden,-3784,slt1_for_lt_total_net
2026-01,Sweden,684,slt2_us_lt_total_net
2026-01,Switzerland,3370,slt1_for_lt_total_net
2026-01,Switzerland,-2811,slt2_us_lt_total_net
2026-01,Syria,0,slt1_for_lt_total_net
2026-01,Taiwan,5917,slt1_for_lt_total_net
2026-01,Taiwan,2417,slt2_us_lt_total_net
2026-01,Thailand,1346,slt1_for_lt_total_net
2026-01,Thailand,-102,slt2_us_lt_total_net
2026-01,Total Africa,-172,slt1_for_lt_total_net
2026-01,Total Africa,3367,slt2_us_lt_total_net
2026-01,Total Asia,68440,slt1_for_lt_total_net
2026-01,Total Asia,21085,slt2_us_lt_total_net
2026-01,Total Caribbean,-34913,slt1_for_lt_total_net
2026-01,Total Caribbean,-7626,slt2_us_lt_total_net
2026-01,Total Europe,139323,slt1_for_lt_total_net
2026-01,Total Europe,-80,slt2_us_lt_total_net
2026-01,Total IROs,2744,slt1_for_lt_total_net
2026-01,Total IROs,2701,slt2_us_lt_total_net
2026-01,Total Latin America,6476,slt1_for_lt_total_net
2026-01,Total Latin America,20426,slt2_us_lt_total_net
2026-01,Total Other,696,slt1_for_lt_total_net
2026-01,Total Other,3255,slt2_us_lt_total_net
2026-01,Total Regional Orgs.,1381,slt1_for_lt_total_net
2026-01,Total Regional Orgs.,2103,slt2_us_lt_total_net
2026-01,Trinidad and Tobago,143,slt1_for_lt_total_net
2026-01,Trinidad and Tobago,242,slt2_us_lt_total_net
2026-01,Turkey,2155,slt1_for_lt_total_net
2026-01,Turkey,3245,slt2_us_lt_total_net
2026-01,Ukraine,1467,slt1_for_lt_total_net
2026-01,Ukraine,-115,slt2_us_lt_total_net
2026-01,United Arab Emirates,-449,slt1_for_lt_total_net
2026-01,United Arab Emirates,883,slt2_us_lt_total_net
2026-01,United Kingdom,57653,slt1_for_lt_total_net
2026-01,United Kingdom,-4620,slt2_us_lt_total_net
2026-01,Uruguay,499,slt1_for_lt_total_net
2026-01,Uruguay,-36,slt2_us_lt_total_net
2026-01,Venezuela,99,slt1_for_lt_total_net
2026-01,Venezuela,102,slt2_us_lt_total_net
2026-02,All Countries,98442,slt1_for_lt_total_net
2026-02,All Countries,45645,slt2_us_lt_total_net
2026-02,Anguilla,12,slt1_for_lt_total_net
2026-02,Argentina,955,slt1_for_lt_total_net
2026-02,Argentina,-253,slt2_us_lt_total_net
2026-02,Aruba,47,slt1_for_lt_total_net
2026-02,Aruba,15,slt2_us_lt_total_net
2026-02,Australia,7499,slt1_for_lt_total_net
2026-02,Australia,2511,slt2_us_lt_total_net
2026-02,Austria,74,slt1_for_lt_total_net
2026-02,Austria,-352,slt2_us_lt_total_net
2026-02,Bahamas,247,slt1_for_lt_total_net
2026-02,Bahamas,148,slt2_us_lt_total_net
2026-02,Barbados,-29,slt1_for_lt_total_net
2026-02,Barbados,-2,slt2_us_lt_total_net
2026-02,Belgium,3358,slt1_for_lt_total_net
2026-02,Belgium,51,slt2_us_lt_total_net
2026-02,Bermuda,-53,slt1_for_lt_total_net
2026-02,Bermuda,-4272,slt2_us_lt_total_net
2026-02,Brazil,1839,slt1_for_lt_total_net
2026-02,Brazil,6960,slt2_us_lt_total_net
2026-02,British Virgin Islands,-2385,slt1_for_lt_total_net
2026-02,British Virgin Islands,487,slt2_us_lt_total_net
2026-02,Bulgaria,-5,slt1_for_lt_total_net
2026-02,Bulgaria,-153,slt2_us_lt_total_net
2026-02,Canada,95634,slt1_for_lt_total_net
2026-02,Canada,-671,slt2_us_lt_total_net
2026-02,Cayman Islands,-6216,slt1_for_lt_total_net
2026-02,Cayman Islands,-3906,slt2_us_lt_total_net
2026-02,Chile,-9181,slt1_for_lt_total_net
2026-02,Chile,-122,slt2_us_lt_total_net
2026-02,"China, Mainland",-8704,slt1_for_lt_total_net
2026-02,"China, Mainland",4986,slt2_us_lt_total_net
2026-02,Colombia,344,slt1_for_lt_total_net
2026-02,Colombia,1712,slt2_us_lt_total_net
2026-02,Costa Rica,192,slt1_for_lt_total_net
2026-02,Costa Rica,-116,slt2_us_lt_total_net
2026-02,Cuba,0,slt1_for_lt_total_net
2026-02,Cuba,0,slt2_us_lt_total_net
2026-02,Curacao,100,slt1_for_lt_total_net
2026-02,Curacao,254,slt2_us_lt_total_net
2026-02,Cyprus,-283,slt1_for_lt_total_net
2026-02,Cyprus,72,slt2_us_lt_total_net
2026-02,Czech Republic,205,slt1_for_lt_total_net
2026-02,Czech Republic,242,slt2_us_lt_total_net
2026-02,Denmark,147,slt1_for_lt_total_net
2026-02,Denmark,-714,slt2_us_lt_total_net
2026-02,Ecuador,48,slt1_for_lt_total_net
2026-02,Ecuador,25,slt2_us_lt_total_net
2026-02,Egypt,-17,slt1_for_lt_total_net
2026-02,Egypt,-23,slt2_us_lt_total_net
2026-02,Finland,-54,slt1_for_lt_total_net
2026-02,Finland,632,slt2_us_lt_total_net
2026-02,France,9184,slt1_for_lt_total_net
2026-02,France,3948,slt2_us_lt_total_net
2026-02,Germany,17973,slt1_for_lt_total_net
2026-02,Germany,1064,slt2_us_lt_total_net
2026-02,Grand Total,100340,slt1_for_lt_total_net
2026-02,Grand Total,44506,slt2_us_lt_total_net
2026-02,Greece,-252,slt1_for_lt_total_net
2026-02,Greece,-324,slt2_us_lt_total_net
2026-02,Guatemala,45,slt1_for_lt_total_net
2026-02,Guatemala,-61,slt2_us_lt_total_net
2026-02,Guernsey,-1122,slt1_for_lt_total_net
2026-02,Guernsey,-110,slt2_us_lt_total_net
2026-02,Hong Kong,2755,slt1_for_lt_total_net
2026-02,Hong Kong,-248,slt2_us_lt_total_net
2026-02,Hungary,-325,slt1_for_lt_total_net
2026-02,Hungary,148,slt2_us_lt_total_net
2026-02,India,2081,slt1_for_lt_total_net
2026-02,India,1781,slt2_us_lt_total_net
2026-02,Indonesia,-2554,slt1_for_lt_total_net
2026-02,Indonesia,291,slt2_us_lt_total_net
2026-02,International,1079,slt1_for_lt_total_net
2026-02,International,-10,slt2_us_lt_total_net
2026-02,Ireland,20827,slt1_for_lt_total_net
2026-02,Ireland,1384,slt2_us_lt_total_net
2026-02,Israel,3273,slt1_for_lt_total_net
2026-02,Israel,-1832,slt2_us_lt_total_net
2026-02,Italy,-1325,slt1_for_lt_total_net
2026-02,Italy,-425,slt2_us_lt_total_net
2026-02,Jamaica,6,slt1_for_lt_total_net
2026-02,Jamaica,-25,slt2_us_lt_total_net
2026-02,Japan,-12432,slt1_for_lt_total_net
2026-02,Japan,13880,slt2_us_lt_total_net
2026-02,Jersey,214,slt1_for_lt_total_net
2026-02,Jersey,410,slt2_us_lt_total_net
2026-02,Kazakhstan,360,slt1_for_lt_total_net
2026-02,Kazakhstan,43,slt2_us_lt_total_net
2026-02,"Korea, South",-13044,slt1_for_lt_total_net
2026-02,"Korea, South",-2551,slt2_us_lt_total_net
2026-02,Kuwait,-1336,slt1_for_lt_total_net
2026-02,Kuwait,-258,slt2_us_lt_total_net
2026-02,Lebanon,314,slt1_for_lt_total_net
2026-02,Lebanon,58,slt2_us_lt_total_net
2026-02,Liberia,1282,slt1_for_lt_total_net
2026-02,Liberia,812,slt2_us_lt_total_net
2026-02,Luxembourg,-7681,slt1_for_lt_total_net
2026-02,Luxembourg,3156,slt2_us_lt_total_net
2026-02,Malaysia,-1640,slt1_for_lt_total_net
2026-02,Malaysia,510,slt2_us_lt_total_net
2026-02,Mauritius,179,slt1_for_lt_total_net
2026-02,Mauritius,-369,slt2_us_lt_total_net
2026-02,Memo: Euro Area,42305,slt1_for_lt_total_net
2026-02,Memo: Euro Area,5668,slt2_us_lt_total_net
2026-02,Memo: European Union,40287,slt1_for_lt_total_net
2026-02,Memo: European Union,6202,slt2_us_lt_total_net
2026-02,Mexico,5606,slt1_for_lt_total_net
2026-02,Mexico,-26,slt2_us_lt_total_net
2026-02,Monaco,66,slt1_for_lt_total_net
2026-02,Monaco,0,slt2_us_lt_total_net
2026-02,Morocco,257,slt1_for_lt_total_net
2026-02,Morocco,53,slt2_us_lt_total_net
2026-02,Netherlands,-5549,slt1_for_lt_total_net
2026-02,Netherlands,-1342,slt2_us_lt_total_net
2026-02,New Zealand,236,slt1_for_lt_total_net
2026-02,New Zealand,252,slt2_us_lt_total_net
2026-02,Norway,-5675,slt1_for_lt_total_net
2026-02,Norway,369,slt2_us_lt_total_net
2026-02,Of Which: Asset-Backed Securities,23164,slt1_for_lt_total_net
2026-02,Of Which: Asset-Backed Securities,-1438,slt2_us_lt_total_net
2026-02,Of Which: Depository Institutions,9084,slt1_for_lt_total_net
2026-02,Of Which: Depository Institutions,-8475,slt2_us_lt_total_net
2026-02,Of Which: Foreign Non-Official,128995,slt1_for_lt_total_net
2026-02,Of Which: Foreign Non-Official Asset-Backed Securities,21436,slt1_for_lt_total_net
2026-02,Of Which: Foreign Non-Official Depository Institutions,8257,slt1_for_lt_total_net
2026-02,Of Which: Foreign Non-Official Fund Shares,26556,slt1_for_lt_total_net
2026-02,Of Which: Foreign Non-Official Non-Financial Organizations,23039,slt1_for_lt_total_net
2026-02,Of Which: Foreign Non-Official Other Financial Organizations,50071,slt1_for_lt_total_net
2026-02,Of Which: Foreign Non-Official State & Local General Government,-963,slt1_for_lt_total_net
2026-02,Of Which: Foreign Official,-28655,slt1_for_lt_total_net
2026-02,Of Which: Foreign Official Asset-Backed Securities,1728,slt1_for_lt_total_net
2026-02,Of Which: Foreign Official Depository Institutions,827,slt1_for_lt_total_net
2026-02,Of Which: Foreign Official Fund Shares,5830,slt1_for_lt_total_net
2026-02,Of Which: Foreign Official Non-Financial Organizations,-7748,slt1_for_lt_total_net
2026-02,Of Which: Foreign Official Other Financial Organizations,4251,slt1_for_lt_total_net
2026-02,Of Which: Foreign Official State & Local General Government,31,slt1_for_lt_total_net
2026-02,Of Which: Fund Shares,32386,slt1_for_lt_total_net
2026-02,Of Which: Fund Shares,11790,slt2_us_lt_total_net
2026-02,Of Which: Non-Financial Organizations,15291,slt1_for_lt_total_net
2026-02,Of Which: Non-Financial Organizations,15769,slt2_us_lt_total_net
2026-02,Of Which: Other Financial Organizations,54322,slt1_for_lt_total_net
2026-02,Of Which: Other Financial Organizations,37294,slt2_us_lt_total_net
2026-02,Of Which: State & Local General Government,-932,slt1_for_lt_total_net
2026-02,Pakistan,0,slt1_for_lt_total_net
2026-02,Pakistan,-5,slt2_us_lt_total_net
2026-02,Panama,927,slt1_for_lt_total_net
2026-02,Panama,2732,slt2_us_lt_total_net
2026-02,Peru,2778,slt1_for_lt_total_net
2026-02,Peru,147,slt2_us_lt_total_net
2026-02,Philippines,-4471,slt1_for_lt_total_net
2026-02,Philippines,230,slt2_us_lt_total_net
2026-02,Poland,-480,slt1_for_lt_total_net
2026-02,Poland,269,slt2_us_lt_total_net
2026-02,Portugal,1023,slt1_for_lt_total_net
2026-02,Portugal,219,slt2_us_lt_total_net
2026-02,Romania,-483,slt1_for_lt_total_net
2026-02,Romania,-491,slt2_us_lt_total_net
2026-02,Russia,-2,slt1_for_lt_total_net
2026-02,Russia,-18,slt2_us_lt_total_net
2026-02,Saint Kitts and Nevis,268,slt1_for_lt_total_net
2026-02,Saudi Arabia,-20918,slt1_for_lt_total_net
2026-02,Serbia,75,slt1_for_lt_total_net
2026-02,Serbia,111,slt2_us_lt_total_net
2026-02,Singapore,5134,slt1_for_lt_total_net
2026-02,Singapore,-614,slt2_us_lt_total_net
2026-02,South Africa,34,slt1_for_lt_total_net
2026-02,South Africa,-43,slt2_us_lt_total_net
2026-02,Spain,5280,slt1_for_lt_total_net
2026-02,Spain,-2369,slt2_us_lt_total_net
2026-02,Sweden,-1082,slt1_for_lt_total_net
2026-02,Sweden,1080,slt2_us_lt_total_net
2026-02,Switzerland,-1105,slt1_for_lt_total_net
2026-02,Switzerland,1854,slt2_us_lt_total_net
2026-02,Syria,0,slt1_for_lt_total_net
2026-02,Taiwan,-7271,slt1_for_lt_total_net
2026-02,Taiwan,915,slt2_us_lt_total_net
2026-02,Thailand,1136,slt1_for_lt_total_net
2026-02,Thailand,488,slt2_us_lt_total_net
2026-02,Total Africa,2306,slt1_for_lt_total_net
2026-02,Total Africa,1574,slt2_us_lt_total_net
2026-02,Total Asia,-63015,slt1_for_lt_total_net
2026-02,Total Asia,20986,slt2_us_lt_total_net
2026-02,Total Caribbean,-7825,slt1_for_lt_total_net
2026-02,Total Caribbean,-6807,slt2_us_lt_total_net
2026-02,Total Europe,58915,slt1_for_lt_total_net
2026-02,Total Europe,17039,slt2_us_lt_total_net
2026-02,Total IROs,1898,slt1_for_lt_total_net
2026-02,Total IROs,-1139,slt2_us_lt_total_net
2026-02,Total Latin America,4715,slt1_for_lt_total_net
2026-02,Total Latin America,10641,slt2_us_lt_total_net
2026-02,Total Other,7711,slt1_for_lt_total_net
2026-02,Total Other,2883,slt2_us_lt_total_net
2026-02,Total Regional Orgs.,819,slt1_for_lt_total_net
2026-02,Total Regional Orgs.,-1129,slt2_us_lt_total_net
2026-02,Trinidad and Tobago,95,slt1_for_lt_total_net
2026-02,Trinidad and Tobago,57,slt2_us_lt_total_net
2026-02,Turkey,359,slt1_for_lt_total_net
2026-02,Turkey,629,slt2_us_lt_total_net
2026-02,Ukraine,90,slt1_for_lt_total_net
2026-02,Ukraine,-28,slt2_us_lt_total_net
2026-02,United Arab Emirates,-2525,slt1_for_lt_total_net
2026-02,United Arab Emirates,810,slt2_us_lt_total_net
2026-02,United Kingdom,25115,slt1_for_lt_total_net
2026-02,United Kingdom,7756,slt2_us_lt_total_net
2026-02,Uruguay,490,slt1_for_lt_total_net
2026-02,Uruguay,-356,slt2_us_lt_total_net
2026-02,Venezuela,71,slt1_for_lt_total_net
2026-02,Venezuela,60,slt2_us_lt_total_net
2026-03,All Countries,94009,slt1_for_lt_total_net
2026-03,All Countries,15157,slt2_us_lt_total_net
2026-03,Anguilla,331,slt1_for_lt_total_net
2026-03,Argentina,356,slt1_for_lt_total_net
2026-03,Argentina,-141,slt2_us_lt_total_net
2026-03,Aruba,111,slt1_for_lt_total_net
2026-03,Aruba,-8,slt2_us_lt_total_net
2026-03,Australia,10025,slt1_for_lt_total_net
2026-03,Australia,2202,slt2_us_lt_total_net
2026-03,Austria,-140,slt1_for_lt_total_net
2026-03,Austria,111,slt2_us_lt_total_net
2026-03,Bahamas,-189,slt1_for_lt_total_net
2026-03,Bahamas,-37,slt2_us_lt_total_net
2026-03,Barbados,10,slt1_for_lt_total_net
2026-03,Barbados,13,slt2_us_lt_total_net
2026-03,Belgium,5863,slt1_for_lt_total_net
2026-03,Belgium,109,slt2_us_lt_total_net
2026-03,Bermuda,2250,slt1_for_lt_total_net
2026-03,Bermuda,-963,slt2_us_lt_total_net
2026-03,Brazil,-1447,slt1_for_lt_total_net
2026-03,Brazil,1017,slt2_us_lt_total_net
2026-03,British Virgin Islands,11033,slt1_for_lt_total_net
2026-03,British Virgin Islands,161,slt2_us_lt_total_net
2026-03,Bulgaria,43,slt1_for_lt_total_net
2026-03,Bulgaria,24,slt2_us_lt_total_net
2026-03,Canada,-5454,slt1_for_lt_total_net
2026-03,Canada,708,slt2_us_lt_total_net
2026-03,Cayman Islands,58642,slt1_for_lt_total_net
2026-03,Cayman Islands,8391,slt2_us_lt_total_net
2026-03,Chile,89,slt1_for_lt_total_net
2026-03,Chile,-586,slt2_us_lt_total_net
2026-03,"China, Mainland",-24447,slt1_for_lt_total_net
2026-03,"China, Mainland",-4328,slt2_us_lt_total_net
2026-03,Colombia,-5095,slt1_for_lt_total_net
2026-03,Colombia,22,slt2_us_lt_total_net
2026-03,Costa Rica,208,slt1_for_lt_total_net
2026-03,Costa Rica,57,slt2_us_lt_total_net
2026-03,Cuba,-1,slt1_for_lt_total_net
2026-03,Cuba,0,slt2_us_lt_total_net
2026-03,Curacao,-171,slt1_for_lt_total_net
2026-03,Curacao,310,slt2_us_lt_total_net
2026-03,Cyprus,-122,slt1_for_lt_total_net
2026-03,Cyprus,110,slt2_us_lt_total_net
2026-03,Czech Republic,-296,slt1_for_lt_total_net
2026-03,Czech Republic,-146,slt2_us_lt_total_net
2026-03,Denmark,-1011,slt1_for_lt_total_net
2026-03,Denmark,984,slt2_us_lt_total_net
2026-03,Ecuador,41,slt1_for_lt_total_net
2026-03,Ecuador,1,slt2_us_lt_total_net
2026-03,Egypt,-49,slt1_for_lt_total_net
2026-03,Egypt,-189,slt2_us_lt_total_net
2026-03,Finland,-1794,slt1_for_lt_total_net
2026-03,Finland,12,slt2_us_lt_total_net
2026-03,France,-9667,slt1_for_lt_total_net
2026-03,France,4188,slt2_us_lt_total_net
2026-03,Germany,24520,slt1_for_lt_total_net
2026-03,Germany,1230,slt2_us_lt_total_net
2026-03,Grand Total,95461,slt1_for_lt_total_net
2026-03,Grand Total,15719,slt2_us_lt_total_net
2026-03,Greece,199,slt1_for_lt_total_net
2026-03,Greece,-340,slt2_us_lt_total_net
2026-03,Guatemala,-236,slt1_for_lt_total_net
2026-03,Guatemala,-72,slt2_us_lt_total_net
2026-03,Guernsey,-727,slt1_for_lt_total_net
2026-03,Guernsey,140,slt2_us_lt_total_net
2026-03,Hong Kong,14266,slt1_for_lt_total_net
2026-03,Hong Kong,1686,slt2_us_lt_total_net
2026-03,Hungary,-215,slt1_for_lt_total_net
2026-03,Hungary,205,slt2_us_lt_total_net
2026-03,India,-8912,slt1_for_lt_total_net
2026-03,India,-5331,slt2_us_lt_total_net
2026-03,Indonesia,-4662,slt1_for_lt_total_net
2026-03,Indonesia,66,slt2_us_lt_total_net
2026-03,International,2802,slt1_for_lt_total_net
2026-03,International,-50,slt2_us_lt_total_net
2026-03,Ireland,7659,slt1_for_lt_total_net
2026-03,Ireland,4040,slt2_us_lt_total_net
2026-03,Israel,1166,slt1_for_lt_total_net
2026-03,Israel,-1144,slt2_us_lt_total_net
2026-03,Italy,-965,slt1_for_lt_total_net
2026-03,Italy,1746,slt2_us_lt_total_net
2026-03,Jamaica,56,slt1_for_lt_total_net
2026-03,Jamaica,-18,slt2_us_lt_total_net
2026-03,Japan,-20319,slt1_for_lt_total_net
2026-03,Japan,-6384,slt2_us_lt_total_net
2026-03,Jersey,-704,slt1_for_lt_total_net
2026-03,Jersey,1923,slt2_us_lt_total_net
2026-03,Kazakhstan,-169,slt1_for_lt_total_net
2026-03,Kazakhstan,53,slt2_us_lt_total_net
2026-03,"Korea, South",686,slt1_for_lt_total_net
2026-03,"Korea, South",-6120,slt2_us_lt_total_net
2026-03,Kuwait,-6104,slt1_for_lt_total_net
2026-03,Kuwait,-35,slt2_us_lt_total_net
2026-03,Lebanon,-3,slt1_for_lt_total_net
2026-03,Lebanon,3,slt2_us_lt_total_net
2026-03,Liberia,38,slt1_for_lt_total_net
2026-03,Liberia,-1114,slt2_us_lt_total_net
2026-03,Luxembourg,759,slt1_for_lt_total_net
2026-03,Luxembourg,2314,slt2_us_lt_total_net
2026-03,Malaysia,-1861,slt1_for_lt_total_net
2026-03,Malaysia,-32,slt2_us_lt_total_net
2026-03,Mauritius,41,slt1_for_lt_total_net
2026-03,Mauritius,24,slt2_us_lt_total_net
2026-03,Memo: Euro Area,7537,slt1_for_lt_total_net
2026-03,Memo: Euro Area,14912,slt2_us_lt_total_net
2026-03,Memo: European Union,2161,slt1_for_lt_total_net
2026-03,Memo: European Union,17846,slt2_us_lt_total_net
2026-03,Mexico,13941,slt1_for_lt_total_net
2026-03,Mexico,37,slt2_us_lt_total_net
2026-03,Monaco,162,slt1_for_lt_total_net
2026-03,Monaco,0,slt2_us_lt_total_net
2026-03,Morocco,-155,slt1_for_lt_total_net
2026-03,Morocco,-23,slt2_us_lt_total_net
2026-03,Netherlands,-9340,slt1_for_lt_total_net
2026-03,Netherlands,2996,slt2_us_lt_total_net
2026-03,New Zealand,-1437,slt1_for_lt_total_net
2026-03,New Zealand,-191,slt2_us_lt_total_net
2026-03,Norway,-1801,slt1_for_lt_total_net
2026-03,Norway,2095,slt2_us_lt_total_net
2026-03,Of Which: Asset-Backed Securities,-18,slt1_for_lt_total_net
2026-03,Of Which: Asset-Backed Securities,6205,slt2_us_lt_total_net
2026-03,Of Which: Depository Institutions,-48,slt1_for_lt_total_net
2026-03,Of Which: Depository Institutions,-8166,slt2_us_lt_total_net
2026-03,Of Which: Foreign Non-Official,110818,slt1_for_lt_total_net
2026-03,Of Which: Foreign Non-Official Asset-Backed Securities,-1224,slt1_for_lt_total_net
2026-03,Of Which: Foreign Non-Official Depository Institutions,251,slt1_for_lt_total_net
2026-03,Of Which: Foreign Non-Official Fund Shares,-18878,slt1_for_lt_total_net
2026-03,Of Which: Foreign Non-Official Non-Financial Organizations,54777,slt1_for_lt_total_net
2026-03,Of Which: Foreign Non-Official Other Financial Organizations,9886,slt1_for_lt_total_net
2026-03,Of Which: Foreign Non-Official State & Local General Government,337,slt1_for_lt_total_net
2026-03,Of Which: Foreign Official,-15357,slt1_for_lt_total_net
2026-03,Of Which: Foreign Official Asset-Backed Securities,1206,slt1_for_lt_total_net
2026-03,Of Which: Foreign Official Depository Institutions,-299,slt1_for_lt_total_net
2026-03,Of Which: Foreign Official Fund Shares,-2147,slt1_for_lt_total_net
2026-03,Of Which: Foreign Official Non-Financial Organizations,22146,slt1_for_lt_total_net
2026-03,Of Which: Foreign Official Other Financial Organizations,1595,slt1_for_lt_total_net
2026-03,Of Which: Foreign Official State & Local General Government,23,slt1_for_lt_total_net
2026-03,Of Which: Fund Shares,-21025,slt1_for_lt_total_net
2026-03,Of Which: Fund Shares,3005,slt2_us_lt_total_net
2026-03,Of Which: Non-Financial Organizations,76923,slt1_for_lt_total_net
2026-03,Of Which: Non-Financial Organizations,13957,slt2_us_lt_total_net
2026-03,Of Which: Other Financial Organizations,11481,slt1_for_lt_total_net
2026-03,Of Which: Other Financial Organizations,8695,slt2_us_lt_total_net
2026-03,Of Which: State & Local General Government,360,slt1_for_lt_total_net
2026-03,Pakistan,0,slt1_for_lt_total_net
2026-03,Pakistan,-63,slt2_us_lt_total_net
2026-03,Panama,1092,slt1_for_lt_total_net
2026-03,Panama,488,slt2_us_lt_total_net
2026-03,Peru,4139,slt1_for_lt_total_net
2026-03,Peru,-293,slt2_us_lt_total_net
2026-03,Philippines,-1502,slt1_for_lt_total_net
2026-03,Philippines,-299,slt2_us_lt_total_net
2026-03,Poland,-347,slt1_for_lt_total_net
2026-03,Poland,163,slt2_us_lt_total_net
2026-03,Portugal,70,slt1_for_lt_total_net
2026-03,Portugal,-363,slt2_us_lt_total_net
2026-03,Romania,444,slt1_for_lt_total_net
2026-03,Romania,441,slt2_us_lt_total_net
2026-03,Russia,-12,slt1_for_lt_total_net
2026-03,Russia,-2,slt2_us_lt_total_net
2026-03,Saint Kitts and Nevis,217,slt1_for_lt_total_net
2026-03,Saudi Arabia,4087,slt1_for_lt_total_net
2026-03,Serbia,-166,slt1_for_lt_total_net
2026-03,Serbia,42,slt2_us_lt_total_net
2026-03,Singapore,37204,slt1_for_lt_total_net
2026-03,Singapore,564,slt2_us_lt_total_net
2026-03,South Africa,471,slt1_for_lt_total_net
2026-03,South Africa,-640,slt2_us_lt_total_net
2026-03,Spain,-9437,slt1_for_lt_total_net
2026-03,Spain,-1395,slt2_us_lt_total_net
2026-03,Sweden,-3951,slt1_for_lt_total_net
2026-03,Sweden,1287,slt2_us_lt_total_net
2026-03,Switzerland,3761,slt1_for_lt_total_net
2026-03,Switzerland,-1436,slt2_us_lt_total_net
2026-03,Syria,0,slt1_for_lt_total_net
2026-03,Taiwan,3159,slt1_for_lt_total_net
2026-03,Taiwan,-5306,slt2_us_lt_total_net
2026-03,Thailand,1285,slt1_for_lt_total_net
2026-03,Thailand,-260,slt2_us_lt_total_net
2026-03,Total Africa,68,slt1_for_lt_total_net
2026-03,Total Africa,-1602,slt2_us_lt_total_net
2026-03,Total Asia,-8240,slt1_for_lt_total_net
2026-03,Total Asia,-28690,slt2_us_lt_total_net
2026-03,Total Caribbean,72690,slt1_for_lt_total_net
2026-03,Total Caribbean,7770,slt2_us_lt_total_net
2026-03,Total Europe,12295,slt1_for_lt_total_net
2026-03,Total Europe,34495,slt2_us_lt_total_net
2026-03,Total IROs,1452,slt1_for_lt_total_net
2026-03,Total IROs,562,slt2_us_lt_total_net
2026-03,Total Latin America,13742,slt1_for_lt_total_net
2026-03,Total Latin America,460,slt2_us_lt_total_net
2026-03,Total Other,8910,slt1_for_lt_total_net
2026-03,Total Other,2016,slt2_us_lt_total_net
2026-03,Total Regional Orgs.,-1350,slt1_for_lt_total_net
2026-03,Total Regional Orgs.,612,slt2_us_lt_total_net
2026-03,Trinidad and Tobago,-34,slt1_for_lt_total_net
2026-03,Trinidad and Tobago,-17,slt2_us_lt_total_net
2026-03,Turkey,-10232,slt1_for_lt_total_net
2026-03,Turkey,-626,slt2_us_lt_total_net
2026-03,Ukraine,3048,slt1_for_lt_total_net
2026-03,Ukraine,36,slt2_us_lt_total_net
2026-03,United Arab Emirates,-5558,slt1_for_lt_total_net
2026-03,United Arab Emirates,-592,slt2_us_lt_total_net
2026-03,United Kingdom,17690,slt1_for_lt_total_net
2026-03,United Kingdom,14822,slt2_us_lt_total_net
2026-03,Uruguay,2,slt1_for_lt_total_net
2026-03,Uruguay,-149,slt2_us_lt_total_net
2026-03,Venezuela,98,slt1_for_lt_total_net
2026-03,Venezuela,78,slt2_us_lt_total_net
2026-04,All Countries,202961,slt1_for_lt_total_net
2026-04,All Countries,104148,slt2_us_lt_total_net
2026-04,Anguilla,412,slt1_for_lt_total_net
2026-04,Argentina,1491,slt1_for_lt_total_net
2026-04,Argentina,270,slt2_us_lt_total_net
2026-04,Aruba,55,slt1_for_lt_total_net
2026-04,Aruba,-14,slt2_us_lt_total_net
2026-04,Australia,4153,slt1_for_lt_total_net
2026-04,Australia,5387,slt2_us_lt_total_net
2026-04,Austria,36,slt1_for_lt_total_net
2026-04,Austria,67,slt2_us_lt_total_net
2026-04,Bahamas,546,slt1_for_lt_total_net
2026-04,Bahamas,-12,slt2_us_lt_total_net
2026-04,Barbados,-50,slt1_for_lt_total_net
2026-04,Barbados,-7,slt2_us_lt_total_net
2026-04,Belgium,-11302,slt1_for_lt_total_net
2026-04,Belgium,243,slt2_us_lt_total_net
2026-04,Bermuda,3541,slt1_for_lt_total_net
2026-04,Bermuda,664,slt2_us_lt_total_net
2026-04,Brazil,1501,slt1_for_lt_total_net
2026-04,Brazil,6470,slt2_us_lt_total_net
2026-04,British Virgin Islands,4246,slt1_for_lt_total_net
2026-04,British Virgin Islands,371,slt2_us_lt_total_net
2026-04,Bulgaria,-23,slt1_for_lt_total_net
2026-04,Bulgaria,55,slt2_us_lt_total_net
2026-04,Canada,-91124,slt1_for_lt_total_net
2026-04,Canada,13446,slt2_us_lt_total_net
2026-04,Cayman Islands,15379,slt1_for_lt_total_net
2026-04,Cayman Islands,359,slt2_us_lt_total_net
2026-04,Chile,2197,slt1_for_lt_total_net
2026-04,Chile,3,slt2_us_lt_total_net
2026-04,"China, Mainland",6521,slt1_for_lt_total_net
2026-04,"China, Mainland",10908,slt2_us_lt_total_net
2026-04,Colombia,1328,slt1_for_lt_total_net
2026-04,Colombia,-1134,slt2_us_lt_total_net
2026-04,Costa Rica,700,slt1_for_lt_total_net
2026-04,Costa Rica,171,slt2_us_lt_total_net
2026-04,Cuba,1,slt1_for_lt_total_net
2026-04,Cuba,0,slt2_us_lt_total_net
2026-04,Curacao,244,slt1_for_lt_total_net
2026-04,Curacao,805,slt2_us_lt_total_net
2026-04,Cyprus,-291,slt1_for_lt_total_net
2026-04,Cyprus,46,slt2_us_lt_total_net
2026-04,Czech Republic,231,slt1_for_lt_total_net
2026-04,Czech Republic,-45,slt2_us_lt_total_net
2026-04,Denmark,2398,slt1_for_lt_total_net
2026-04,Denmark,252,slt2_us_lt_total_net
2026-04,Ecuador,210,slt1_for_lt_total_net
2026-04,Ecuador,-9,slt2_us_lt_total_net
2026-04,Egypt,12,slt1_for_lt_total_net
2026-04,Egypt,-312,slt2_us_lt_total_net
2026-04,Finland,424,slt1_for_lt_total_net
2026-04,Finland,-837,slt2_us_lt_total_net
2026-04,France,27245,slt1_for_lt_total_net
2026-04,France,5173,slt2_us_lt_total_net
2026-04,Germany,8617,slt1_for_lt_total_net
2026-04,Germany,2304,slt2_us_lt_total_net
2026-04,Grand Total,207412,slt1_for_lt_total_net
2026-04,Grand Total,102093,slt2_us_lt_total_net
2026-04,Greece,34,slt1_for_lt_total_net
2026-04,Greece,294,slt2_us_lt_total_net
2026-04,Guatemala,-337,slt1_for_lt_total_net
2026-04,Guatemala,-6,slt2_us_lt_total_net
2026-04,Guernsey,-869,slt1_for_lt_total_net
2026-04,Guernsey,-242,slt2_us_lt_total_net
2026-04,Hong Kong,11226,slt1_for_lt_total_net
2026-04,Hong Kong,797,slt2_us_lt_total_net
2026-04,Hungary,94,slt1_for_lt_total_net
2026-04,Hungary,-2,slt2_us_lt_total_net
2026-04,India,-1381,slt1_for_lt_total_net
2026-04,India,-1765,slt2_us_lt_total_net
2026-04,Indonesia,-58,slt1_for_lt_total_net
2026-04,Indonesia,130,slt2_us_lt_total_net
2026-04,International,2796,slt1_for_lt_total_net
2026-04,International,-670,slt2_us_lt_total_net
2026-04,Ireland,17824,slt1_for_lt_total_net
2026-04,Ireland,7058,slt2_us_lt_total_net
2026-04,Israel,11859,slt1_for_lt_total_net
2026-04,Israel,-285,slt2_us_lt_total_net
2026-04,Italy,253,slt1_for_lt_total_net
2026-04,Italy,5153,slt2_us_lt_total_net
2026-04,Jamaica,119,slt1_for_lt_total_net
2026-04,Jamaica,6,slt2_us_lt_total_net
2026-04,Japan,29331,slt1_for_lt_total_net
2026-04,Japan,20137,slt2_us_lt_total_net
2026-04,Jersey,799,slt1_for_lt_total_net
2026-04,Jersey,-2452,slt2_us_lt_total_net
2026-04,Kazakhstan,425,slt1_for_lt_total_net
2026-04,Kazakhstan,625,slt2_us_lt_total_net
2026-04,"Korea, South",12425,slt1_for_lt_total_net
2026-04,"Korea, South",2587,slt2_us_lt_total_net
2026-04,Kuwait,-509,slt1_for_lt_total_net
2026-04,Kuwait,784,slt2_us_lt_total_net
2026-04,Lebanon,6,slt1_for_lt_total_net
2026-04,Lebanon,19,slt2_us_lt_total_net
2026-04,Liberia,-5,slt1_for_lt_total_net
2026-04,Liberia,39,slt2_us_lt_total_net
2026-04,Luxembourg,15872,slt1_for_lt_total_net
2026-04,Luxembourg,-240,slt2_us_lt_total_net
2026-04,Malaysia,2370,slt1_for_lt_total_net
2026-04,Malaysia,551,slt2_us_lt_total_net
2026-04,Mauritius,-107,slt1_for_lt_total_net
2026-04,Mauritius,150,slt2_us_lt_total_net
2026-04,Memo: Euro Area,71116,slt1_for_lt_total_net
2026-04,Memo: Euro Area,21929,slt2_us_lt_total_net
2026-04,Memo: European Union,77018,slt1_for_lt_total_net
2026-04,Memo: European Union,24542,slt2_us_lt_total_net
2026-04,Mexico,1938,slt1_for_lt_total_net
2026-04,Mexico,1669,slt2_us_lt_total_net
2026-04,Monaco,-66,slt1_for_lt_total_net
2026-04,Monaco,0,slt2_us_lt_total_net
2026-04,Morocco,-103,slt1_for_lt_total_net
2026-04,Morocco,284,slt2_us_lt_total_net
2026-04,Netherlands,-1780,slt1_for_lt_total_net
2026-04,Netherlands,-1739,slt2_us_lt_total_net
2026-04,New Zealand,252,slt1_for_lt_total_net
2026-04,New Zealand,189,slt2_us_lt_total_net
2026-04,Norway,272,slt1_for_lt_total_net
2026-04,Norway,430,slt2_us_lt_total_net
2026-04,Of Which: Asset-Backed Securities,26106,slt1_for_lt_total_net
2026-04,Of Which: Asset-Backed Securities,1298,slt2_us_lt_total_net
2026-04,Of Which: Depository Institutions,8532,slt1_for_lt_total_net
2026-04,Of Which: Depository Institutions,257,slt2_us_lt_total_net
2026-04,Of Which: Foreign Non-Official,165951,slt1_for_lt_total_net
2026-04,Of Which: Foreign Non-Official Asset-Backed Securities,27012,slt1_for_lt_total_net
2026-04,Of Which: Foreign Non-Official Depository Institutions,8246,slt1_for_lt_total_net
2026-04,Of Which: Foreign Non-Official Fund Shares,44980,slt1_for_lt_total_net
2026-04,Of Which: Foreign Non-Official Non-Financial Organizations,47367,slt1_for_lt_total_net
2026-04,Of Which: Foreign Non-Official Other Financial Organizations,48987,slt1_for_lt_total_net
2026-04,Of Which: Foreign Non-Official State & Local General Government,318,slt1_for_lt_total_net
2026-04,Of Which: Foreign Official,41461,slt1_for_lt_total_net
2026-04,Of Which: Foreign Official Asset-Backed Securities,-906,slt1_for_lt_total_net
2026-04,Of Which: Foreign Official Depository Institutions,286,slt1_for_lt_total_net
2026-04,Of Which: Foreign Official Fund Shares,7003,slt1_for_lt_total_net
2026-04,Of Which: Foreign Official Non-Financial Organizations,18290,slt1_for_lt_total_net
2026-04,Of Which: Foreign Official Other Financial Organizations,8625,slt1_for_lt_total_net
2026-04,Of Which: Foreign Official State & Local General Government,13,slt1_for_lt_total_net
2026-04,Of Which: Fund Shares,51983,slt1_for_lt_total_net
2026-04,Of Which: Fund Shares,6227,slt2_us_lt_total_net
2026-04,Of Which: Non-Financial Organizations,65657,slt1_for_lt_total_net
2026-04,Of Which: Non-Financial Organizations,14043,slt2_us_lt_total_net
2026-04,Of Which: Other Financial Organizations,57612,slt1_for_lt_total_net
2026-04,Of Which: Other Financial Organizations,87939,slt2_us_lt_total_net
2026-04,Of Which: State & Local General Government,331,slt1_for_lt_total_net
2026-04,Pakistan,0,slt1_for_lt_total_net
2026-04,Pakistan,-114,slt2_us_lt_total_net
2026-04,Panama,1451,slt1_for_lt_total_net
2026-04,Panama,-135,slt2_us_lt_total_net
2026-04,Peru,-496,slt1_for_lt_total_net
2026-04,Peru,691,slt2_us_lt_total_net
2026-04,Philippines,797,slt1_for_lt_total_net
2026-04,Philippines,-220,slt2_us_lt_total_net
2026-04,Poland,-769,slt1_for_lt_total_net
2026-04,Poland,1827,slt2_us_lt_total_net
2026-04,Portugal,117,slt1_for_lt_total_net
2026-04,Portugal,-155,slt2_us_lt_total_net
2026-04,Romania,-267,slt1_for_lt_total_net
2026-04,Romania,-413,slt2_us_lt_total_net
2026-04,Russia,-9,slt1_for_lt_total_net
2026-04,Russia,4,slt2_us_lt_total_net
2026-04,Saint Kitts and Nevis,117,slt1_for_lt_total_net
2026-04,Saudi Arabia,593,slt1_for_lt_total_net
2026-04,Serbia,67,slt1_for_lt_total_net
2026-04,Serbia,-8,slt2_us_lt_total_net
2026-04,Singapore,47391,slt1_for_lt_total_net
2026-04,Singapore,-434,slt2_us_lt_total_net
2026-04,South Africa,822,slt1_for_lt_total_net
2026-04,South Africa,521,slt2_us_lt_total_net
2026-04,Spain,14451,slt1_for_lt_total_net
2026-04,Spain,4400,slt2_us_lt_total_net
2026-04,Sweden,4215,slt1_for_lt_total_net
2026-04,Sweden,994,slt2_us_lt_total_net
2026-04,Switzerland,5964,slt1_for_lt_total_net
2026-04,Switzerland,-3674,slt2_us_lt_total_net
2026-04,Syria,0,slt1_for_lt_total_net
2026-04,Taiwan,7050,slt1_for_lt_total_net
2026-04,Taiwan,9381,slt2_us_lt_total_net
2026-04,Thailand,-81,slt1_for_lt_total_net
2026-04,Thailand,-47,slt2_us_lt_total_net
2026-04,Total Africa,1716,slt1_for_lt_total_net
2026-04,Total Africa,636,slt2_us_lt_total_net
2026-04,Total Asia,117803,slt1_for_lt_total_net
2026-04,Total Asia,46063,slt2_us_lt_total_net
2026-04,Total Caribbean,24844,slt1_for_lt_total_net
2026-04,Total Caribbean,2180,slt2_us_lt_total_net
2026-04,Total Europe,135657,slt1_for_lt_total_net
2026-04,Total Europe,27978,slt2_us_lt_total_net
2026-04,Total IROs,4451,slt1_for_lt_total_net
2026-04,Total IROs,-2055,slt2_us_lt_total_net
2026-04,Total Latin America,9427,slt1_for_lt_total_net
2026-04,Total Latin America,8166,slt2_us_lt_total_net
2026-04,Total Other,4633,slt1_for_lt_total_net
2026-04,Total Other,5679,slt2_us_lt_total_net
2026-04,Total Regional Orgs.,1655,slt1_for_lt_total_net
2026-04,Total Regional Orgs.,-1385,slt2_us_lt_total_net
2026-04,Trinidad and Tobago,110,slt1_for_lt_total_net
2026-04,Trinidad and Tobago,12,slt2_us_lt_total_net
2026-04,Turkey,136,slt1_for_lt_total_net
2026-04,Turkey,550,slt2_us_lt_total_net
2026-04,Ukraine,1336,slt1_for_lt_total_net
2026-04,Ukraine,32,slt2_us_lt_total_net
2026-04,United Arab Emirates,-8803,slt1_for_lt_total_net
2026-04,United Arab Emirates,1022,slt2_us_lt_total_net
2026-04,United Kingdom,50026,slt1_for_lt_total_net
2026-04,United Kingdom,7518,slt2_us_lt_total_net
2026-04,Uruguay,-575,slt1_for_lt_total_net
2026-04,Uruguay,-12,slt2_us_lt_total_net
2026-04,Venezuela,51,slt1_for_lt_total_net
2026-04,Venezuela,159,slt2_us_lt_total_net
2026-05,All Countries,263720,slt1_for_lt_total_net
2026-05,All Countries,30141,slt2_us_lt_total_net
2026-05,Anguilla,90,slt1_for_lt_total_net
2026-05,Argentina,862,slt1_for_lt_total_net
2026-05,Argentina,796,slt2_us_lt_total_net
2026-05,Aruba,58,slt1_for_lt_total_net
2026-05,Aruba,6,slt2_us_lt_total_net
2026-05,Australia,10796,slt1_for_lt_total_net
2026-05,Australia,2042,slt2_us_lt_total_net
2026-05,Austria,34,slt1_for_lt_total_net
2026-05,Austria,-273,slt2_us_lt_total_net
2026-05,Bahamas,563,slt1_for_lt_total_net
2026-05,Bahamas,-33,slt2_us_lt_total_net
2026-05,Barbados,-43,slt1_for_lt_total_net
2026-05,Barbados,-26,slt2_us_lt_total_net
2026-05,Belgium,-3149,slt1_for_lt_total_net
2026-05,Belgium,146,slt2_us_lt_total_net
2026-05,Bermuda,8436,slt1_for_lt_total_net
2026-05,Bermuda,1060,slt2_us_lt_total_net
2026-05,Brazil,926,slt1_for_lt_total_net
2026-05,Brazil,-2542,slt2_us_lt_total_net
2026-05,British Virgin Islands,2622,slt1_for_lt_total_net
2026-05,British Virgin Islands,-116,slt2_us_lt_total_net
2026-05,Bulgaria,-9,slt1_for_lt_total_net
2026-05,Bulgaria,27,slt2_us_lt_total_net
2026-05,Canada,82768,slt1_for_lt_total_net
2026-05,Canada,343,slt2_us_lt_total_net
2026-05,Cayman Islands,55976,slt1_for_lt_total_net
2026-05,Cayman Islands,3367,slt2_us_lt_total_net
2026-05,Chile,295,slt1_for_lt_total_net
2026-05,Chile,-439,slt2_us_lt_total_net
2026-05,"China, Mainland",-3895,slt1_for_lt_total_net
2026-05,"China, Mainland",7587,slt2_us_lt_total_net
2026-05,Colombia,-602,slt1_for_lt_total_net
2026-05,Colombia,846,slt2_us_lt_total_net
2026-05,Costa Rica,341,slt1_for_lt_total_net
2026-05,Costa Rica,-50,slt2_us_lt_total_net
2026-05,Cuba,0,slt1_for_lt_total_net
2026-05,Cuba,0,slt2_us_lt_total_net
2026-05,Curacao,137,slt1_for_lt_total_net
2026-05,Curacao,522,slt2_us_lt_total_net
2026-05,Cyprus,82,slt1_for_lt_total_net
2026-05,Cyprus,21,slt2_us_lt_total_net
2026-05,Czech Republic,-194,slt1_for_lt_total_net
2026-05,Czech Republic,-191,slt2_us_lt_total_net
2026-05,Denmark,1077,slt1_for_lt_total_net
2026-05,Denmark,202,slt2_us_lt_total_net
2026-05,Ecuador,45,slt1_for_lt_total_net
2026-05,Ecuador,468,slt2_us_lt_total_net
2026-05,Egypt,-1,slt1_for_lt_total_net
2026-05,Egypt,106,slt2_us_lt_total_net
2026-05,Finland,599,slt1_for_lt_total_net
2026-05,Finland,976,slt2_us_lt_total_net
2026-05,France,-18559,slt1_for_lt_total_net
2026-05,France,1325,slt2_us_lt_total_net
2026-05,Germany,24198,slt1_for_lt_total_net
2026-05,Germany,330,slt2_us_lt_total_net
2026-05,Grand Total,262845,slt1_for_lt_total_net
2026-05,Grand Total,31646,slt2_us_lt_total_net
2026-05,Greece,-198,slt1_for_lt_total_net
2026-05,Greece,605,slt2_us_lt_total_net
2026-05,Guatemala,264,slt1_for_lt_total_net
2026-05,Guatemala,-133,slt2_us_lt_total_net
2026-05,Guernsey,50,slt1_for_lt_total_net
2026-05,Guernsey,-336,slt2_us_lt_total_net
2026-05,Hong Kong,21684,slt1_for_lt_total_net
2026-05,Hong Kong,761,slt2_us_lt_total_net
2026-05,Hungary,-129,slt1_for_lt_total_net
2026-05,Hungary,-243,slt2_us_lt_total_net
2026-05,India,1831,slt1_for_lt_total_net
2026-05,India,276,slt2_us_lt_total_net
2026-05,Indonesia,-150,slt1_for_lt_total_net
2026-05,Indonesia,-107,slt2_us_lt_total_net
2026-05,International,604,slt1_for_lt_total_net
2026-05,International,892,slt2_us_lt_total_net
2026-05,Ireland,27192,slt1_for_lt_total_net
2026-05,Ireland,2855,slt2_us_lt_total_net
2026-05,Israel,6442,slt1_for_lt_total_net
2026-05,Israel,-625,slt2_us_lt_total_net
2026-05,Italy,212,slt1_for_lt_total_net
2026-05,Italy,1129,slt2_us_lt_total_net
2026-05,Jamaica,42,slt1_for_lt_total_net
2026-05,Jamaica,0,slt2_us_lt_total_net
2026-05,Japan,-10245,slt1_for_lt_total_net
2026-05,Japan,7647,slt2_us_lt_total_net
2026-05,Jersey,-226,slt1_for_lt_total_net
2026-05,Jersey,26,slt2_us_lt_total_net
2026-05,Kazakhstan,927,slt1_for_lt_total_net
2026-05,Kazakhstan,48,slt2_us_lt_total_net
2026-05,"Korea, South",976,slt1_for_lt_total_net
2026-05,"Korea, South",-14417,slt2_us_lt_total_net
2026-05,Kuwait,-978,slt1_for_lt_total_net
2026-05,Kuwait,-57,slt2_us_lt_total_net
2026-05,Lebanon,-2,slt1_for_lt_total_net
2026-05,Lebanon,28,slt2_us_lt_total_net
2026-05,Liberia,24,slt1_for_lt_total_net
2026-05,Liberia,655,slt2_us_lt_total_net
2026-05,Luxembourg,5476,slt1_for_lt_total_net
2026-05,Luxembourg,4715,slt2_us_lt_total_net
2026-05,Malaysia,-57,slt1_for_lt_total_net
2026-05,Malaysia,101,slt2_us_lt_total_net
2026-05,Mauritius,130,slt1_for_lt_total_net
2026-05,Mauritius,-118,slt2_us_lt_total_net
2026-05,Memo: Euro Area,25310,slt1_for_lt_total_net
2026-05,Memo: Euro Area,12323,slt2_us_lt_total_net
2026-05,Memo: European Union,28685,slt1_for_lt_total_net
2026-05,Memo: European Union,11570,slt2_us_lt_total_net
2026-05,Mexico,1547,slt1_for_lt_total_net
2026-05,Mexico,1168,slt2_us_lt_total_net
2026-05,Monaco,75,slt1_for_lt_total_net
2026-05,Monaco,0,slt2_us_lt_total_net
2026-05,Morocco,218,slt1_for_lt_total_net
2026-05,Morocco,571,slt2_us_lt_total_net
2026-05,Netherlands,-10279,slt1_for_lt_total_net
2026-05,Netherlands,-540,slt2_us_lt_total_net
2026-05,New Zealand,-2317,slt1_for_lt_total_net
2026-05,New Zealand,70,slt2_us_lt_total_net
2026-05,Norway,-3903,slt1_for_lt_total_net
2026-05,Norway,-326,slt2_us_lt_total_net
2026-05,Of Which: Asset-Backed Securities,23309,slt1_for_lt_total_net
2026-05,Of Which: Asset-Backed Securities,-1323,slt2_us_lt_total_net
2026-05,Of Which: Depository Institutions,11398,slt1_for_lt_total_net
2026-05,Of Which: Depository Institutions,1831,slt2_us_lt_total_net
2026-05,Of Which: Foreign Non-Official,246753,slt1_for_lt_total_net
2026-05,Of Which: Foreign Non-Official Asset-Backed Securities,27058,slt1_for_lt_total_net
2026-05,Of Which: Foreign Non-Official Depository Institutions,11199,slt1_for_lt_total_net
2026-05,Of Which: Foreign Non-Official Fund Shares,41142,slt1_for_lt_total_net
2026-05,Of Which: Foreign Non-Official Non-Financial Organizations,94919,slt1_for_lt_total_net
2026-05,Of Which: Foreign Non-Official Other Financial Organizations,65130,slt1_for_lt_total_net
2026-05,Of Which: Foreign Non-Official State & Local General Government,-623,slt1_for_lt_total_net
2026-05,Of Which: Foreign Official,16092,slt1_for_lt_total_net
2026-05,Of Which: Foreign Official Asset-Backed Securities,-3749,slt1_for_lt_total_net
2026-05,Of Which: Foreign Official Depository Institutions,199,slt1_for_lt_total_net
2026-05,Of Which: Foreign Official Fund Shares,1231,slt1_for_lt_total_net
2026-05,Of Which: Foreign Official Non-Financial Organizations,14098,slt1_for_lt_total_net
2026-05,Of Which: Foreign Official Other Financial Organizations,4451,slt1_for_lt_total_net
2026-05,Of Which: Foreign Official State & Local General Government,-29,slt1_for_lt_total_net
2026-05,Of Which: Fund Shares,42373,slt1_for_lt_total_net
2026-05,Of Which: Fund Shares,-6725,slt2_us_lt_total_net
2026-05,Of Which: Non-Financial Organizations,109017,slt1_for_lt_total_net
2026-05,Of Which: Non-Financial Organizations,12308,slt2_us_lt_total_net
2026-05,Of Which: Other Financial Organizations,69581,slt1_for_lt_total_net
2026-05,Of Which: Other Financial Organizations,18453,slt2_us_lt_total_net
2026-05,Of Which: State & Local General Government,-652,slt1_for_lt_total_net
2026-05,Pakistan,-4,slt1_for_lt_total_net
2026-05,Pakistan,-24,slt2_us_lt_total_net
2026-05,Panama,1602,slt1_for_lt_total_net
2026-05,Panama,71,slt2_us_lt_total_net
2026-05,Peru,501,slt1_for_lt_total_net
2026-05,Peru,1099,slt2_us_lt_total_net
2026-05,Philippines,490,slt1_for_lt_total_net
2026-05,Philippines,-27,slt2_us_lt_total_net
2026-05,Poland,-731,slt1_for_lt_total_net
2026-05,Poland,229,slt2_us_lt_total_net
2026-05,Portugal,74,slt1_for_lt_total_net
2026-05,Portugal,-115,slt2_us_lt_total_net
2026-05,Romania,434,slt1_for_lt_total_net
2026-05,Romania,-286,slt2_us_lt_total_net
2026-05,Russia,1,slt1_for_lt_total_net
2026-05,Russia,-33,slt2_us_lt_total_net
2026-05,Saint Kitts and Nevis,241,slt1_for_lt_total_net
2026-05,Saudi Arabia,1151,slt1_for_lt_total_net
2026-05,Serbia,48,slt1_for_lt_total_net
2026-05,Serbia,740,slt2_us_lt_total_net
2026-05,Singapore,29211,slt1_for_lt_total_net
2026-05,Singapore,667,slt2_us_lt_total_net
2026-05,South Africa,980,slt1_for_lt_total_net
2026-05,South Africa,20,slt2_us_lt_total_net
2026-05,Spain,-642,slt1_for_lt_total_net
2026-05,Spain,1086,slt2_us_lt_total_net
2026-05,Sweden,2918,slt1_for_lt_total_net
2026-05,Sweden,-464,slt2_us_lt_total_net
2026-05,Switzerland,-3725,slt1_for_lt_total_net
2026-05,Switzerland,1305,slt2_us_lt_total_net
2026-05,Syria,0,slt1_for_lt_total_net
2026-05,Taiwan,970,slt1_for_lt_total_net
2026-05,Taiwan,6641,slt2_us_lt_total_net
2026-05,Thailand,532,slt1_for_lt_total_net
2026-05,Thailand,-188,slt2_us_lt_total_net
2026-05,Total Africa,2348,slt1_for_lt_total_net
2026-05,Total Africa,1759,slt2_us_lt_total_net
2026-05,Total Asia,46187,slt1_for_lt_total_net
2026-05,Total Asia,7483,slt2_us_lt_total_net
2026-05,Total Caribbean,68476,slt1_for_lt_total_net
2026-05,Total Caribbean,4752,slt2_us_lt_total_net
2026-05,Total Europe,47912,slt1_for_lt_total_net
2026-05,Total Europe,11723,slt2_us_lt_total_net
2026-05,Total IROs,-875,slt1_for_lt_total_net
2026-05,Total IROs,1505,slt2_us_lt_total_net
2026-05,Total Latin America,7106,slt1_for_lt_total_net
2026-05,Total Latin America,1676,slt2_us_lt_total_net
2026-05,Total Other,8930,slt1_for_lt_total_net
2026-05,Total Other,2405,slt2_us_lt_total_net
2026-05,Total Regional Orgs.,-1479,slt1_for_lt_total_net
2026-05,Total Regional Orgs.,613,slt2_us_lt_total_net
2026-05,Trinidad and Tobago,62,slt1_for_lt_total_net
2026-05,Trinidad and Tobago,-3,slt2_us_lt_total_net
2026-05,Turkey,-6,slt1_for_lt_total_net
2026-05,Turkey,-606,slt2_us_lt_total_net
2026-05,Ukraine,1814,slt1_for_lt_total_net
2026-05,Ukraine,82,slt2_us_lt_total_net
2026-05,United Arab Emirates,-1512,slt1_for_lt_total_net
2026-05,United Arab Emirates,-261,slt2_us_lt_total_net
2026-05,United Kingdom,21810,slt1_for_lt_total_net
2026-05,United Kingdom,-856,slt2_us_lt_total_net
2026-05,Uruguay,243,slt1_for_lt_total_net
2026-05,Uruguay,-32,slt2_us_lt_total_net
2026-05,Venezuela,60,slt1_for_lt_total_net
2026-05,Venezuela,59,slt2_us_lt_total_net
2026-06,All Countries,206728,slt1_for_lt_total_net
2026-06,All Countries,33907,slt2_us_lt_total_net
2026-06,Anguilla,-9,slt1_for_lt_total_net
2026-06,Argentina,451,slt1_for_lt_total_net
2026-06,Argentina,128,slt2_us_lt_total_net
2026-06,Aruba,145,slt1_for_lt_total_net
2026-06,Aruba,-28,slt2_us_lt_total_net
2026-06,Australia,8290,slt1_for_lt_total_net
2026-06,Australia,3568,slt2_us_lt_total_net
2026-06,Austria,-16,slt1_for_lt_total_net
2026-06,Austria,-40,slt2_us_lt_total_net
2026-06,Bahamas,97,slt1_for_lt_total_net
2026-06,Bahamas,-21,slt2_us_lt_total_net
2026-06,Barbados,1,slt1_for_lt_total_net
2026-06,Barbados,-15,slt2_us_lt_total_net
2026-06,Belgium,9567,slt1_for_lt_total_net
2026-06,Belgium,5,slt2_us_lt_total_net
2026-06,Bermuda,1079,slt1_for_lt_total_net
2026-06,Bermuda,2976,slt2_us_lt_total_net
2026-06,Brazil,-499,slt1_for_lt_total_net
2026-06,Brazil,-2775,slt2_us_lt_total_net
2026-06,British Virgin Islands,-680,slt1_for_lt_total_net
2026-06,British Virgin Islands,17,slt2_us_lt_total_net
2026-06,Bulgaria,-20,slt1_for_lt_total_net
2026-06,Bulgaria,13,slt2_us_lt_total_net
2026-06,Canada,47763,slt1_for_lt_total_net
2026-06,Canada,4873,slt2_us_lt_total_net
2026-06,Cayman Islands,36171,slt1_for_lt_total_net
2026-06,Cayman Islands,-1419,slt2_us_lt_total_net
2026-06,Chile,1972,slt1_for_lt_total_net
2026-06,Chile,-152,slt2_us_lt_total_net
2026-06,"China, Mainland",-15607,slt1_for_lt_total_net
2026-06,"China, Mainland",-1599,slt2_us_lt_total_net
2026-06,Colombia,951,slt1_for_lt_total_net
2026-06,Colombia,799,slt2_us_lt_total_net
2026-06,Costa Rica,602,slt1_for_lt_total_net
2026-06,Costa Rica,-31,slt2_us_lt_total_net
2026-06,Cuba,0,slt1_for_lt_total_net
2026-06,Cuba,0,slt2_us_lt_total_net
2026-06,Curacao,53,slt1_for_lt_total_net
2026-06,Curacao,-1527,slt2_us_lt_total_net
2026-06,Cyprus,777,slt1_for_lt_total_net
2026-06,Cyprus,-47,slt2_us_lt_total_net
2026-06,Czech Republic,-799,slt1_for_lt_total_net
2026-06,Czech Republic,27,slt2_us_lt_total_net
2026-06,Denmark,2360,slt1_for_lt_total_net
2026-06,Denmark,125,slt2_us_lt_total_net
2026-06,Ecuador,16,slt1_for_lt_total_net
2026-06,Ecuador,52,slt2_us_lt_total_net
2026-06,Egypt,8,slt1_for_lt_total_net
2026-06,Egypt,40,slt2_us_lt_total_net
2026-06,Finland,-1128,slt1_for_lt_total_net
2026-06,Finland,-30,slt2_us_lt_total_net
2026-06,France,-17522,slt1_for_lt_total_net
2026-06,France,3829,slt2_us_lt_total_net
2026-06,Germany,33801,slt1_for_lt_total_net
2026-06,Germany,-2376,slt2_us_lt_total_net
2026-06,Grand Total,208899,slt1_for_lt_total_net
2026-06,Grand Total,34529,slt2_us_lt_total_net
2026-06,Greece,-36,slt1_for_lt_total_net
2026-06,Greece,496,slt2_us_lt_total_net
2026-06,Guatemala,741,slt1_for_lt_total_net
2026-06,Guatemala,57,slt2_us_lt_total_net
2026-06,Guernsey,1885,slt1_for_lt_total_net
2026-06,Guernsey,143,slt2_us_lt_total_net
2026-06,Hong Kong,-1481,slt1_for_lt_total_net
2026-06,Hong Kong,202,slt2_us_lt_total_net
2026-06,Hungary,13,slt1_for_lt_total_net
2026-06,Hungary,-67,slt2_us_lt_total_net
2026-06,India,2646,slt1_for_lt_total_net
2026-06,India,192,slt2_us_lt_total_net
2026-06,Indonesia,-1038,slt1_for_lt_total_net
2026-06,Indonesia,-603,slt2_us_lt_total_net
2026-06,International,2029,slt1_for_lt_total_net
2026-06,International,-983,slt2_us_lt_total_net
2026-06,Ireland,42116,slt1_for_lt_total_net
2026-06,Ireland,-3637,slt2_us_lt_total_net
2026-06,Israel,3045,slt1_for_lt_total_net
2026-06,Israel,1062,slt2_us_lt_total_net
2026-06,Italy,687,slt1_for_lt_total_net
2026-06,Italy,6602,slt2_us_lt_total_net
2026-06,Jamaica,59,slt1_for_lt_total_net
2026-06,Jamaica,-15,slt2_us_lt_total_net
2026-06,Japan,-8837,slt1_for_lt_total_net
2026-06,Japan,19025,slt2_us_lt_total_net
2026-06,Jersey,-493,slt1_for_lt_total_net
2026-06,Jersey,4140,slt2_us_lt_total_net
2026-06,Kazakhstan,538,slt1_for_lt_total_net
2026-06,Kazakhstan,189,slt2_us_lt_total_net
2026-06,"Korea, South",5743,slt1_for_lt_total_net
2026-06,"Korea, South",-15777,slt2_us_lt_total_net
2026-06,Kuwait,2723,slt1_for_lt_total_net
2026-06,Kuwait,-235,slt2_us_lt_total_net
2026-06,Lebanon,2,slt1_for_lt_total_net
2026-06,Lebanon,-2,slt2_us_lt_total_net
2026-06,Liberia,46,slt1_for_lt_total_net
2026-06,Liberia,-1311,slt2_us_lt_total_net
2026-06,Luxembourg,1742,slt1_for_lt_total_net
2026-06,Luxembourg,661,slt2_us_lt_total_net
2026-06,Malaysia,-210,slt1_for_lt_total_net
2026-06,Malaysia,-387,slt2_us_lt_total_net
2026-06,Mauritius,162,slt1_for_lt_total_net
2026-06,Mauritius,-34,slt2_us_lt_total_net
2026-06,Memo: Euro Area,77577,slt1_for_lt_total_net
2026-06,Memo: Euro Area,11736,slt2_us_lt_total_net
2026-06,Memo: European Union,82015,slt1_for_lt_total_net
2026-06,Memo: European Union,9761,slt2_us_lt_total_net
2026-06,Mexico,-574,slt1_for_lt_total_net
2026-06,Mexico,4856,slt2_us_lt_total_net
2026-06,Monaco,53,slt1_for_lt_total_net
2026-06,Monaco,0,slt2_us_lt_total_net
2026-06,Morocco,181,slt1_for_lt_total_net
2026-06,Morocco,126,slt2_us_lt_total_net
2026-06,Netherlands,-954,slt1_for_lt_total_net
2026-06,Netherlands,4985,slt2_us_lt_total_net
2026-06,New Zealand,951,slt1_for_lt_total_net
2026-06,New Zealand,-489,slt2_us_lt_total_net
2026-06,Norway,17583,slt1_for_lt_total_net
2026-06,Norway,-663,slt2_us_lt_total_net
2026-06,Of Which: Asset-Backed Securities,-11251,slt1_for_lt_total_net
2026-06,Of Which: Asset-Backed Securities,1132,slt2_us_lt_total_net
2026-06,Of Which: Depository Institutions,2358,slt1_for_lt_total_net
2026-06,Of Which: Depository Institutions,-2451,slt2_us_lt_total_net
2026-06,Of Which: Foreign Non-Official,171342,slt1_for_lt_total_net
2026-06,Of Which: Foreign Non-Official Asset-Backed Securities,-11383,slt1_for_lt_total_net
2026-06,Of Which: Foreign Non-Official Depository Institutions,1770,slt1_for_lt_total_net
2026-06,Of Which: Foreign Non-Official Fund Shares,30909,slt1_for_lt_total_net
2026-06,Of Which: Foreign Non-Official Non-Financial Organizations,134493,slt1_for_lt_total_net
2026-06,Of Which: Foreign Non-Official Other Financial Organizations,36019,slt1_for_lt_total_net
2026-06,Of Which: Foreign Non-Official State & Local General Government,857,slt1_for_lt_total_net
2026-06,Of Which: Foreign Official,37557,slt1_for_lt_total_net
2026-06,Of Which: Foreign Official Asset-Backed Securities,132,slt1_for_lt_total_net
2026-06,Of Which: Foreign Official Depository Institutions,588,slt1_for_lt_total_net
2026-06,Of Which: Foreign Official Fund Shares,610,slt1_for_lt_total_net
2026-06,Of Which: Foreign Official Non-Financial Organizations,42447,slt1_for_lt_total_net
2026-06,Of Which: Foreign Official Other Financial Organizations,6614,slt1_for_lt_total_net
2026-06,Of Which: Foreign Official State & Local General Government,-32,slt1_for_lt_total_net
2026-06,Of Which: Fund Shares,31519,slt1_for_lt_total_net
2026-06,Of Which: Fund Shares,-2753,slt2_us_lt_total_net
2026-06,Of Which: Non-Financial Organizations,176940,slt1_for_lt_total_net
2026-06,Of Which: Non-Financial Organizations,5413,slt2_us_lt_total_net
2026-06,Of Which: Other Financial Organizations,42633,slt1_for_lt_total_net
2026-06,Of Which: Other Financial Organizations,31415,slt2_us_lt_total_net
2026-06,Of Which: State & Local General Government,825,slt1_for_lt_total_net
2026-06,Pakistan,-1,slt1_for_lt_total_net
2026-06,Pakistan,38,slt2_us_lt_total_net
2026-06,Panama,1667,slt1_for_lt_total_net
2026-06,Panama,-106,slt2_us_lt_total_net
2026-06,Peru,-466,slt1_for_lt_total_net
2026-06,Peru,63,slt2_us_lt_total_net
2026-06,Philippines,993,slt1_for_lt_total_net
2026-06,Philippines,362,slt2_us_lt_total_net
2026-06,Poland,299,slt1_for_lt_total_net
2026-06,Poland,11,slt2_us_lt_total_net
2026-06,Portugal,-362,slt1_for_lt_total_net
2026-06,Portugal,172,slt2_us_lt_total_net
2026-06,Romania,51,slt1_for_lt_total_net
2026-06,Romania,137,slt2_us_lt_total_net
2026-06,Russia,-4,slt1_for_lt_total_net
2026-06,Russia,-172,slt2_us_lt_total_net
2026-06,Saint Kitts and Nevis,257,slt1_for_lt_total_net
2026-06,Saudi Arabia,4193,slt1_for_lt_total_net
2026-06,Serbia,-207,slt1_for_lt_total_net
2026-06,Serbia,381,slt2_us_lt_total_net
2026-06,Singapore,29007,slt1_for_lt_total_net
2026-06,Singapore,1712,slt2_us_lt_total_net
2026-06,South Africa,-1819,slt1_for_lt_total_net
2026-06,South Africa,-280,slt2_us_lt_total_net
2026-06,Spain,8765,slt1_for_lt_total_net
2026-06,Spain,1030,slt2_us_lt_total_net
2026-06,Sweden,2514,slt1_for_lt_total_net
2026-06,Sweden,-2208,slt2_us_lt_total_net
2026-06,Switzerland,4482,slt1_for_lt_total_net
2026-06,Switzerland,-202,slt2_us_lt_total_net
2026-06,Syria,0,slt1_for_lt_total_net
2026-06,Taiwan,4108,slt1_for_lt_total_net
2026-06,Taiwan,-2237,slt2_us_lt_total_net
2026-06,Thailand,1600,slt1_for_lt_total_net
2026-06,Thailand,59,slt2_us_lt_total_net
2026-06,Total Africa,-984,slt1_for_lt_total_net
2026-06,Total Africa,-1913,slt2_us_lt_total_net
2026-06,Total Asia,21200,slt1_for_lt_total_net
2026-06,Total Asia,2860,slt2_us_lt_total_net
2026-06,Total Caribbean,37478,slt1_for_lt_total_net
2026-06,Total Caribbean,142,slt2_us_lt_total_net
2026-06,Total Europe,86634,slt1_for_lt_total_net
2026-06,Total Europe,21843,slt2_us_lt_total_net
2026-06,Total IROs,2171,slt1_for_lt_total_net
2026-06,Total IROs,622,slt2_us_lt_total_net
2026-06,Total Latin America,5408,slt1_for_lt_total_net
2026-06,Total Latin America,2780,slt2_us_lt_total_net
2026-06,Total Other,9229,slt1_for_lt_total_net
2026-06,Total Other,3322,slt2_us_lt_total_net
2026-06,Total Regional Orgs.,142,slt1_for_lt_total_net
2026-06,Total Regional Orgs.,1605,slt2_us_lt_total_net
2026-06,Trinidad and Tobago,128,slt1_for_lt_total_net
2026-06,Trinidad and Tobago,-19,slt2_us_lt_total_net
2026-06,Turkey,-24,slt1_for_lt_total_net
2026-06,Turkey,-88,slt2_us_lt_total_net
2026-06,Ukraine,1774,slt1_for_lt_total_net
2026-06,Ukraine,72,slt2_us_lt_total_net
2026-06,United Arab Emirates,-5459,slt1_for_lt_total_net
2026-06,United Arab Emirates,771,slt2_us_lt_total_net
2026-06,United Kingdom,-21998,slt1_for_lt_total_net
2026-06,United Kingdom,8130,slt2_us_lt_total_net
2026-06,Uruguay,191,slt1_for_lt_total_net
2026-06,Uruguay,-84,slt2_us_lt_total_net
2026-06,Venezuela,114,slt1_for_lt_total_net
2026-06,Venezuela,20,slt2_us_lt_total_net
2026-07,All Countries,38620,slt1_for_lt_total_net
2026-07,All Countries,70468,slt2_us_lt_total_net
2026-07,Anguilla,-170,slt1_for_lt_total_net
2026-07,Argentina,671,slt1_for_lt_total_net
2026-07,Argentina,553,slt2_us_lt_total_net
2026-07,Aruba,64,slt1_for_lt_total_net
2026-07,Aruba,20,slt2_us_lt_total_net
2026-07,Australia,1773,slt1_for_lt_total_net
2026-07,Australia,1191,slt2_us_lt_total_net
2026-07,Austria,469,slt1_for_lt_total_net
2026-07,Austria,180,slt2_us_lt_total_net
2026-07,Bahamas,823,slt1_for_lt_total_net
2026-07,Bahamas,-13,slt2_us_lt_total_net
2026-07,Barbados,463,slt1_for_lt_total_net
2026-07,Barbados,6,slt2_us_lt_total_net
2026-07,Belgium,-7788,slt1_for_lt_total_net
2026-07,Belgium,275,slt2_us_lt_total_net
2026-07,Bermuda,3911,slt1_for_lt_total_net
2026-07,Bermuda,3147,slt2_us_lt_total_net
2026-07,Brazil,852,slt1_for_lt_total_net
2026-07,Brazil,1199,slt2_us_lt_total_net
2026-07,British Virgin Islands,-2507,slt1_for_lt_total_net
2026-07,British Virgin Islands,-271,slt2_us_lt_total_net
2026-07,Bulgaria,19,slt1_for_lt_total_net
2026-07,Bulgaria,127,slt2_us_lt_total_net
2026-07,Canada,-96159,slt1_for_lt_total_net
2026-07,Canada,-1078,slt2_us_lt_total_net
2026-07,Cayman Islands,3419,slt1_for_lt_total_net
2026-07,Cayman Islands,5501,slt2_us_lt_total_net
2026-07,Chile,905,slt1_for_lt_total_net
2026-07,Chile,-124,slt2_us_lt_total_net
2026-07,"China, Mainland",-8337,slt1_for_lt_total_net
2026-07,"China, Mainland",1602,slt2_us_lt_total_net
2026-07,Colombia,2411,slt1_for_lt_total_net
2026-07,Colombia,366,slt2_us_lt_total_net
2026-07,Costa Rica,294,slt1_for_lt_total_net
2026-07,Costa Rica,-97,slt2_us_lt_total_net
2026-07,Cuba,0,slt1_for_lt_total_net
2026-07,Cuba,0,slt2_us_lt_total_net
2026-07,Curacao,78,slt1_for_lt_total_net
2026-07,Curacao,1226,slt2_us_lt_total_net
2026-07,Cyprus,476,slt1_for_lt_total_net
2026-07,Cyprus,94,slt2_us_lt_total_net
2026-07,Czech Republic,711,slt1_for_lt_total_net
2026-07,Czech Republic,-114,slt2_us_lt_total_net
2026-07,Denmark,1204,slt1_for_lt_total_net
2026-07,Denmark,1352,slt2_us_lt_total_net
2026-07,Ecuador,20,slt1_for_lt_total_net
2026-07,Ecuador,17,slt2_us_lt_total_net
2026-07,Egypt,3,slt1_for_lt_total_net
2026-07,Egypt,-101,slt2_us_lt_total_net
2026-07,Finland,788,slt1_for_lt_total_net
2026-07,Finland,67,slt2_us_lt_total_net
2026-07,France,8897,slt1_for_lt_total_net
2026-07,France,4953,slt2_us_lt_total_net
2026-07,Germany,11082,slt1_for_lt_total_net
2026-07,Germany,9764,slt2_us_lt_total_net
2026-07,Grand Total,40616,slt1_for_lt_total_net
2026-07,Grand Total,68522,slt2_us_lt_total_net
2026-07,Greece,59,slt1_for_lt_total_net
2026-07,Greece,7,slt2_us_lt_total_net
2026-07,Guatemala,89,slt1_for_lt_total_net
2026-07,Guatemala,-52,slt2_us_lt_total_net
2026-07,Guernsey,-541,slt1_for_lt_total_net
2026-07,Guernsey,-880,slt2_us_lt_total_net
2026-07,Hong Kong,13803,slt1_for_lt_total_net
2026-07,Hong Kong,2422,slt2_us_lt_total_net
2026-07,Hungary,295,slt1_for_lt_total_net
2026-07,Hungary,105,slt2_us_lt_total_net
2026-07,India,14850,slt1_for_lt_total_net
2026-07,India,2308,slt2_us_lt_total_net
2026-07,Indonesia,-712,slt1_for_lt_total_net
2026-07,Indonesia,54,slt2_us_lt_total_net
2026-07,International,1849,slt1_for_lt_total_net
2026-07,International,-838,slt2_us_lt_total_net
2026-07,Ireland,34952,slt1_for_lt_total_net
2026-07,Ireland,3978,slt2_us_lt_total_net
2026-07,Israel,3624,slt1_for_lt_total_net
2026-07,Israel,557,slt2_us_lt_total_net
2026-07,Italy,-194,slt1_for_lt_total_net
2026-07,Italy,3156,slt2_us_lt_total_net
2026-07,Jamaica,46,slt1_for_lt_total_net
2026-07,Jamaica,20,slt2_us_lt_total_net
2026-07,Japan,-6454,slt1_for_lt_total_net
2026-07,Japan,20746,slt2_us_lt_total_net
2026-07,Jersey,-213,slt1_for_lt_total_net
2026-07,Jersey,-1301,slt2_us_lt_total_net
2026-07,Kazakhstan,-8,slt1_for_lt_total_net
2026-07,Kazakhstan,102,slt2_us_lt_total_net
2026-07,"Korea, South",443,slt1_for_lt_total_net
2026-07,"Korea, South",15562,slt2_us_lt_total_net
2026-07,Kuwait,483,slt1_for_lt_total_net
2026-07,Kuwait,1291,slt2_us_lt_total_net
2026-07,Lebanon,-9,slt1_for_lt_total_net
2026-07,Lebanon,-4,slt2_us_lt_total_net
2026-07,Liberia,-3,slt1_for_lt_total_net
2026-07,Liberia,-162,slt2_us_lt_total_net
2026-07,Luxembourg,21624,slt1_for_lt_total_net
2026-07,Luxembourg,2234,slt2_us_lt_total_net
2026-07,Malaysia,-11,slt1_for_lt_total_net
2026-07,Malaysia,7,slt2_us_lt_total_net
2026-07,Mauritius,63,slt1_for_lt_total_net
2026-07,Mauritius,-33,slt2_us_lt_total_net
2026-07,Memo: Euro Area,76262,slt1_for_lt_total_net
2026-07,Memo: Euro Area,23803,slt2_us_lt_total_net
2026-07,Memo: European Union,81074,slt1_for_lt_total_net
2026-07,Memo: European Union,25993,slt2_us_lt_total_net
2026-07,Mexico,1906,slt1_for_lt_total_net
2026-07,Mexico,-1064,slt2_us_lt_total_net
2026-07,Monaco,69,slt1_for_lt_total_net
2026-07,Monaco,-1,slt2_us_lt_total_net
2026-07,Morocco,254,slt1_for_lt_total_net
2026-07,Morocco,-22,slt2_us_lt_total_net
2026-07,Netherlands,3871,slt1_for_lt_total_net
2026-07,Netherlands,-3699,slt2_us_lt_total_net
2026-07,New Zealand,1796,slt1_for_lt_total_net
2026-07,New Zealand,554,slt2_us_lt_total_net
2026-07,Norway,10926,slt1_for_lt_total_net
2026-07,Norway,571,slt2_us_lt_total_net
2026-07,Of Which: Asset-Backed Securities,9643,slt1_for_lt_total_net
2026-07,Of Which: Asset-Backed Securities,3421,slt2_us_lt_total_net
2026-07,Of Which: Depository Institutions,-38,slt1_for_lt_total_net
2026-07,Of Which: Depository Institutions,713,slt2_us_lt_total_net
2026-07,Of Which: Foreign Non-Official,-3740,slt1_for_lt_total_net
2026-07,Of Which: Foreign Non-Official Asset-Backed Securities,10490,slt1_for_lt_total_net
2026-07,Of Which: Foreign Non-Official Depository Institutions,-31,slt1_for_lt_total_net
2026-07,Of Which: Foreign Non-Official Fund Shares,11136,slt1_for_lt_total_net
2026-07,Of Which: Foreign Non-Official Non-Financial Organizations,-2361,slt1_for_lt_total_net
2026-07,Of Which: Foreign Non-Official Other Financial Organizations,10732,slt1_for_lt_total_net
2026-07,Of Which: Foreign Non-Official State & Local General Government,-991,slt1_for_lt_total_net
2026-07,Of Which: Foreign Official,44356,slt1_for_lt_total_net
2026-07,Of Which: Foreign Official Asset-Backed Securities,-847,slt1_for_lt_total_net
2026-07,Of Which: Foreign Official Depository Institutions,-7,slt1_for_lt_total_net
2026-07,Of Which: Foreign Official Fund Shares,1152,slt1_for_lt_total_net
2026-07,Of Which: Foreign Official Non-Financial Organizations,14568,slt1_for_lt_total_net
2026-07,Of Which: Foreign Official Other Financial Organizations,7545,slt1_for_lt_total_net
2026-07,Of Which: Foreign Official State & Local General Government,104,slt1_for_lt_total_net
2026-07,Of Which: Fund Shares,12288,slt1_for_lt_total_net
2026-07,Of Which: Fund Shares,-1536,slt2_us_lt_total_net
2026-07,Of Which: Non-Financial Organizations,12207,slt1_for_lt_total_net
2026-07,Of Which: Non-Financial Organizations,19516,slt2_us_lt_total_net
2026-07,Of Which: Other Financial Organizations,18277,slt1_for_lt_total_net
2026-07,Of Which: Other Financial Organizations,48410,slt2_us_lt_total_net
2026-07,Of Which: State & Local General Government,-887,slt1_for_lt_total_net
2026-07,Pakistan,4,slt1_for_lt_total_net
2026-07,Pakistan,51,slt2_us_lt_total_net
2026-07,Panama,985,slt1_for_lt_total_net
2026-07,Panama,-190,slt2_us_lt_total_net
2026-07,Peru,2504,slt1_for_lt_total_net
2026-07,Peru,100,slt2_us_lt_total_net
2026-07,Philippines,-4762,slt1_for_lt_total_net
2026-07,Philippines,120,slt2_us_lt_total_net
2026-07,Poland,2227,slt1_for_lt_total_net
2026-07,Poland,369,slt2_us_lt_total_net
2026-07,Portugal,-19,slt1_for_lt_total_net
2026-07,Portugal,288,slt2_us_lt_total_net
2026-07,Romania,442,slt1_for_lt_total_net
2026-07,Romania,-265,slt2_us_lt_total_net
2026-07,Russia,7,slt1_for_lt_total_net
2026-07,Russia,-5,slt2_us_lt_total_net
2026-07,Saint Kitts and Nevis,286,slt1_for_lt_total_net
2026-07,Saudi Arabia,-7092,slt1_for_lt_total_net
2026-07,Serbia,-1,slt1_for_lt_total_net
2026-07,Serbia,17,slt2_us_lt_total_net
2026-07,Singapore,12689,slt1_for_lt_total_net
2026-07,Singapore,647,slt2_us_lt_total_net
2026-07,South Africa,-1371,slt1_for_lt_total_net
2026-07,South Africa,-685,slt2_us_lt_total_net
2026-07,Spain,2023,slt1_for_lt_total_net
2026-07,Spain,2337,slt2_us_lt_total_net
2026-07,Sweden,-67,slt1_for_lt_total_net
2026-07,Sweden,743,slt2_us_lt_total_net
2026-07,Switzerland,4459,slt1_for_lt_total_net
2026-07,Switzerland,321,slt2_us_lt_total_net
2026-07,Syria,0,slt1_for_lt_total_net
2026-07,Taiwan,5101,slt1_for_lt_total_net
2026-07,Taiwan,-7481,slt2_us_lt_total_net
2026-07,Thailand,820,slt1_for_lt_total_net
2026-07,Thailand,618,slt2_us_lt_total_net
2026-07,Total Africa,-816,slt1_for_lt_total_net
2026-07,Total Africa,-1231,slt2_us_lt_total_net
2026-07,Total Asia,21137,slt1_for_lt_total_net
2026-07,Total Asia,37663,slt2_us_lt_total_net
2026-07,Total Caribbean,7043,slt1_for_lt_total_net
2026-07,Total Caribbean,9628,slt2_us_lt_total_net
2026-07,Total Europe,91693,slt1_for_lt_total_net
2026-07,Total Europe,22794,slt2_us_lt_total_net
2026-07,Total IROs,1996,slt1_for_lt_total_net
2026-07,Total IROs,-1946,slt2_us_lt_total_net
2026-07,Total Latin America,11882,slt1_for_lt_total_net
2026-07,Total Latin America,827,slt2_us_lt_total_net
2026-07,Total Other,3845,slt1_for_lt_total_net
2026-07,Total Other,1865,slt2_us_lt_total_net
2026-07,Total Regional Orgs.,147,slt1_for_lt_total_net
2026-07,Total Regional Orgs.,-1108,slt2_us_lt_total_net
2026-07,Trinidad and Tobago,133,slt1_for_lt_total_net
2026-07,Trinidad and Tobago,197,slt2_us_lt_total_net
2026-07,Turkey,584,slt1_for_lt_total_net
2026-07,Turkey,223,slt2_us_lt_total_net
2026-07,Ukraine,1830,slt1_for_lt_total_net
2026-07,Ukraine,-139,slt2_us_lt_total_net
2026-07,United Arab Emirates,-3790,slt1_for_lt_total_net
2026-07,United Arab Emirates,-311,slt2_us_lt_total_net
2026-07,United Kingdom,-7700,slt1_for_lt_total_net
2026-07,United Kingdom,-2185,slt2_us_lt_total_net
2026-07,Uruguay,939,slt1_for_lt_total_net
2026-07,Uruguay,-86,slt2_us_lt_total_net
2026-07,Venezuela,68,slt1_for_lt_total_net
2026-07,Venezuela,0,slt2_us_lt_total_net
